species,stateProvince,eventDate,year,month,day,decimalLatitude,decimalLongitude,references,PIST,STAM,
Tripsacum dactyloides,Texas,2013-05-26 9:06:35,2013,5,26,30.304608,-97.913146,https://www.inaturalist.org/observations/278873,1,1,
Tripsacum dactyloides,Texas,2026-01-02 10:45:55,2026,1,2,29.565844,-98.526422,https://www.inaturalist.org/observations/333234011,0,0,
Tripsacum dactyloides,Texas,2025-11-13 14:17:26,2025,11,13,32.844772,-96.703973,https://www.inaturalist.org/observations/326891889,0,0,
Tripsacum dactyloides,Texas,2025-11-22 11:25:53,2025,11,22,32.237667,-99.881967,https://www.inaturalist.org/observations/327732557,0,0,
Tripsacum dactyloides,Texas,2025-11-29 12:06:49,2025,11,29,32.851994,-97.477233,https://www.inaturalist.org/observations/331461367,1,0,
Tripsacum dactyloides,Texas,2025-12-26 10:03:33,2025,12,26,29.563714,-98.518636,https://www.inaturalist.org/observations/332161169,0,0,
Tripsacum dactyloides,Texas,2025-12-20 10:16:20,2025,12,20,30.414337,-96.1036,https://www.inaturalist.org/observations/331481589,0,0,
Tripsacum dactyloides,Texas,2025-11-28 9:34,2025,11,28,33.032117,-97.068183,https://www.inaturalist.org/observations/328635192,0,0,
Tripsacum dactyloides,Texas,2025-12-27 16:26:58,2025,12,27,29.305889,-98.577007,https://www.inaturalist.org/observations/332393560,1,1,
Tripsacum dactyloides,Texas,2025-07-12 10:19:29,2025,7,12,30.094978,-97.886159,https://www.inaturalist.org/observations/297325813,0,0,
Tripsacum dactyloides,Texas,2025-12-10 9:17:39,2025,12,10,29.861315,-95.16056,https://www.inaturalist.org/observations/330235689,0,0,
Tripsacum dactyloides,Texas,2025-12-13 15:16:36,2025,12,13,29.548025,-98.550935,https://www.inaturalist.org/observations/330627197,0,0,
Tripsacum dactyloides,Texas,2025-12-08 13:03:29,2025,12,8,30.052345,-99.450905,https://www.inaturalist.org/observations/330013284,0,1,
Tripsacum dactyloides,Texas,2025-06-06 18:46:04,2025,6,6,30.649874,-99.100457,https://www.inaturalist.org/observations/294695176,0,1,
Tripsacum dactyloides,Texas,2025-09-11 9:18:10,2025,9,11,29.514197,-99.695328,https://www.inaturalist.org/observations/314215472,0,0,
Tripsacum dactyloides,Texas,2025-07-03 8:37:38,2025,7,3,33.054921,-96.66966,https://www.inaturalist.org/observations/294840555,0,0,
Tripsacum dactyloides,Texas,2025-07-03 8:33:06,2025,7,3,29.927222,-98.648481,https://www.inaturalist.org/observations/294894399,1,1,
Tripsacum dactyloides,Texas,2025-09-11 9:18:57,2025,9,11,29.514213,-99.695328,https://www.inaturalist.org/observations/314215919,1,1,
Tripsacum dactyloides,Texas,2025-11-24 10:44:15,2025,11,24,30.1841,-97.727844,https://www.inaturalist.org/observations/328070260,0,0,
Tripsacum dactyloides,Texas,2025-11-22 9:18,2025,11,22,30.659622,-97.394569,https://www.inaturalist.org/observations/327736412,0,0,
Tripsacum dactyloides,Texas,2025-09-06 9:27,2025,9,6,29.92726,-95.923065,https://www.inaturalist.org/observations/312205582,1,1,
Tripsacum dactyloides,Texas,2025-11-22 10:02:59,2025,11,22,29.567612,-98.300478,https://www.inaturalist.org/observations/327682120,0,0,
Tripsacum dactyloides,Texas,2025-11-15 17:11:31,2025,11,15,29.669956,-95.108273,https://www.inaturalist.org/observations/326718372,0,0,
Tripsacum dactyloides,Texas,2025-10-18 12:09:17,2025,10,18,31.524963,-94.719423,https://www.inaturalist.org/observations/321647057,0,0,
Tripsacum dactyloides,Texas,2025-11-09 11:11:42,2025,11,9,29.860565,-98.482855,https://www.inaturalist.org/observations/327363221,0,0,
Tripsacum dactyloides,Texas,2025-11-18 14:56:36,2025,11,18,29.584249,-99.730034,https://www.inaturalist.org/observations/327158743,1,0,
Tripsacum dactyloides,Texas,2025-11-18 16:28:45,2025,11,18,29.58083,-99.730598,https://www.inaturalist.org/observations/327171122,1,1,
Tripsacum dactyloides,Texas,2025-04-26 13:54:03,2025,4,26,29.468504,-98.705794,https://www.inaturalist.org/observations/274112603,1,1,
Tripsacum dactyloides,Texas,2025-09-15 11:49:21,2025,9,15,29.894011,-97.945483,https://www.inaturalist.org/observations/314146660,0,0,
Tripsacum dactyloides,Texas,2025-11-03 14:35:06,2025,11,3,29.670262,-95.106225,https://www.inaturalist.org/observations/324789513,0,1,
Tripsacum dactyloides,Texas,2025-11-01 10:56:27,2025,11,1,29.817576,-99.577067,https://www.inaturalist.org/observations/324964513,0,0,
Tripsacum dactyloides,Texas,2025-10-22 11:00:11,2025,10,22,29.523093,-95.801393,https://www.inaturalist.org/observations/322423806,0,0,
Tripsacum dactyloides,Texas,2025-10-18 11:59:24,2025,10,18,31.452033,-98.570314,https://www.inaturalist.org/observations/321971802,1,1,
Tripsacum dactyloides,Texas,2025-10-23 13:27:43,2025,10,23,33.837569,-95.888169,https://www.inaturalist.org/observations/322617052,0,0,
Tripsacum dactyloides,Texas,2025-10-23 9:32,2025,10,23,30.098063,-97.173413,https://www.inaturalist.org/observations/322636198,0,0,
Tripsacum dactyloides,Texas,2025-10-22 12:06,2025,10,22,33.031933,-97.068253,https://www.inaturalist.org/observations/322469102,1,0,
Tripsacum dactyloides,Texas,2025-10-25 10:09:12,2025,10,25,32.625783,-96.761996,https://www.inaturalist.org/observations/322979789,0,0,
Tripsacum dactyloides,Texas,2025-10-25 9:39:32,2025,10,25,32.624664,-96.760333,https://www.inaturalist.org/observations/322974032,0,0,
Tripsacum dactyloides,Texas,2025-10-25 10:21:18,2025,10,25,32.626429,-96.762427,https://www.inaturalist.org/observations/322982182,1,1,
Tripsacum dactyloides,Texas,2025-10-22 16:05:42,2025,10,22,29.705186,-95.402293,https://www.inaturalist.org/observations/322478819,0,0,
Tripsacum dactyloides,Texas,2025-10-24 9:11:50,2025,10,24,29.554245,-98.529075,https://www.inaturalist.org/observations/323536047,1,1,
Tripsacum dactyloides,Texas,2025-06-06 7:20:04,2025,6,6,30.284079,-97.781138,https://www.inaturalist.org/observations/293545914,1,1,
Tripsacum dactyloides,Texas,2025-06-30 8:43:42,2025,6,30,29.761555,-95.449128,https://www.inaturalist.org/observations/294065974,0,1,
Tripsacum dactyloides,Texas,2025-10-30 10:18:30,2025,10,30,29.721154,-98.127168,https://www.inaturalist.org/observations/323993330,1,1,
Tripsacum dactyloides,Texas,2025-10-27 9:45:38,2025,10,27,29.957753,-98.172692,https://www.inaturalist.org/observations/323512685,0,0,
Tripsacum dactyloides,Texas,2025-06-26 19:30:09,2025,6,26,33.056944,-96.670071,https://www.inaturalist.org/observations/293009402,0,1,
Tripsacum dactyloides,Texas,2025-06-04 9:26:23,2025,6,4,33.30967,-96.243187,https://www.inaturalist.org/observations/286799783,0,0,
Tripsacum dactyloides,Texas,2025-09-04 13:41,2025,9,4,33.651041,-95.735895,https://www.inaturalist.org/observations/321514677,1,1,
Tripsacum dactyloides,Texas,2024-03-30 10:00:31,2024,3,30,29.720616,-98.126062,https://www.inaturalist.org/observations/321481539,1,1,
Tripsacum dactyloides,Texas,2025-10-15 13:17:44,2025,10,15,30.566946,-96.211951,https://www.inaturalist.org/observations/321083349,0,0,
Tripsacum dactyloides,Texas,2025-10-16 9:17:05,2025,10,16,30.057759,-99.470718,https://www.inaturalist.org/observations/321230956,0,0,
Tripsacum dactyloides,Texas,2025-10-15 14:47:59,2025,10,15,30.566708,-96.21173,https://www.inaturalist.org/observations/321141262,0,0,
Tripsacum dactyloides,Texas,2025-10-17 10:44:57,2025,10,17,29.671388,-95.105739,https://www.inaturalist.org/observations/321427181,0,0,
Tripsacum dactyloides,Texas,2025-10-15 13:47:30,2025,10,15,30.565866,-96.213864,https://www.inaturalist.org/observations/321165449,0,0,
Tripsacum dactyloides,Texas,2025-10-15 13:46:04,2025,10,15,30.566625,-96.213861,https://www.inaturalist.org/observations/321123372,0,0,
Tripsacum dactyloides,Texas,2025-06-24 7:04:57,2025,6,24,30.090837,-98.42673,https://www.inaturalist.org/observations/292331284,1,1,
Tripsacum dactyloides,Texas,2025-05-04 16:52:47,2025,5,4,33.518372,-96.016997,https://www.inaturalist.org/observations/278557392,0,0,
Tripsacum dactyloides,Texas,2025-10-08 11:18:24,2025,10,8,30.600055,-103.919395,https://www.inaturalist.org/observations/319621534,1,1,
Tripsacum dactyloides,Texas,2025-10-07 23:52,2025,10,7,31.64338,-96.070982,https://www.inaturalist.org/observations/319670309,1,1,
Tripsacum dactyloides,Texas,2025-10-08 10:51,2025,10,8,31.643735,-96.071384,https://www.inaturalist.org/observations/319774377,1,1,
Tripsacum dactyloides,Texas,2025-10-08 10:59:22,2025,10,8,29.999711,-98.099285,https://www.inaturalist.org/observations/319584114,NA,NA,
Tripsacum dactyloides,Texas,2025-10-08 8:08:13,2025,10,8,30.238987,-98.632112,https://www.inaturalist.org/observations/319553140,NA,NA,
Tripsacum dactyloides,Texas,2025-10-04 2:05:06,2025,10,4,33.057164,-96.671901,https://www.inaturalist.org/observations/318573538,NA,NA,
Tripsacum dactyloides,Texas,2024-04-28 12:33:34,2024,4,28,29.552538,-98.528953,https://www.inaturalist.org/observations/211250522,NA,NA,
Tripsacum dactyloides,Texas,2025-10-02 8:50:56,2025,10,2,32.819122,-96.729697,https://www.inaturalist.org/observations/318270440,NA,NA,
Tripsacum dactyloides,Texas,2025-09-29 9:59:14,2025,9,29,29.460658,-98.493722,https://www.inaturalist.org/observations/317548274,NA,NA,
Tripsacum dactyloides,Texas,2024-04-29 11:23:43,2024,4,29,29.781013,-98.709918,https://www.inaturalist.org/observations/211660875,NA,NA,
Tripsacum dactyloides,Texas,2024-04-28 13:14:47,2024,4,28,29.554547,-98.52948,https://www.inaturalist.org/observations/211248593,NA,NA,
Tripsacum dactyloides,Texas,2024-04-29 11:30:28,2024,4,29,29.780258,-98.709674,https://www.inaturalist.org/observations/211665727,NA,NA,
Tripsacum dactyloides,Texas,2025-06-10 9:52:34,2025,6,10,29.926347,-95.924066,https://www.inaturalist.org/observations/311913827,NA,NA,
Tripsacum dactyloides,Texas,2025-09-27 12:20:07,2025,9,27,29.576616,-98.818949,https://www.inaturalist.org/observations/317133564,NA,NA,
Tripsacum dactyloides,Texas,2025-04-25 18:54:11,2025,4,25,29.554066,-98.529045,https://www.inaturalist.org/observations/273460759,NA,NA,
Tripsacum dactyloides,Texas,2025-09-27 11:49:44,2025,9,27,29.434166,-98.800382,https://www.inaturalist.org/observations/317607867,NA,NA,
Tripsacum dactyloides,Texas,2025-09-14 16:10:05,2025,9,14,33.017023,-95.470372,https://www.inaturalist.org/observations/315976776,NA,NA,
Tripsacum dactyloides,Texas,2025-09-27 19:07:48,2025,9,27,29.671262,-95.10869,https://www.inaturalist.org/observations/317124759,NA,NA,
Tripsacum dactyloides,Texas,2025-09-27 8:02:09,2025,9,27,30.788666,-99.016792,https://www.inaturalist.org/observations/317660977,NA,NA,
Tripsacum dactyloides,Texas,2025-09-16 16:01:24,2025,9,16,30.217033,-94.249612,https://www.inaturalist.org/observations/314505654,NA,NA,
Tripsacum dactyloides,Texas,2025-09-18 12:22:18,2025,9,18,33.03685,-96.66642,https://www.inaturalist.org/observations/314890123,NA,NA,
Tripsacum dactyloides,Texas,2025-09-04 14:55:41,2025,9,4,32.61684,-96.981996,https://www.inaturalist.org/observations/311567827,NA,NA,
Tripsacum dactyloides,Texas,2025-09-23 9:30:11,2025,9,23,30.205296,-99.089912,https://www.inaturalist.org/observations/316071930,NA,NA,
Tripsacum dactyloides,Texas,2025-06-14 11:19:36,2025,6,14,33.022675,-96.87087,https://www.inaturalist.org/observations/289564439,NA,NA,
Tripsacum dactyloides,Texas,2025-09-21 10:24:55,2025,9,21,30.310048,-98.244294,https://www.inaturalist.org/observations/315592766,NA,NA,
Tripsacum dactyloides,Texas,2025-06-07 10:07:35,2025,6,7,30.709255,-97.721162,https://www.inaturalist.org/observations/287593769,NA,NA,
Tripsacum dactyloides,Texas,2025-06-07 8:27:01,2025,6,7,29.640566,-98.625128,https://www.inaturalist.org/observations/287621487,NA,NA,
Tripsacum dactyloides,Texas,2023-02-12 11:11,2023,2,12,30.505842,-98.822328,https://www.inaturalist.org/observations/314046909,NA,NA,
Tripsacum dactyloides,Texas,2025-05-08 13:53:18,2025,5,8,33.273382,-96.299285,https://www.inaturalist.org/observations/279529559,NA,NA,
Tripsacum dactyloides,Texas,2025-09-14 8:50:56,2025,9,14,33.087053,-96.704155,https://www.inaturalist.org/observations/313865493,NA,NA,
Tripsacum dactyloides,Texas,2025-08-12 17:12:56,2025,8,12,30.23969,-97.702884,https://www.inaturalist.org/observations/305992748,NA,NA,
Tripsacum dactyloides,Texas,2025-06-13 14:31,2025,6,13,33.308661,-96.239743,https://www.inaturalist.org/observations/311729441,NA,NA,
Tripsacum dactyloides,Texas,2025-08-27 10:36,2025,8,27,29.779865,-98.709028,https://www.inaturalist.org/observations/309800478,NA,NA,
Tripsacum dactyloides,Texas,2025-08-24 10:40,2025,8,24,30.606628,-97.541572,https://www.inaturalist.org/observations/308832389,NA,NA,
Tripsacum dactyloides,Texas,2025-04-27 8:53:47,2025,4,27,29.556047,-98.448142,https://www.inaturalist.org/observations/274868236,NA,NA,
Tripsacum dactyloides,Texas,2025-08-22 18:16,2025,8,22,30.606784,-97.541676,https://www.inaturalist.org/observations/308331770,NA,NA,
Tripsacum dactyloides,Texas,2025-08-27 14:11:58,2025,8,27,30.055297,-99.471817,https://www.inaturalist.org/observations/311103996,NA,NA,
Tripsacum dactyloides,Texas,2025-05-24 9:54:37,2025,5,24,33.309051,-96.243612,https://www.inaturalist.org/observations/284750786,NA,NA,
Tripsacum dactyloides,Texas,2025-04-28 9:14:57,2025,4,28,29.554059,-98.529014,https://www.inaturalist.org/observations/275679307,NA,NA,
Tripsacum dactyloides,Texas,2025-05-26 18:47:47,2025,5,26,30.743887,-98.361572,https://www.inaturalist.org/observations/284710679,NA,NA,
Tripsacum dactyloides,Texas,2025-09-01 9:34:54,2025,9,1,29.959187,-99.243993,https://www.inaturalist.org/observations/310767765,NA,NA,
Tripsacum dactyloides,Texas,2025-08-08 7:39,2025,8,8,33.57803,-97.417535,https://www.inaturalist.org/observations/304798861,NA,NA,
Tripsacum dactyloides,Texas,2025-04-26 9:51:55,2025,4,26,29.956704,-98.481817,https://www.inaturalist.org/observations/274305861,NA,NA,
Tripsacum dactyloides,Texas,2025-04-25 9:21:20,2025,4,25,29.722017,-98.125713,https://www.inaturalist.org/observations/273129849,NA,NA,
Tripsacum dactyloides,Texas,2023-04-19 12:10:45,2023,4,19,33.106445,-96.93581,https://www.inaturalist.org/observations/306352593,NA,NA,
Tripsacum dactyloides,Texas,2025-08-17 11:19:49,2025,8,17,29.523675,-95.801055,https://www.inaturalist.org/observations/307100691,NA,NA,
Tripsacum dactyloides,Texas,2025-08-15 19:12:48,2025,8,15,32.852225,-97.199235,https://www.inaturalist.org/observations/306619630,NA,NA,
Tripsacum dactyloides,Texas,2025-05-26 10:49:09,2025,5,26,29.973825,-96.402016,https://www.inaturalist.org/observations/284282225,NA,NA,
Tripsacum dactyloides,Texas,2025-08-09 14:55:06,2025,8,9,30.872737,-99.048042,https://www.inaturalist.org/observations/305049857,NA,NA,
Tripsacum dactyloides,Texas,2025-05-26 10:22:46,2025,5,26,30.28217,-97.781003,https://www.inaturalist.org/observations/284295815,NA,NA,
Tripsacum dactyloides,Texas,2025-08-14 13:18:38,2025,8,14,32.606678,-96.990082,https://www.inaturalist.org/observations/306310003,NA,NA,
Tripsacum dactyloides,Texas,2025-05-25 11:14:39,2025,5,25,30.870517,-99.0484,https://www.inaturalist.org/observations/283992063,NA,NA,
Tripsacum dactyloides,Texas,2025-04-26 9:58:45,2025,4,26,29.884123,-98.407345,https://www.inaturalist.org/observations/274307200,NA,NA,
Tripsacum dactyloides,Texas,2025-04-26 16:37:07,2025,4,26,29.815598,-99.572806,https://www.inaturalist.org/observations/274441598,NA,NA,
Tripsacum dactyloides,Texas,2023-04-11 12:14:38,2023,4,11,33.142006,-96.866484,https://www.inaturalist.org/observations/305841703,NA,NA,
Tripsacum dactyloides,Texas,2025-08-08 19:27,2025,8,8,33.274256,-96.29936,https://www.inaturalist.org/observations/304872700,NA,NA,
Tripsacum dactyloides,Texas,2025-04-26 9:50:44,2025,4,26,29.930067,-98.47681,https://www.inaturalist.org/observations/274194208,NA,NA,
Tripsacum dactyloides,Texas,2025-05-23 18:34:37,2025,5,23,32.753638,-96.849086,https://www.inaturalist.org/observations/283498443,NA,NA,
Tripsacum dactyloides,Texas,2025-05-22 13:48:43,2025,5,22,31.06895,-98.176129,https://www.inaturalist.org/observations/283200803,NA,NA,
Tripsacum dactyloides,Texas,2024-04-06 9:53:19,2024,4,6,33.310778,-96.243287,https://www.inaturalist.org/observations/205718945,NA,NA,
Tripsacum dactyloides,Texas,2025-05-24 11:14:28,2025,5,24,33.086762,-96.704881,https://www.inaturalist.org/observations/283664922,NA,NA,
Tripsacum dactyloides,Texas,2025-05-25 8:35:14,2025,5,25,30.312947,-97.726128,https://www.inaturalist.org/observations/283939397,NA,NA,
Tripsacum dactyloides,Texas,2025-07-21 15:34:21,2025,7,21,30.192156,-97.737426,https://www.inaturalist.org/observations/299941835,NA,NA,
Tripsacum dactyloides,Texas,2024-04-27 9:11:45,2024,4,27,32.891025,-96.75188,https://www.inaturalist.org/observations/210427985,NA,NA,
Tripsacum dactyloides,Texas,2025-04-25 19:05:28,2025,4,25,29.837332,-98.722949,https://www.inaturalist.org/observations/274120984,NA,NA,
Tripsacum dactyloides,Texas,2025-07-24 10:25:43,2025,7,24,33.141639,-96.844003,https://www.inaturalist.org/observations/300701768,NA,NA,
Tripsacum dactyloides,Texas,2025-08-01 20:30:46,2025,8,1,32.211108,-98.242163,https://www.inaturalist.org/observations/303337508,NA,NA,
Tripsacum dactyloides,Texas,2025-05-24 11:42:01,2025,5,24,33.161017,-96.618347,https://www.inaturalist.org/observations/283706973,NA,NA,
Tripsacum dactyloides,Texas,2025-07-26 13:01:01,2025,7,26,30.416258,-96.112914,https://www.inaturalist.org/observations/301311601,NA,NA,
Tripsacum dactyloides,Texas,2025-07-23 8:27:55,2025,7,23,30.000201,-98.097636,https://www.inaturalist.org/observations/300390922,NA,NA,
Tripsacum dactyloides,Texas,2025-05-22 13:49:18,2025,5,22,31.06895,-98.176129,https://www.inaturalist.org/observations/283419071,NA,NA,
Tripsacum dactyloides,Texas,2025-07-23 19:07:19,2025,7,23,30.586601,-97.849663,https://www.inaturalist.org/observations/300556241,NA,NA,
Tripsacum dactyloides,Texas,2025-05-24 10:32:35,2025,5,24,32.638028,-96.958664,https://www.inaturalist.org/observations/283653689,NA,NA,
Tripsacum dactyloides,Texas,2025-07-20 16:21,2025,7,20,30.184194,-97.727555,https://www.inaturalist.org/observations/300306888,NA,NA,
Tripsacum dactyloides,Texas,2025-05-24 10:26:05,2025,5,24,32.646211,-96.97175,https://www.inaturalist.org/observations/283651388,NA,NA,
Tripsacum dactyloides,Texas,2025-07-04 11:14:40,2025,7,4,31.60315,-94.62207,https://www.inaturalist.org/observations/295228870,NA,NA,
Tripsacum dactyloides,Texas,2025-07-10 8:15,2025,7,10,29.783233,-98.709958,https://www.inaturalist.org/observations/296760417,NA,NA,
Tripsacum dactyloides,Texas,2025-07-27 18:55:36,2025,7,27,30.32987,-97.734438,https://www.inaturalist.org/observations/301686634,NA,NA,
Tripsacum dactyloides,Texas,2025-04-25 13:55:25,2025,4,25,29.553606,-98.528885,https://www.inaturalist.org/observations/273294259,NA,NA,
Tripsacum dactyloides,Texas,2025-07-25 9:49:46,2025,7,25,29.983074,-98.098157,https://www.inaturalist.org/observations/301053291,NA,NA,
Tripsacum dactyloides,Texas,2025-07-22 16:31:42,2025,7,22,30.87279,-99.048061,https://www.inaturalist.org/observations/300238976,NA,NA,
Tripsacum dactyloides,Texas,2025-05-22 15:41:22,2025,5,22,30.447647,-99.808701,https://www.inaturalist.org/observations/283225294,NA,NA,
Tripsacum dactyloides,Texas,2025-07-23 9:04:53,2025,7,23,29.723727,-95.28636,https://www.inaturalist.org/observations/300398700,NA,NA,
Tripsacum dactyloides,Texas,2025-05-12 9:40:38,2025,5,12,32.240179,-99.8818,https://www.inaturalist.org/observations/280544523,NA,NA,
Tripsacum dactyloides,Texas,2025-07-29 18:55:09,2025,7,29,32.614693,-96.969367,https://www.inaturalist.org/observations/302231831,NA,NA,
Tripsacum dactyloides,Texas,2025-07-31 9:53:43,2025,7,31,30.250631,-97.71652,https://www.inaturalist.org/observations/302618992,NA,NA,
Tripsacum dactyloides,Texas,2025-05-24 10:55,2025,5,24,30.349016,-97.742251,https://www.inaturalist.org/observations/283829713,NA,NA,
Tripsacum dactyloides,Texas,2025-07-25 9:27:41,2025,7,25,29.957212,-98.172478,https://www.inaturalist.org/observations/302623118,NA,NA,
Tripsacum dactyloides,Texas,2025-07-07 10:49:03,2025,7,7,29.694338,-98.344528,https://www.inaturalist.org/observations/296335714,NA,NA,
Tripsacum dactyloides,Texas,2025-04-25 9:51:05,2025,4,25,29.640813,-98.625708,https://www.inaturalist.org/observations/273299858,NA,NA,
Tripsacum dactyloides,Texas,2025-07-30 17:24:26,2025,7,30,29.575613,-98.611229,https://www.inaturalist.org/observations/302469023,NA,NA,
Tripsacum dactyloides,Texas,2025-05-18 10:03:08,2025,5,18,30.335472,-97.890748,https://www.inaturalist.org/observations/282139669,NA,NA,
Tripsacum dactyloides,Texas,2025-05-19 17:06:36,2025,5,19,29.78275,-98.709906,https://www.inaturalist.org/observations/282651788,NA,NA,
Tripsacum dactyloides,Texas,2025-05-18 8:02,2025,5,18,29.655142,-94.548621,https://www.inaturalist.org/observations/282621232,NA,NA,
Tripsacum dactyloides,Texas,2025-05-18 17:14:12,2025,5,18,29.987737,-99.418444,https://www.inaturalist.org/observations/282217528,NA,NA,
Tripsacum dactyloides,Texas,2025-05-20 9:52:57,2025,5,20,33.062028,-96.980362,https://www.inaturalist.org/observations/282767994,NA,NA,
Tripsacum dactyloides,Texas,2025-07-24 19:52:31,2025,7,24,30.109536,-97.28514,https://www.inaturalist.org/observations/300816833,NA,NA,
Tripsacum dactyloides,Texas,2025-07-10 9:43:49,2025,7,10,32.70713,-96.707087,https://www.inaturalist.org/observations/300963865,NA,NA,
Tripsacum dactyloides,Texas,2025-07-26 17:45,2025,7,26,29.556369,-97.683211,https://www.inaturalist.org/observations/301638245,NA,NA,
Tripsacum dactyloides,Texas,2025-05-05 9:48,2025,5,5,31.535255,-96.503492,https://www.inaturalist.org/observations/282100435,NA,NA,
Tripsacum dactyloides,Texas,2025-05-18 8:40,2025,5,18,29.659547,-94.539509,https://www.inaturalist.org/observations/282621631,NA,NA,
Tripsacum dactyloides,Texas,2025-05-21 8:52:56,2025,5,21,29.59695,-98.422326,https://www.inaturalist.org/observations/282909462,NA,NA,
Tripsacum dactyloides,Texas,2025-05-01 9:52:45,2025,5,1,30.04751,-98.917802,https://www.inaturalist.org/observations/281936209,NA,NA,
Tripsacum dactyloides,Texas,2025-07-20 8:55,2025,7,20,29.523671,-95.801028,https://www.inaturalist.org/observations/299671799,NA,NA,
Tripsacum dactyloides,Texas,2025-05-17 7:57:19,2025,5,17,29.588762,-95.15149,https://www.inaturalist.org/observations/281743852,NA,NA,
Tripsacum dactyloides,Texas,2024-04-13 10:28:16,2024,4,13,29.554601,-98.529493,https://www.inaturalist.org/observations/206968750,NA,NA,
Tripsacum dactyloides,Texas,2025-05-07 13:07:18,2025,5,7,29.606783,-98.63692,https://www.inaturalist.org/observations/279296743,NA,NA,
Tripsacum dactyloides,Texas,2025-05-10 17:13:20,2025,5,10,30.371545,-97.784858,https://www.inaturalist.org/observations/280122439,NA,NA,
Tripsacum dactyloides,Texas,2025-05-08 9:49:53,2025,5,8,29.720285,-98.127177,https://www.inaturalist.org/observations/279500138,NA,NA,
Tripsacum dactyloides,Texas,2025-05-11 14:45:51,2025,5,11,30.87277,-99.048028,https://www.inaturalist.org/observations/280333206,NA,NA,
Tripsacum dactyloides,Texas,2025-07-17 9:26,2025,7,17,29.523937,-95.800012,https://www.inaturalist.org/observations/298763686,NA,NA,
Tripsacum dactyloides,Texas,2025-05-12 9:32:44,2025,5,12,33.258143,-96.655787,https://www.inaturalist.org/observations/280534725,NA,NA,
Tripsacum dactyloides,Texas,2025-07-09 8:20:57,2025,7,9,32.703524,-96.705712,https://www.inaturalist.org/observations/296768151,NA,NA,
Tripsacum dactyloides,Texas,2025-05-06 14:05:23,2025,5,6,31.016273,-97.425166,https://www.inaturalist.org/observations/279065006,NA,NA,
Tripsacum dactyloides,Texas,2025-07-02 19:11:04,2025,7,2,30.101438,-98.820852,https://www.inaturalist.org/observations/294760913,NA,NA,
Tripsacum dactyloides,Texas,2025-05-14 9:20:05,2025,5,14,30.220174,-98.084107,https://www.inaturalist.org/observations/281166923,NA,NA,
Tripsacum dactyloides,Texas,5/10/25,2025,5,10,29.599012,-99.743931,https://www.inaturalist.org/observations/280692765,NA,NA,
Tripsacum dactyloides,Texas,2025-05-05 12:42:09,2025,5,5,32.235867,-95.438057,https://www.inaturalist.org/observations/278784808,NA,NA,
Tripsacum dactyloides,Texas,2025-04-25 19:31:22,2025,4,25,29.554327,-98.529158,https://www.inaturalist.org/observations/273479016,NA,NA,
Tripsacum dactyloides,Texas,2025-04-25 19:30:38,2025,4,25,29.554272,-98.529115,https://www.inaturalist.org/observations/273478644,NA,NA,
Tripsacum dactyloides,Texas,2025-05-05 11:38,2025,5,5,30.24506,-97.717462,https://www.inaturalist.org/observations/278846760,NA,NA,
Tripsacum dactyloides,Texas,2025-05-08 9:55:29,2025,5,8,29.721226,-98.126132,https://www.inaturalist.org/observations/279474994,NA,NA,
Tripsacum dactyloides,Texas,2025-07-20 11:12,2025,7,20,30.606644,-97.541411,https://www.inaturalist.org/observations/299639217,NA,NA,
Tripsacum dactyloides,Texas,2025-06-24 14:49:55,2025,6,24,33.418943,-97.052458,https://www.inaturalist.org/observations/298482528,NA,NA,
Tripsacum dactyloides,Texas,2025-07-18 19:59:56,2025,7,18,29.580936,-95.416904,https://www.inaturalist.org/observations/299068626,NA,NA,
Tripsacum dactyloides,Texas,2025-05-04 12:36:52,2025,5,4,29.766463,-95.431717,https://www.inaturalist.org/observations/278509975,NA,NA,
Tripsacum dactyloides,Texas,2025-04-30 10:47:54,2025,4,30,29.762295,-95.449945,https://www.inaturalist.org/observations/281688030,NA,NA,
Tripsacum dactyloides,Texas,2025-07-14 12:28,2025,7,14,30.023323,-95.294711,https://www.inaturalist.org/observations/298057438,NA,NA,
Tripsacum dactyloides,Texas,2025-05-17 8:12:50,2025,5,17,33.048363,-96.846423,https://www.inaturalist.org/observations/281748949,NA,NA,
Tripsacum dactyloides,Texas,2025-07-12 15:05:08,2025,7,12,32.973302,-97.351579,https://www.inaturalist.org/observations/297415393,NA,NA,
Tripsacum dactyloides,Texas,2025-05-11 11:11:41,2025,5,11,33.051637,-96.858186,https://www.inaturalist.org/observations/280266417,NA,NA,
Tripsacum dactyloides,Texas,2025-05-10 10:27:23,2025,5,10,33.274156,-96.296503,https://www.inaturalist.org/observations/279980737,NA,NA,
Tripsacum dactyloides,Texas,2025-05-07 13:12:37,2025,5,7,31.543997,-100.514784,https://www.inaturalist.org/observations/279279722,NA,NA,
Tripsacum dactyloides,Texas,2025-05-08 18:58:32,2025,5,8,29.430054,-98.355133,https://www.inaturalist.org/observations/279617058,NA,NA,
Tripsacum dactyloides,Texas,2025-05-06 16:14:57,2025,5,6,32.753617,-96.849081,https://www.inaturalist.org/observations/279068011,NA,NA,
Tripsacum dactyloides,Texas,2025-05-04 12:13:57,2025,5,4,29.85934,-98.484572,https://www.inaturalist.org/observations/278510752,NA,NA,
Tripsacum dactyloides,Texas,2025-07-09 8:18:27,2025,7,9,32.703503,-96.705914,https://www.inaturalist.org/observations/296494425,NA,NA,
Tripsacum dactyloides,Texas,2025-07-21 15:35:17,2025,7,21,30.192156,-97.737426,https://www.inaturalist.org/observations/299941986,NA,NA,
Tripsacum dactyloides,Texas,2025-05-11 18:12:10,2025,5,11,29.554197,-98.529,https://www.inaturalist.org/observations/280538515,NA,NA,
Tripsacum dactyloides,Texas,2025-05-10 10:11,2025,5,10,33.273763,-96.296255,https://www.inaturalist.org/observations/280587664,NA,NA,
Tripsacum dactyloides,Texas,2025-05-10 10:04:43,2025,5,10,33.27342,-96.295935,https://www.inaturalist.org/observations/279980050,NA,NA,
Tripsacum dactyloides,Texas,2025-05-07 8:52:28,2025,5,7,29.85513,-97.697468,https://www.inaturalist.org/observations/279224092,NA,NA,
Tripsacum dactyloides,Texas,2025-05-04 11:42:38,2025,5,4,30.251097,-97.734987,https://www.inaturalist.org/observations/278632427,NA,NA,
Tripsacum dactyloides,Texas,2022-09-29 10:09:03,2022,9,29,29.311372,-98.500213,https://www.inaturalist.org/observations/136976949,NA,NA,
Tripsacum dactyloides,Texas,2025-05-06 16:14:43,2025,5,6,32.753622,-96.849103,https://www.inaturalist.org/observations/279067724,NA,NA,
Tripsacum dactyloides,Texas,2025-07-10 8:18:16,2025,7,10,32.703435,-96.705876,https://www.inaturalist.org/observations/296769140,NA,NA,
Tripsacum dactyloides,Texas,2025-06-30 10:23:20,2025,6,30,33.052978,-96.857933,https://www.inaturalist.org/observations/294094218,NA,NA,
Tripsacum dactyloides,Texas,2025-06-25 19:24:53,2025,6,25,31.627641,-94.643176,https://www.inaturalist.org/observations/292755181,NA,NA,
Tripsacum dactyloides,Texas,2025-04-25 16:08:03,2025,4,25,29.553588,-98.52883,https://www.inaturalist.org/observations/273492354,NA,NA,
Tripsacum dactyloides,Texas,2025-07-05 13:48:24,2025,7,5,31.31487,-95.30168,https://www.inaturalist.org/observations/295711887,NA,NA,
Tripsacum dactyloides,Texas,2025-05-03 11:49:54,2025,5,3,33.652447,-95.728788,https://www.inaturalist.org/observations/278100521,NA,NA,
Tripsacum dactyloides,Texas,2025-04-28 16:44,2025,4,28,29.572689,-94.39129,https://www.inaturalist.org/observations/278463231,NA,NA,
Tripsacum dactyloides,Texas,2025-06-22 10:11:33,2025,6,22,33.047865,-96.850839,https://www.inaturalist.org/observations/291801925,NA,NA,
Tripsacum dactyloides,Texas,2025-05-03 16:53:34,2025,5,3,32.880044,-96.529092,https://www.inaturalist.org/observations/278194242,NA,NA,
Tripsacum dactyloides,Texas,2025-04-25 18:53:22,2025,4,25,29.554558,-98.529503,https://www.inaturalist.org/observations/273485996,NA,NA,
Tripsacum dactyloides,Texas,2025-05-04 10:55:05,2025,5,4,33.308771,-96.236823,https://www.inaturalist.org/observations/278434935,NA,NA,
Tripsacum dactyloides,Texas,2025-07-03 19:55,2025,7,3,32.703345,-96.705686,https://www.inaturalist.org/observations/295238600,NA,NA,
Tripsacum dactyloides,Texas,2025-07-02 10:02:28,2025,7,2,30.257928,-97.753045,https://www.inaturalist.org/observations/295842689,NA,NA,
Tripsacum dactyloides,Texas,2025-04-25 9:53:55,2025,4,25,32.753943,-96.849432,https://www.inaturalist.org/observations/273141904,NA,NA,
Tripsacum dactyloides,Texas,2025-04-27 16:40,2025,4,27,29.581287,-95.416509,https://www.inaturalist.org/observations/278187919,NA,NA,
Tripsacum dactyloides,Texas,2025-05-03 12:56,2025,5,3,33.056203,-96.672807,https://www.inaturalist.org/observations/278297858,NA,NA,
Tripsacum dactyloides,Texas,2025-05-04 9:05:54,2025,5,4,33.309081,-96.242234,https://www.inaturalist.org/observations/278397767,NA,NA,
Tripsacum dactyloides,Texas,2025-05-21 16:24:08,2025,5,21,32.891627,-96.751648,https://www.inaturalist.org/observations/282989260,NA,NA,
Tripsacum dactyloides,Texas,2025-05-01 9:35,2025,5,1,29.523839,-95.800103,https://www.inaturalist.org/observations/278165706,NA,NA,
Tripsacum dactyloides,Texas,2025-05-24 9:54:48,2025,5,24,33.308853,-96.24363,https://www.inaturalist.org/observations/295587740,NA,NA,
Tripsacum dactyloides,Texas,2025-04-25 19:17:04,2025,4,25,29.553019,-98.529076,https://www.inaturalist.org/observations/273471366,NA,NA,
Tripsacum dactyloides,Texas,2025-06-29 11:35:30,2025,6,29,32.702618,-96.704341,https://www.inaturalist.org/observations/293781588,NA,NA,
Tripsacum dactyloides,Texas,2025-05-04 10:52:48,2025,5,4,30.284253,-97.781145,https://www.inaturalist.org/observations/278488978,NA,NA,
Tripsacum dactyloides,Texas,2025-04-25 19:16:28,2025,4,25,29.553563,-98.529236,https://www.inaturalist.org/observations/273471330,NA,NA,
Tripsacum dactyloides,Texas,2025-04-30 16:02:46,2025,4,30,32.892277,-96.74724,https://www.inaturalist.org/observations/277148314,NA,NA,
Tripsacum dactyloides,Texas,2025-05-03 8:27:27,2025,5,3,29.547856,-98.450028,https://www.inaturalist.org/observations/278034054,NA,NA,
Tripsacum dactyloides,Texas,2025-04-25 19:36:42,2025,4,25,29.554544,-98.529553,https://www.inaturalist.org/observations/273482179,NA,NA,
Tripsacum dactyloides,Texas,5/2/25,2025,5,2,30.092646,-98.422754,https://www.inaturalist.org/observations/277921683,NA,NA,
Tripsacum dactyloides,Texas,2025-06-22 9:56:35,2025,6,22,33.050081,-96.855095,https://www.inaturalist.org/observations/291843207,NA,NA,
Tripsacum dactyloides,Texas,2025-05-18 12:09:43,2025,5,18,33.2735,-96.296221,https://www.inaturalist.org/observations/292062744,NA,NA,
Tripsacum dactyloides,Texas,2025-06-18 11:02,2025,6,18,30.11884,-95.477122,https://www.inaturalist.org/observations/291198616,NA,NA,
Tripsacum dactyloides,Texas,2025-04-25 12:11:46,2025,4,25,29.735472,-96.31247,https://www.inaturalist.org/observations/276903004,NA,NA,
Tripsacum dactyloides,Texas,2025-04-26 19:26,2025,4,26,30.362463,-99.889655,https://www.inaturalist.org/observations/277542958,NA,NA,
Tripsacum dactyloides,Texas,2025-06-21 20:35:07,2025,6,21,30.296854,-97.935778,https://www.inaturalist.org/observations/291653489,NA,NA,
Tripsacum dactyloides,Texas,2025-06-19 9:03:44,2025,6,19,29.572387,-94.390715,https://www.inaturalist.org/observations/291052157,NA,NA,
Tripsacum dactyloides,Texas,2025-04-30 8:54:56,2025,4,30,29.767994,-95.458801,https://www.inaturalist.org/observations/277010474,NA,NA,
Tripsacum dactyloides,Texas,2025-06-17 20:12:42,2025,6,17,30.650603,-97.645478,https://www.inaturalist.org/observations/290642546,NA,NA,
Tripsacum dactyloides,Texas,2025-06-18 20:17:55,2025,6,18,29.590532,-98.579966,https://www.inaturalist.org/observations/290846029,NA,NA,
Tripsacum dactyloides,Texas,2025-06-21 7:47:33,2025,6,21,32.753722,-96.607996,https://www.inaturalist.org/observations/291455520,NA,NA,
Tripsacum dactyloides,Texas,2025-06-07 10:08:26,2025,6,7,30.697108,-97.826775,https://www.inaturalist.org/observations/288744014,NA,NA,
Tripsacum dactyloides,Texas,2025-06-20 7:55:54,2025,6,20,33.04747,-96.849725,https://www.inaturalist.org/observations/291234058,NA,NA,
Tripsacum dactyloides,Texas,2025-06-24 12:23:10,2025,6,24,32.252865,-97.818146,https://www.inaturalist.org/observations/292402640,NA,NA,
Tripsacum dactyloides,Texas,2025-04-30 19:29:18,2025,4,30,33.160532,-96.619059,https://www.inaturalist.org/observations/277202392,NA,NA,
Tripsacum dactyloides,Texas,2025-06-21 9:28:56,2025,6,21,33.912092,-98.512935,https://www.inaturalist.org/observations/291512718,NA,NA,
Tripsacum dactyloides,Texas,2025-06-19 16:58:54,2025,6,19,29.453655,-98.507346,https://www.inaturalist.org/observations/291077416,NA,NA,
Tripsacum dactyloides,Texas,2025-06-19 16:24:04,2025,6,19,30.179078,-97.73047,https://www.inaturalist.org/observations/291087738,NA,NA,
Tripsacum dactyloides,Texas,2025-05-01 17:51:32,2025,5,1,30.872763,-99.04818,https://www.inaturalist.org/observations/277571280,NA,NA,
Tripsacum dactyloides,Texas,2025-04-26 12:43,2025,4,26,29.859447,-95.159664,https://www.inaturalist.org/observations/277578242,NA,NA,
Tripsacum dactyloides,Texas,2025-05-01 9:28:33,2025,5,1,29.679039,-96.617542,https://www.inaturalist.org/observations/277744376,NA,NA,
Tripsacum dactyloides,Texas,2025-06-22 10:18:04,2025,6,22,33.050597,-96.848787,https://www.inaturalist.org/observations/291844382,NA,NA,
Tripsacum dactyloides,Texas,2025-04-19 15:25:24,2025,4,19,29.55358,-98.52887,https://www.inaturalist.org/observations/277053252,NA,NA,
Tripsacum dactyloides,Texas,2025-06-21 8:20:36,2025,6,21,33.050114,-96.855147,https://www.inaturalist.org/observations/291495623,NA,NA,
Tripsacum dactyloides,Texas,2025-06-18 9:29:09,2025,6,18,29.553908,-98.529067,https://www.inaturalist.org/observations/290674083,NA,NA,
Tripsacum dactyloides,Texas,2025-04-28 17:17:53,2025,4,28,32.86183,-96.726013,https://www.inaturalist.org/observations/276139072,NA,NA,
Tripsacum dactyloides,Texas,2025-06-21 19:22:24,2025,6,21,33.158808,-96.61505,https://www.inaturalist.org/observations/291639184,NA,NA,
Tripsacum dactyloides,Texas,2025-04-30 15:04:11,2025,4,30,30.239464,-97.703018,https://www.inaturalist.org/observations/277127193,NA,NA,
Tripsacum dactyloides,Texas,2025-05-01 9:39,2025,5,1,29.524702,-95.807586,https://www.inaturalist.org/observations/277467091,NA,NA,
Tripsacum dactyloides,Texas,2025-05-14 10:22,2025,5,14,29.779704,-99.432134,https://www.inaturalist.org/observations/281049349,NA,NA,
Tripsacum dactyloides,Texas,2025-04-30 8:45:22,2025,4,30,30.250977,-97.734833,https://www.inaturalist.org/observations/277007225,NA,NA,
Tripsacum dactyloides,Texas,2025-05-01 17:39:46,2025,5,1,33.310067,-96.243674,https://www.inaturalist.org/observations/277532621,NA,NA,
Tripsacum dactyloides,Texas,2025-04-27 12:17,2025,4,27,29.793757,-94.954348,https://www.inaturalist.org/observations/277439111,NA,NA,
Tripsacum dactyloides,Texas,2025-06-18 10:24:37,2025,6,18,32.765197,-97.694938,https://www.inaturalist.org/observations/290815602,NA,NA,
Tripsacum dactyloides,Texas,2025-06-14 11:52:49,2025,6,14,32.967561,-97.017326,https://www.inaturalist.org/observations/289713404,NA,NA,
Tripsacum dactyloides,Texas,2025-06-15 8:29:45,2025,6,15,32.759489,-97.139885,https://www.inaturalist.org/observations/289827546,NA,NA,
Tripsacum dactyloides,Texas,2025-06-04 9:24:23,2025,6,4,33.3097,-96.24318,https://www.inaturalist.org/observations/287514871,NA,NA,
Tripsacum dactyloides,Texas,2025-06-16 13:27:14,2025,6,16,30.497745,-98.818458,https://www.inaturalist.org/observations/290267363,NA,NA,
Tripsacum dactyloides,Texas,2025-04-23 19:39:29,2025,4,23,32.753889,-96.848505,https://www.inaturalist.org/observations/289599983,NA,NA,
Tripsacum dactyloides,Texas,2025-06-12 15:13:42,2025,6,12,32.892213,-96.74723,https://www.inaturalist.org/observations/289096040,NA,NA,
Tripsacum dactyloides,Texas,2025-06-01 16:13,2025,6,1,32.613717,-96.970089,https://www.inaturalist.org/observations/287455454,NA,NA,
Tripsacum dactyloides,Texas,2025-06-10 7:04:28,2025,6,10,32.758972,-97.139925,https://www.inaturalist.org/observations/288768336,NA,NA,
Tripsacum dactyloides,Texas,2017-05-25 13:57:23,2017,5,25,29.818508,-99.578409,https://www.inaturalist.org/observations/6364687,NA,NA,
Tripsacum dactyloides,Texas,2025-06-14 12:38:57,2025,6,14,29.663091,-95.75934,https://www.inaturalist.org/observations/289585248,NA,NA,
Tripsacum dactyloides,Texas,2025-04-29 19:09:37,2025,4,29,32.892258,-96.747895,https://www.inaturalist.org/observations/276823211,NA,NA,
Tripsacum dactyloides,Texas,2025-06-12 15:32:54,2025,6,12,32.892775,-96.747397,https://www.inaturalist.org/observations/289100346,NA,NA,
Tripsacum dactyloides,Texas,2025-04-24 14:52:20,2025,4,24,29.668767,-96.26217,https://www.inaturalist.org/observations/276423025,NA,NA,
Tripsacum dactyloides,Texas,2025-06-09 7:07:10,2025,6,9,30.062554,-99.468791,https://www.inaturalist.org/observations/288183228,NA,NA,
Tripsacum dactyloides,Texas,2025-04-29 16:43:57,2025,4,29,30.284292,-97.781112,https://www.inaturalist.org/observations/276782907,NA,NA,
Tripsacum dactyloides,Texas,2025-04-28 13:59:04,2025,4,28,33.085011,-96.703225,https://www.inaturalist.org/observations/276032581,NA,NA,
Tripsacum dactyloides,Texas,2025-04-26 17:24,2025,4,26,33.057699,-96.67129,https://www.inaturalist.org/observations/276226018,NA,NA,
Tripsacum dactyloides,Texas,2017-10-21 14:12:09,2017,10,21,29.280184,-103.330329,https://www.inaturalist.org/observations/8535935,NA,NA,
Tripsacum dactyloides,Texas,2017-05-04 14:25:38,2017,5,4,30.505577,-98.808721,https://www.inaturalist.org/observations/6096868,NA,NA,
Tripsacum dactyloides,Texas,2025-06-15 15:56:48,2025,6,15,30.474705,-97.98675,https://www.inaturalist.org/observations/289953239,NA,NA,
Tripsacum dactyloides,Texas,2025-06-10 9:49:47,2025,6,10,29.926019,-95.92373,https://www.inaturalist.org/observations/288477713,NA,NA,
Tripsacum dactyloides,Texas,2025-04-26 14:13:13,2025,4,26,33.000558,-96.740263,https://www.inaturalist.org/observations/276270875,NA,NA,
Tripsacum dactyloides,Texas,2025-06-07 9:52:53,2025,6,7,30.439533,-97.674544,https://www.inaturalist.org/observations/289320333,NA,NA,
Tripsacum dactyloides,Texas,2025-04-28 9:53:15,2025,4,28,33.258123,-96.655784,https://www.inaturalist.org/observations/276148049,NA,NA,
Tripsacum dactyloides,Texas,2025-06-08 19:24,2025,6,8,33.312341,-96.248434,https://www.inaturalist.org/observations/288895434,NA,NA,
Tripsacum dactyloides,Texas,2025-04-29 9:13,2025,4,29,30.331926,-98.25095,https://www.inaturalist.org/observations/276819306,NA,NA,
Tripsacum dactyloides,Texas,2017-12-29 14:57:47,2017,12,29,29.552358,-98.52953,https://www.inaturalist.org/observations/9298982,NA,NA,
Tripsacum dactyloides,Texas,2025-06-09 19:08:27,2025,6,9,30.06232,-99.17625,https://www.inaturalist.org/observations/288362320,NA,NA,
Tripsacum dactyloides,Texas,2025-06-07 10:51:51,2025,6,7,33.047895,-96.852395,https://www.inaturalist.org/observations/287606435,NA,NA,
Tripsacum dactyloides,Texas,2025-06-04 9:25:54,2025,6,4,33.309699,-96.243179,https://www.inaturalist.org/observations/286898697,NA,NA,
Tripsacum dactyloides,Texas,2025-06-06 7:17:42,2025,6,6,30.284013,-97.781105,https://www.inaturalist.org/observations/287365134,NA,NA,
Tripsacum dactyloides,Texas,2025-04-28 9:52:22,2025,4,28,33.258155,-96.655839,https://www.inaturalist.org/observations/275718763,NA,NA,
Tripsacum dactyloides,Texas,2025-06-04 9:28:27,2025,6,4,33.309703,-96.243172,https://www.inaturalist.org/observations/286911657,NA,NA,
Tripsacum dactyloides,Texas,2025-06-07 9:23:16,2025,6,7,30.498945,-98.817117,https://www.inaturalist.org/observations/287772061,NA,NA,
Tripsacum dactyloides,Texas,2025-06-04 9:30:26,2025,6,4,33.309703,-96.243217,https://www.inaturalist.org/observations/286907394,NA,NA,
Tripsacum dactyloides,Texas,2025-06-10 9:51:04,2025,6,10,29.926416,-95.923839,https://www.inaturalist.org/observations/288477823,NA,NA,
Tripsacum dactyloides,Texas,2025-06-08 11:32:05,2025,6,8,33.057369,-96.670177,https://www.inaturalist.org/observations/287934772,NA,NA,
Tripsacum dactyloides,Texas,2025-05-12 15:51,2025,5,12,30.434094,-99.798895,https://www.inaturalist.org/observations/288266933,NA,NA,
Tripsacum dactyloides,Texas,2025-04-27 17:32:39,2025,4,27,30.089803,-97.230263,https://www.inaturalist.org/observations/275637822,NA,NA,
Tripsacum dactyloides,Texas,2025-06-04 8:28:01,2025,6,4,29.580997,-95.416915,https://www.inaturalist.org/observations/286786883,NA,NA,
Tripsacum dactyloides,Texas,2025-06-07 10:08:51,2025,6,7,30.305957,-97.638762,https://www.inaturalist.org/observations/287621051,NA,NA,
Tripsacum dactyloides,Texas,2025-06-04 10:38:26,2025,6,4,33.311683,-96.246703,https://www.inaturalist.org/observations/286937176,NA,NA,
Tripsacum dactyloides,Texas,2025-06-02 11:09:01,2025,6,2,32.237922,-98.205628,https://www.inaturalist.org/observations/287313866,NA,NA,
Tripsacum dactyloides,Texas,2025-06-04 9:21:45,2025,6,4,33.309799,-96.243226,https://www.inaturalist.org/observations/286898678,NA,NA,
Tripsacum dactyloides,Texas,2025-06-08 19:29:30,2025,6,8,33.312419,-96.24789,https://www.inaturalist.org/observations/288297286,NA,NA,
Tripsacum dactyloides,Texas,2025-06-04 9:26:55,2025,6,4,33.309736,-96.243038,https://www.inaturalist.org/observations/286799422,NA,NA,
Tripsacum dactyloides,Texas,2025-06-04 9:23:40,2025,6,4,33.309711,-96.243101,https://www.inaturalist.org/observations/286798728,NA,NA,
Tripsacum dactyloides,Texas,2025-05-28 19:05:39,2025,5,28,29.186122,-99.794878,https://www.inaturalist.org/observations/284965613,NA,NA,
Tripsacum dactyloides,Texas,2025-05-10 12:05,2025,5,10,30.268894,-97.654442,https://www.inaturalist.org/observations/286426444,NA,NA,
Tripsacum dactyloides,Texas,2025-05-31 12:04:06,2025,5,31,32.841282,-96.77885,https://www.inaturalist.org/observations/285678654,NA,NA,
Tripsacum dactyloides,Texas,2025-06-01 9:25:45,2025,6,1,30.870533,-99.048378,https://www.inaturalist.org/observations/285997911,NA,NA,
Tripsacum dactyloides,Texas,2025-05-31 10:52:17,2025,5,31,31.462258,-96.858104,https://www.inaturalist.org/observations/285667836,NA,NA,
Tripsacum dactyloides,Texas,2025-04-26 16:44:47,2025,4,26,29.671739,-95.109071,https://www.inaturalist.org/observations/274343258,NA,NA,
Tripsacum dactyloides,Texas,2025-06-01 8:49:16,2025,6,1,29.861195,-95.158783,https://www.inaturalist.org/observations/286063722,NA,NA,
Tripsacum dactyloides,Texas,2025-04-25 19:54:55,2025,4,25,30.371205,-97.78512,https://www.inaturalist.org/observations/273645966,NA,NA,
Tripsacum dactyloides,Texas,2025-04-26 9:47,2025,4,26,33.060499,-96.970707,https://www.inaturalist.org/observations/274104277,NA,NA,
Tripsacum dactyloides,Texas,2025-05-29 10:20:37,2025,5,29,33.048789,-96.851837,https://www.inaturalist.org/observations/285108163,NA,NA,
Tripsacum dactyloides,Texas,2025-04-26 13:46:56,2025,4,26,33.161872,-96.620422,https://www.inaturalist.org/observations/274231722,NA,NA,
Tripsacum dactyloides,Texas,2025-04-26 9:53:08,2025,4,26,33.047252,-96.849552,https://www.inaturalist.org/observations/273865237,NA,NA,
Tripsacum dactyloides,Texas,2025-04-26 20:07:18,2025,4,26,32.893386,-96.748618,https://www.inaturalist.org/observations/274290116,NA,NA,
Tripsacum dactyloides,Texas,2025-04-26 9:52:16,2025,4,26,33.047451,-96.849725,https://www.inaturalist.org/observations/273899982,NA,NA,
Tripsacum dactyloides,Texas,2025-04-27 11:26:05,2025,4,27,29.572653,-94.390373,https://www.inaturalist.org/observations/274798486,NA,NA,
Tripsacum dactyloides,Texas,2025-04-26 10:45:55,2025,4,26,33.047294,-96.849706,https://www.inaturalist.org/observations/273984802,NA,NA,
Tripsacum dactyloides,Texas,2025-05-17 17:16,2025,5,17,30.240912,-98.606973,https://www.inaturalist.org/observations/285500001,NA,NA,
Tripsacum dactyloides,Texas,2025-05-27 8:26:40,2025,5,27,29.280087,-103.330262,https://www.inaturalist.org/observations/285129430,NA,NA,
Tripsacum dactyloides,Texas,2025-04-27 9:30,2025,4,27,30.769417,-96.02478,https://www.inaturalist.org/observations/274717639,NA,NA,
Tripsacum dactyloides,Texas,2025-04-26 20:07:39,2025,4,26,32.893497,-96.748894,https://www.inaturalist.org/observations/274290071,NA,NA,
Tripsacum dactyloides,Texas,4/25/25,2025,4,25,33.054684,-96.668877,https://www.inaturalist.org/observations/273494409,NA,NA,
Tripsacum dactyloides,Texas,2025-05-31 11:43,2025,5,31,32.863257,-96.725332,https://www.inaturalist.org/observations/285803163,NA,NA,
Tripsacum dactyloides,Texas,2025-05-31 9:40:03,2025,5,31,31.462425,-96.85817,https://www.inaturalist.org/observations/285696190,NA,NA,
Tripsacum dactyloides,Texas,2025-04-26 18:54:32,2025,4,26,33.055107,-96.670122,https://www.inaturalist.org/observations/274250064,NA,NA,
Tripsacum dactyloides,Texas,2025-06-03 7:17,2025,6,3,33.001494,-96.741607,https://www.inaturalist.org/observations/286543935,NA,NA,
Tripsacum dactyloides,Texas,2025-05-26 17:51:17,2025,5,26,33.555059,-101.86815,https://www.inaturalist.org/observations/284402203,NA,NA,
Tripsacum dactyloides,Texas,2025-06-01 18:02:56,2025,6,1,29.562012,-94.39036,https://www.inaturalist.org/observations/286120408,NA,NA,
Tripsacum dactyloides,Texas,2025-04-26 11:23:14,2025,4,26,33.048792,-96.851823,https://www.inaturalist.org/observations/273930872,NA,NA,
Tripsacum dactyloides,Texas,2025-04-25 12:56:26,2025,4,25,30.11035,-97.290116,https://www.inaturalist.org/observations/273499331,NA,NA,
Tripsacum dactyloides,Texas,2025-06-01 20:00:53,2025,6,1,33.109418,-97.112363,https://www.inaturalist.org/observations/286147675,NA,NA,
Tripsacum dactyloides,Texas,2025-04-26 19:13:31,2025,4,26,33.054692,-96.66883,https://www.inaturalist.org/observations/274716696,NA,NA,
Tripsacum dactyloides,Texas,2025-05-29 10:03:03,2025,5,29,33.047475,-96.849738,https://www.inaturalist.org/observations/285105082,NA,NA,
Tripsacum dactyloides,Texas,2025-04-26 9:47:38,2025,4,26,33.047391,-96.849714,https://www.inaturalist.org/observations/274117274,NA,NA,
Tripsacum dactyloides,Texas,2025-04-26 16:19:35,2025,4,26,29.67178,-95.10874,https://www.inaturalist.org/observations/274153148,NA,NA,
Tripsacum dactyloides,Texas,2025-05-31 10:56:10,2025,5,31,32.84148,-96.77845,https://www.inaturalist.org/observations/285657122,NA,NA,
Tripsacum dactyloides,Texas,2025-04-26 15:02:13,2025,4,26,29.560949,-94.390341,https://www.inaturalist.org/observations/274127791,NA,NA,
Tripsacum dactyloides,Texas,2025-04-27 10:03:55,2025,4,27,30.219322,-98.086916,https://www.inaturalist.org/observations/276185646,NA,NA,
Tripsacum dactyloides,Texas,2025-04-26 17:24:03,2025,4,26,33.029049,-96.670492,https://www.inaturalist.org/observations/274196440,NA,NA,
Tripsacum dactyloides,Texas,2025-05-31 10:34,2025,5,31,33.652436,-95.728966,https://www.inaturalist.org/observations/286070696,NA,NA,
Tripsacum dactyloides,Texas,2025-06-01 9:50,2025,6,1,29.273533,-103.334621,https://www.inaturalist.org/observations/286145419,NA,NA,
Tripsacum dactyloides,Texas,2025-05-31 12:20:20,2025,5,31,32.841442,-96.778587,https://www.inaturalist.org/observations/285818694,NA,NA,
Tripsacum dactyloides,Texas,2025-04-26 11:21:35,2025,4,26,33.048789,-96.851832,https://www.inaturalist.org/observations/273990203,NA,NA,
Tripsacum dactyloides,Texas,2025-06-01 12:33:28,2025,6,1,29.693619,-95.42804,https://www.inaturalist.org/observations/286025632,NA,NA,
Tripsacum dactyloides,Texas,2025-04-26 13:43:38,2025,4,26,33.161964,-96.62023,https://www.inaturalist.org/observations/274238330,NA,NA,
Tripsacum dactyloides,Texas,2025-04-26 19:12:10,2025,4,26,33.054709,-96.668912,https://www.inaturalist.org/observations/274348844,NA,NA,
Tripsacum dactyloides,Texas,2025-04-25 20:03:36,2025,4,25,33.05747,-96.670967,https://www.inaturalist.org/observations/274415898,NA,NA,
Tripsacum dactyloides,Texas,2025-04-26 14:21:05,2025,4,26,33.161895,-96.620408,https://www.inaturalist.org/observations/274223958,NA,NA,
Tripsacum dactyloides,Texas,2025-04-26 9:53:12,2025,4,26,33.047474,-96.849718,https://www.inaturalist.org/observations/273900132,NA,NA,
Tripsacum dactyloides,Texas,2025-05-24 10:24:39,2025,5,24,33.551904,-97.511832,https://www.inaturalist.org/observations/284683552,NA,NA,
Tripsacum dactyloides,Texas,2025-04-26 10:46:29,2025,4,26,33.047328,-96.849708,https://www.inaturalist.org/observations/273984877,NA,NA,
Tripsacum dactyloides,Texas,2025-04-26 13:30:39,2025,4,26,29.689023,-95.265761,https://www.inaturalist.org/observations/274105442,NA,NA,
Tripsacum dactyloides,Texas,2025-05-24 14:45:23,2025,5,24,30.804027,-95.533368,https://www.inaturalist.org/observations/283749873,NA,NA,
Tripsacum dactyloides,Texas,2025-05-27 11:56:03,2025,5,27,32.210755,-98.242042,https://www.inaturalist.org/observations/284592132,NA,NA,
Tripsacum dactyloides,Texas,2025-05-23 9:02:39,2025,5,23,33.056224,-96.672832,https://www.inaturalist.org/observations/283721991,NA,NA,
Tripsacum dactyloides,Texas,2025-05-23 9:02,2025,5,23,33.056224,-96.672832,https://www.inaturalist.org/observations/283721910,NA,NA,
Tripsacum dactyloides,Texas,2025-05-23 9:01:24,2025,5,23,33.056245,-96.672843,https://www.inaturalist.org/observations/283721823,NA,NA,
Tripsacum dactyloides,Texas,2025-05-24 13:14:05,2025,5,24,33.309033,-96.242233,https://www.inaturalist.org/observations/283823564,NA,NA,
Tripsacum dactyloides,Texas,2025-05-18 14:04:44,2025,5,18,30.709528,-97.323953,https://www.inaturalist.org/observations/282160024,NA,NA,
Tripsacum dactyloides,Texas,2025-05-21 13:24:17,2025,5,21,32.725302,-96.707596,https://www.inaturalist.org/observations/283053719,NA,NA,
Tripsacum dactyloides,Texas,2025-05-21 16:40,2025,5,21,30.820121,-99.223805,https://www.inaturalist.org/observations/282999175,NA,NA,
Tripsacum dactyloides,Texas,2025-05-18 11:59:51,2025,5,18,33.264589,-96.306206,https://www.inaturalist.org/observations/282523329,NA,NA,
Tripsacum dactyloides,Texas,2025-05-11 11:07,2025,5,11,33.052586,-96.858203,https://www.inaturalist.org/observations/280262895,NA,NA,
Tripsacum dactyloides,Texas,2025-05-04 10:17:16,2025,5,4,33.308567,-96.239953,https://www.inaturalist.org/observations/278531501,NA,NA,
Tripsacum dactyloides,Texas,2025-05-17 10:00:58,2025,5,17,29.817263,-99.576767,https://www.inaturalist.org/observations/282459700,NA,NA,
Tripsacum dactyloides,Texas,2025-04-25 9:54:52,2025,4,25,30.024065,-95.294391,https://www.inaturalist.org/observations/273225960,NA,NA,
Tripsacum dactyloides,Texas,2025-04-25 10:33:25,2025,4,25,29.815739,-95.537725,https://www.inaturalist.org/observations/273318184,NA,NA,
Tripsacum dactyloides,Texas,2025-04-25 9:46:14,2025,4,25,30.024143,-95.294509,https://www.inaturalist.org/observations/273225933,NA,NA,
Tripsacum dactyloides,Texas,2025-05-18 14:48:17,2025,5,18,33.05812,-96.679621,https://www.inaturalist.org/observations/282183479,NA,NA,
Tripsacum dactyloides,Texas,2025-05-18 9:54:52,2025,5,18,29.588782,-95.151497,https://www.inaturalist.org/observations/282081167,NA,NA,
Tripsacum dactyloides,Texas,2025-04-25 16:35:46,2025,4,25,30.247334,-97.723177,https://www.inaturalist.org/observations/273390983,NA,NA,
Tripsacum dactyloides,Texas,2025-05-04 10:30,2025,5,4,29.821136,-99.581795,https://www.inaturalist.org/observations/279688734,NA,NA,
Tripsacum dactyloides,Texas,2025-05-24 13:19,2025,5,24,33.301169,-96.243838,https://www.inaturalist.org/observations/284026724,NA,NA,
Tripsacum dactyloides,Texas,2025-05-18 18:20:03,2025,5,18,29.985818,-98.066237,https://www.inaturalist.org/observations/282234832,NA,NA,
Tripsacum dactyloides,Texas,2025-05-24 9:45:10,2025,5,24,33.309283,-96.243263,https://www.inaturalist.org/observations/283796981,NA,NA,
Tripsacum dactyloides,Texas,2025-05-23 18:34:51,2025,5,23,32.753628,-96.849099,https://www.inaturalist.org/observations/283498496,NA,NA,
Tripsacum dactyloides,Texas,2025-05-10 11:15:59,2025,5,10,33.311478,-96.246566,https://www.inaturalist.org/observations/279975267,NA,NA,
Tripsacum dactyloides,Texas,2025-05-18 14:56:39,2025,5,18,33.048672,-96.851463,https://www.inaturalist.org/observations/282235006,NA,NA,
Tripsacum dactyloides,Texas,2025-05-11 11:03:48,2025,5,11,33.052972,-96.857925,https://www.inaturalist.org/observations/280323132,NA,NA,
Tripsacum dactyloides,Texas,2025-05-04 9:01:38,2025,5,4,33.309092,-96.242237,https://www.inaturalist.org/observations/278574497,NA,NA,
Tripsacum dactyloides,Texas,2025-05-04 10:08:06,2025,5,4,33.308554,-96.239944,https://www.inaturalist.org/observations/279452357,NA,NA,
Tripsacum dactyloides,Texas,2025-04-27 14:50:47,2025,4,27,32.75368,-96.849226,https://www.inaturalist.org/observations/274975000,NA,NA,
Tripsacum dactyloides,Texas,2025-05-18 11:59,2025,5,18,33.264589,-96.306206,https://www.inaturalist.org/observations/282523319,NA,NA,
Tripsacum dactyloides,Texas,2025-05-10 9:39:40,2025,5,10,33.311326,-96.242323,https://www.inaturalist.org/observations/279948050,NA,NA,
Tripsacum dactyloides,Texas,2025-05-11 15:32:31,2025,5,11,32.753654,-96.849215,https://www.inaturalist.org/observations/280343407,NA,NA,
Tripsacum dactyloides,Texas,2025-04-30 12:36:12,2025,4,30,29.931161,-95.229191,https://www.inaturalist.org/observations/277076755,NA,NA,
Tripsacum dactyloides,Texas,2025-05-11 10:52:08,2025,5,11,33.052894,-96.855606,https://www.inaturalist.org/observations/280258372,NA,NA,
Tripsacum dactyloides,Texas,2025-05-20 13:27:31,2025,5,20,32.497877,-96.959322,https://www.inaturalist.org/observations/282694808,NA,NA,
Tripsacum dactyloides,Texas,2025-05-25 9:22:02,2025,5,25,30.657745,-97.706235,https://www.inaturalist.org/observations/283950575,NA,NA,
Tripsacum dactyloides,Texas,2025-05-22 14:14:29,2025,5,22,32.608876,-96.991795,https://www.inaturalist.org/observations/283211790,NA,NA,
Tripsacum dactyloides,Texas,2025-05-21 19:41:06,2025,5,21,33.665661,-101.159462,https://www.inaturalist.org/observations/283070172,NA,NA,
Tripsacum dactyloides,Texas,2025-05-07 10:25:53,2025,5,7,33.314575,-96.247262,https://www.inaturalist.org/observations/279383741,NA,NA,
Tripsacum dactyloides,Texas,2025-05-10 15:50,2025,5,10,32.920244,-96.761537,https://www.inaturalist.org/observations/281423129,NA,NA,
Tripsacum dactyloides,Texas,2025-04-26 14:32:44,2025,4,26,33.000192,-96.741384,https://www.inaturalist.org/observations/275232373,NA,NA,
Tripsacum dactyloides,Texas,2025-05-15 8:59,2025,5,15,29.553209,-98.530129,https://www.inaturalist.org/observations/281346102,NA,NA,
Tripsacum dactyloides,Texas,2025-05-23 9:02:49,2025,5,23,32.956475,-97.004182,https://www.inaturalist.org/observations/283403071,NA,NA,
Tripsacum dactyloides,Texas,2025-05-11 12:51:47,2025,5,11,33.049524,-96.849993,https://www.inaturalist.org/observations/280357687,NA,NA,
Tripsacum dactyloides,Texas,2025-05-18 14:19:42,2025,5,18,33.080514,-96.550103,https://www.inaturalist.org/observations/282260508,NA,NA,
Tripsacum dactyloides,Texas,2025-05-12 11:01:02,2025,5,12,32.6344,-96.970572,https://www.inaturalist.org/observations/280620994,NA,NA,
Tripsacum dactyloides,Texas,2025-04-26 9:51:25,2025,4,26,29.933428,-98.563372,https://www.inaturalist.org/observations/274196685,NA,NA,
Tripsacum dactyloides,Texas,2025-05-10 11:15:13,2025,5,10,30.285651,-97.780179,https://www.inaturalist.org/observations/279976840,NA,NA,
Tripsacum dactyloides,Texas,2025-04-28 10:59:35,2025,4,28,29.554603,-98.529503,https://www.inaturalist.org/observations/275797753,NA,NA,
Tripsacum dactyloides,Texas,2025-04-26 10:48:37,2025,4,26,29.554101,-98.529036,https://www.inaturalist.org/observations/274001233,NA,NA,
Tripsacum dactyloides,Texas,2025-04-27 19:19:04,2025,4,27,29.693608,-95.428101,https://www.inaturalist.org/observations/275199895,NA,NA,
Tripsacum dactyloides,Texas,2025-04-25 18:56,2025,4,25,29.55326,-98.529688,https://www.inaturalist.org/observations/278157152,NA,NA,
Tripsacum dactyloides,Texas,2025-04-25 19:25:46,2025,4,25,29.554802,-98.529698,https://www.inaturalist.org/observations/273524823,NA,NA,
Tripsacum dactyloides,Texas,2025-05-04 17:31:32,2025,5,4,32.891701,-96.747045,https://www.inaturalist.org/observations/278866916,NA,NA,
Tripsacum dactyloides,Texas,2025-04-26 10:47:51,2025,4,26,29.554063,-98.529015,https://www.inaturalist.org/observations/274000955,NA,NA,
Tripsacum dactyloides,Texas,2025-04-25 10:33,2025,4,25,29.807623,-99.570607,https://www.inaturalist.org/observations/273392958,NA,NA,
Tripsacum dactyloides,Texas,2025-04-26 9:48:40,2025,4,26,29.957892,-98.456468,https://www.inaturalist.org/observations/274387390,NA,NA,
Tripsacum dactyloides,Texas,2025-04-25 19:37:25,2025,4,25,29.554631,-98.529548,https://www.inaturalist.org/observations/274360432,NA,NA,
Tripsacum dactyloides,Texas,2025-04-26 9:35,2025,4,26,29.554532,-98.529518,https://www.inaturalist.org/observations/273853462,NA,NA,
Tripsacum dactyloides,Texas,2025-04-25 19:11:15,2025,4,25,29.553718,-98.529109,https://www.inaturalist.org/observations/273468451,NA,NA,
Tripsacum dactyloides,Texas,2025-04-28 16:11:54,2025,4,28,29.712262,-98.136803,https://www.inaturalist.org/observations/276076093,NA,NA,
Tripsacum dactyloides,Texas,2025-04-27 13:18:49,2025,4,27,29.31182,-98.500683,https://www.inaturalist.org/observations/276966787,NA,NA,
Tripsacum dactyloides,Texas,2025-04-26 9:54:18,2025,4,26,29.948097,-98.550378,https://www.inaturalist.org/observations/274236681,NA,NA,
Tripsacum dactyloides,Texas,2025-04-28 9:15:15,2025,4,28,30.499047,-98.818795,https://www.inaturalist.org/observations/276029631,NA,NA,
Tripsacum dactyloides,Texas,2025-04-26 7:52:13,2025,4,26,29.615741,-98.630591,https://www.inaturalist.org/observations/273800493,NA,NA,
Tripsacum dactyloides,Texas,2025-04-25 19:11:26,2025,4,25,29.55405,-98.529008,https://www.inaturalist.org/observations/274206498,NA,NA,
Tripsacum dactyloides,Texas,2025-04-26 10:07:49,2025,4,26,29.721979,-98.125762,https://www.inaturalist.org/observations/273989060,NA,NA,
Tripsacum dactyloides,Texas,2025-04-25 11:17,2025,4,25,30.024013,-95.29447,https://www.inaturalist.org/observations/276781502,NA,NA,
Tripsacum dactyloides,Texas,2025-04-26 12:09:02,2025,4,26,30.044215,-99.14123,https://www.inaturalist.org/observations/274022141,NA,NA,
Tripsacum dactyloides,Texas,2025-04-25 19:34:58,2025,4,25,29.554595,-98.529557,https://www.inaturalist.org/observations/274312387,NA,NA,
Tripsacum dactyloides,Texas,2025-04-25 14:07:52,2025,4,25,29.554075,-98.529014,https://www.inaturalist.org/observations/273804226,NA,NA,
Tripsacum dactyloides,Texas,2025-04-26 9:53,2025,4,26,29.940384,-98.517048,https://www.inaturalist.org/observations/275599012,NA,NA,
Tripsacum dactyloides,Texas,2025-04-26 22:00,2025,4,26,29.641075,-98.625028,https://www.inaturalist.org/observations/275308212,NA,NA,
Tripsacum dactyloides,Texas,2025-04-27 10:08:32,2025,4,27,29.343108,-98.880722,https://www.inaturalist.org/observations/274793371,NA,NA,
Tripsacum dactyloides,Texas,2025-04-26 10:49:30,2025,4,26,29.554541,-98.529485,https://www.inaturalist.org/observations/273902342,NA,NA,
Tripsacum dactyloides,Texas,2025-04-26 18:00:24,2025,4,26,29.783651,-98.712959,https://www.inaturalist.org/observations/274291042,NA,NA,
Tripsacum dactyloides,Texas,2025-04-25 19:01,2025,4,25,29.55326,-98.529688,https://www.inaturalist.org/observations/278157161,NA,NA,
Tripsacum dactyloides,Texas,2025-04-25 19:22:37,2025,4,25,29.554301,-98.529147,https://www.inaturalist.org/observations/274359898,NA,NA,
Tripsacum dactyloides,Texas,2025-04-25 19:03:54,2025,4,25,29.553614,-98.528902,https://www.inaturalist.org/observations/273465395,NA,NA,
Tripsacum dactyloides,Texas,2025-04-25 19:16:43,2025,4,25,29.554109,-98.529046,https://www.inaturalist.org/observations/274359386,NA,NA,
Tripsacum dactyloides,Texas,2025-04-25 12:24:31,2025,4,25,29.766155,-95.451705,https://www.inaturalist.org/observations/273245350,NA,NA,
Tripsacum dactyloides,Texas,2025-04-28 10:44:42,2025,4,28,29.553268,-98.529365,https://www.inaturalist.org/observations/275863872,NA,NA,
Tripsacum dactyloides,Texas,2025-04-27 12:02:28,2025,4,27,29.553728,-98.529944,https://www.inaturalist.org/observations/274829274,NA,NA,
Tripsacum dactyloides,Texas,2025-05-04 11:06:36,2025,5,4,29.766838,-95.4523,https://www.inaturalist.org/observations/278475086,NA,NA,
Tripsacum dactyloides,Texas,2025-04-25 19:13:21,2025,4,25,29.553605,-98.528914,https://www.inaturalist.org/observations/273469510,NA,NA,
Tripsacum dactyloides,Texas,2025-04-27 12:31:01,2025,4,27,29.554611,-98.530523,https://www.inaturalist.org/observations/274853589,NA,NA,
Tripsacum dactyloides,Texas,2025-04-27 19:21:14,2025,4,27,29.612145,-98.681671,https://www.inaturalist.org/observations/275204908,NA,NA,
Tripsacum dactyloides,Texas,2025-05-04 13:03:16,2025,5,4,32.845451,-97.48142,https://www.inaturalist.org/observations/278643932,NA,NA,
Tripsacum dactyloides,Texas,2025-04-26 10:02:55,2025,4,26,29.859301,-98.484786,https://www.inaturalist.org/observations/274027922,NA,NA,
Tripsacum dactyloides,Texas,2025-04-27 17:00:55,2025,4,27,29.553425,-98.528811,https://www.inaturalist.org/observations/275092506,NA,NA,
Tripsacum dactyloides,Texas,2025-04-26 10:06,2025,4,26,29.250801,-98.55618,https://www.inaturalist.org/observations/277209038,NA,NA,
Tripsacum dactyloides,Texas,2025-05-07 9:59:05,2025,5,7,29.783012,-98.710053,https://www.inaturalist.org/observations/279620012,NA,NA,
Tripsacum dactyloides,Texas,2025-04-25 11:17:34,2025,4,25,29.641037,-98.625738,https://www.inaturalist.org/observations/273271971,NA,NA,
Tripsacum dactyloides,Texas,2025-04-27 13:02:07,2025,4,27,29.555467,-98.528881,https://www.inaturalist.org/observations/274879860,NA,NA,
Tripsacum dactyloides,Texas,2025-04-28 14:16:13,2025,4,28,29.860987,-95.159378,https://www.inaturalist.org/observations/276875442,NA,NA,
Tripsacum dactyloides,Texas,2025-04-25 13:35:22,2025,4,25,29.552783,-98.528491,https://www.inaturalist.org/observations/273538218,NA,NA,
Tripsacum dactyloides,Texas,2025-04-25 11:12:42,2025,4,25,29.573429,-98.630849,https://www.inaturalist.org/observations/273216398,NA,NA,
Tripsacum dactyloides,Texas,2025-04-25 16:15:56,2025,4,25,29.554537,-98.529472,https://www.inaturalist.org/observations/273579614,NA,NA,
Tripsacum dactyloides,Texas,2025-04-26 17:14,2025,4,26,29.616229,-98.6307,https://www.inaturalist.org/observations/275104416,NA,NA,
Tripsacum dactyloides,Texas,2025-04-25 19:02:54,2025,4,25,29.552856,-98.529091,https://www.inaturalist.org/observations/273464798,NA,NA,
Tripsacum dactyloides,Texas,2025-04-26 10:14,2025,4,26,29.250801,-98.55618,https://www.inaturalist.org/observations/277210811,NA,NA,
Tripsacum dactyloides,Texas,2022-08-21 14:15,2022,8,21,32.239103,-97.824692,https://www.inaturalist.org/observations/131936604,NA,NA,
Tripsacum dactyloides,Texas,2025-05-09 8:10:29,2025,5,9,29.721326,-98.124242,https://www.inaturalist.org/observations/279758386,NA,NA,
Tripsacum dactyloides,Texas,2025-04-26 13:29:17,2025,4,26,30.499066,-98.818799,https://www.inaturalist.org/observations/274374319,NA,NA,
Tripsacum dactyloides,Texas,2025-04-25 16:24:45,2025,4,25,29.554584,-98.529622,https://www.inaturalist.org/observations/273601961,NA,NA,
Tripsacum dactyloides,Texas,2025-04-27 13:22,2025,4,27,29.554346,-98.528867,https://www.inaturalist.org/observations/277592835,NA,NA,
Tripsacum dactyloides,Texas,2025-04-26 10:47:29,2025,4,26,29.554034,-98.529025,https://www.inaturalist.org/observations/274000844,NA,NA,
Tripsacum dactyloides,Texas,2025-04-26 9:48,2025,4,26,29.9354,-98.598887,https://www.inaturalist.org/observations/276894497,NA,NA,
Tripsacum dactyloides,Texas,2025-04-25 19:17:23,2025,4,25,29.554093,-98.529023,https://www.inaturalist.org/observations/273497620,NA,NA,
Tripsacum dactyloides,Texas,2025-04-25 19:32,2025,4,25,29.553886,-98.528939,https://www.inaturalist.org/observations/278633465,NA,NA,
Tripsacum dactyloides,Texas,2025-04-25 10:42:19,2025,4,25,29.594353,-97.588454,https://www.inaturalist.org/observations/273429732,NA,NA,
Tripsacum dactyloides,Texas,2025-04-28 17:14:20,2025,4,28,30.250042,-98.763243,https://www.inaturalist.org/observations/276132028,NA,NA,
Tripsacum dactyloides,Texas,2025-04-25 19:35:58,2025,4,25,29.554676,-98.529464,https://www.inaturalist.org/observations/274360126,NA,NA,
Tripsacum dactyloides,Texas,2025-04-28 12:57:21,2025,4,28,29.33246,-98.454161,https://www.inaturalist.org/observations/275924229,NA,NA,
Tripsacum dactyloides,Texas,2025-04-25 19:35:52,2025,4,25,29.554591,-98.529518,https://www.inaturalist.org/observations/273498423,NA,NA,
Tripsacum dactyloides,Texas,2025-04-25 19:17:10,2025,4,25,29.554516,-98.529464,https://www.inaturalist.org/observations/273471396,NA,NA,
Tripsacum dactyloides,Texas,2025-04-25 14:17:12,2025,4,25,29.554613,-98.529525,https://www.inaturalist.org/observations/277152470,NA,NA,
Tripsacum dactyloides,Texas,2025-04-28 13:52:56,2025,4,28,29.767195,-95.451995,https://www.inaturalist.org/observations/275950214,NA,NA,
Tripsacum dactyloides,Texas,2025-04-28 11:18:33,2025,4,28,29.392249,-98.496453,https://www.inaturalist.org/observations/276058268,NA,NA,
Tripsacum dactyloides,Texas,2025-04-27 18:06:29,2025,4,27,29.615745,-98.630583,https://www.inaturalist.org/observations/276015827,NA,NA,
Tripsacum dactyloides,Texas,2025-04-28 10:30:38,2025,4,28,30.498945,-98.817117,https://www.inaturalist.org/observations/277374686,NA,NA,
Tripsacum dactyloides,Texas,2025-04-25 7:53:02,2025,4,25,29.764378,-95.453,https://www.inaturalist.org/observations/273059196,NA,NA,
Tripsacum dactyloides,Texas,2025-04-27 10:37:58,2025,4,27,29.597055,-98.517355,https://www.inaturalist.org/observations/274801668,NA,NA,
Tripsacum dactyloides,Texas,2025-04-26 7:36:42,2025,4,26,29.548671,-98.530246,https://www.inaturalist.org/observations/273775178,NA,NA,
Tripsacum dactyloides,Texas,2025-04-25 13:00:34,2025,4,25,29.682515,-98.975976,https://www.inaturalist.org/observations/273827831,NA,NA,
Tripsacum dactyloides,Texas,2025-04-30 12:14:17,2025,4,30,29.931927,-95.2313,https://www.inaturalist.org/observations/277070705,NA,NA,
Tripsacum dactyloides,Texas,2025-04-25 19:11:52,2025,4,25,29.554045,-98.529019,https://www.inaturalist.org/observations/273469324,NA,NA,
Tripsacum dactyloides,Texas,2025-04-26 19:43,2025,4,26,29.672371,-95.109555,https://www.inaturalist.org/observations/277613014,NA,NA,
Tripsacum dactyloides,Texas,2025-04-25 14:27:35,2025,4,25,29.552541,-98.526788,https://www.inaturalist.org/observations/273590489,NA,NA,
Tripsacum dactyloides,Texas,2025-04-28 12:23,2025,4,28,30.507811,-98.823075,https://www.inaturalist.org/observations/278656912,NA,NA,
Tripsacum dactyloides,Texas,2025-04-27 12:47:56,2025,4,27,29.78118,-98.709739,https://www.inaturalist.org/observations/274880479,NA,NA,
Tripsacum dactyloides,Texas,2025-04-25 14:09:19,2025,4,25,29.553979,-98.528971,https://www.inaturalist.org/observations/273540237,NA,NA,
Tripsacum dactyloides,Texas,2025-04-26 11:16:59,2025,4,26,29.766356,-95.452424,https://www.inaturalist.org/observations/273924961,NA,NA,
Tripsacum dactyloides,Texas,2025-04-26 9:38,2025,4,26,33.056056,-96.670547,https://www.inaturalist.org/observations/277066487,NA,NA,
Tripsacum dactyloides,Texas,2025-04-28 14:02,2025,4,28,30.496794,-98.823883,https://www.inaturalist.org/observations/278656808,NA,NA,
Tripsacum dactyloides,Texas,2025-04-26 15:44:04,2025,4,26,30.011964,-99.374655,https://www.inaturalist.org/observations/274347203,NA,NA,
Tripsacum dactyloides,Texas,2025-04-25 19:20:25,2025,4,25,29.553966,-98.529032,https://www.inaturalist.org/observations/274311563,NA,NA,
Tripsacum dactyloides,Texas,2025-04-28 13:26,2025,4,28,29.341659,-98.882725,https://www.inaturalist.org/observations/278632523,NA,NA,
Tripsacum dactyloides,Texas,2025-04-25 18:57:44,2025,4,25,29.554138,-98.529013,https://www.inaturalist.org/observations/277086614,NA,NA,
Tripsacum dactyloides,Texas,2025-04-28 9:36:59,2025,4,28,30.497412,-98.818978,https://www.inaturalist.org/observations/277026719,NA,NA,
Tripsacum dactyloides,Texas,2025-05-08 10:02:10,2025,5,8,32.702817,-96.704433,https://www.inaturalist.org/observations/279480139,NA,NA,
Tripsacum dactyloides,Texas,2025-04-25 20:03:41,2025,4,25,33.057472,-96.670967,https://www.inaturalist.org/observations/274416313,NA,NA,
Tripsacum dactyloides,Texas,2025-04-25 19:14:20,2025,4,25,29.553594,-98.529437,https://www.inaturalist.org/observations/273524598,NA,NA,
Tripsacum dactyloides,Texas,2025-04-27 16:37,2025,4,27,29.556781,-98.5036,https://www.inaturalist.org/observations/275277932,NA,NA,
Tripsacum dactyloides,Texas,2025-04-28 9:41,2025,4,28,30.496983,-98.819725,https://www.inaturalist.org/observations/278648153,NA,NA,
Tripsacum dactyloides,Texas,2025-04-30 11:39,2025,4,30,30.330531,-98.166772,https://www.inaturalist.org/observations/277461472,NA,NA,
Tripsacum dactyloides,Texas,2025-04-26 15:46:57,2025,4,26,29.556672,-98.504024,https://www.inaturalist.org/observations/274437305,NA,NA,
Tripsacum dactyloides,Texas,2025-04-26 18:12:51,2025,4,26,29.781854,-98.710187,https://www.inaturalist.org/observations/274272150,NA,NA,
Tripsacum dactyloides,Texas,2025-04-25 19:33,2025,4,25,29.55326,-98.529688,https://www.inaturalist.org/observations/278157237,NA,NA,
Tripsacum dactyloides,Texas,2025-04-26 14:35:42,2025,4,26,29.31182,-98.500683,https://www.inaturalist.org/observations/277045370,NA,NA,
Tripsacum dactyloides,Texas,2025-04-26 10:48:17,2025,4,26,29.554,-98.529035,https://www.inaturalist.org/observations/274001116,NA,NA,
Tripsacum dactyloides,Texas,2025-04-25 18:46:43,2025,4,25,29.553416,-98.529394,https://www.inaturalist.org/observations/273457694,NA,NA,
Tripsacum dactyloides,Texas,2025-05-12 18:39:17,2025,5,12,33.064934,-96.976656,https://www.inaturalist.org/observations/280656556,NA,NA,
Tripsacum dactyloides,Texas,2025-04-25 19:11:57,2025,4,25,29.554106,-98.529049,https://www.inaturalist.org/observations/273701329,NA,NA,
Tripsacum dactyloides,Texas,2025-04-27 16:21:08,2025,4,27,29.973142,-98.83438,https://www.inaturalist.org/observations/275109128,NA,NA,
Tripsacum dactyloides,Texas,2025-04-28 20:14,2025,4,28,29.552208,-98.529679,https://www.inaturalist.org/observations/276842000,NA,NA,
Tripsacum dactyloides,Texas,2025-04-26 8:58:24,2025,4,26,29.552897,-98.529041,https://www.inaturalist.org/observations/274728645,NA,NA,
Tripsacum dactyloides,Texas,2025-04-25 14:25,2025,4,25,29.807623,-99.570607,https://www.inaturalist.org/observations/273400105,NA,NA,
Tripsacum dactyloides,Texas,2025-04-28 18:58:27,2025,4,28,29.766922,-95.451925,https://www.inaturalist.org/observations/276239527,NA,NA,
Tripsacum dactyloides,Texas,2025-04-25 16:24,2025,4,25,29.859596,-95.159384,https://www.inaturalist.org/observations/277095180,NA,NA,
Tripsacum dactyloides,Texas,2025-04-27 6:53:48,2025,4,27,29.615508,-98.630536,https://www.inaturalist.org/observations/274589438,NA,NA,
Tripsacum dactyloides,Texas,2025-04-25 20:03:58,2025,4,25,29.554095,-98.529011,https://www.inaturalist.org/observations/273500755,NA,NA,
Tripsacum dactyloides,Texas,2025-04-26 10:17:55,2025,4,26,29.554205,-98.529083,https://www.inaturalist.org/observations/274092808,NA,NA,
Tripsacum dactyloides,Texas,2025-04-25 10:38:13,2025,4,25,29.721158,-98.127175,https://www.inaturalist.org/observations/273546302,NA,NA,
Tripsacum dactyloides,Texas,2025-04-25 11:36:52,2025,4,25,29.68067,-98.976424,https://www.inaturalist.org/observations/273513838,NA,NA,
Tripsacum dactyloides,Texas,2025-04-26 9:00:37,2025,4,26,29.553604,-98.528967,https://www.inaturalist.org/observations/273893807,NA,NA,
Tripsacum dactyloides,Texas,2025-04-25 12:33:22,2025,4,25,29.553588,-98.528894,https://www.inaturalist.org/observations/273241267,NA,NA,
Tripsacum dactyloides,Texas,2025-04-27 12:53,2025,4,27,29.635449,-95.660817,https://www.inaturalist.org/observations/277785728,NA,NA,
Tripsacum dactyloides,Texas,2025-04-25 17:08:14,2025,4,25,29.55404,-98.529005,https://www.inaturalist.org/observations/273464371,NA,NA,
Tripsacum dactyloides,Texas,2025-04-27 10:40:37,2025,4,27,29.311333,-98.500187,https://www.inaturalist.org/observations/274759403,NA,NA,
Tripsacum dactyloides,Texas,2025-04-26 9:22:52,2025,4,26,29.556663,-98.503578,https://www.inaturalist.org/observations/274314998,NA,NA,
Tripsacum dactyloides,Texas,2025-04-25 19:05:28,2025,4,25,29.78881,-98.741912,https://www.inaturalist.org/observations/274074332,NA,NA,
Tripsacum dactyloides,Texas,2025-04-25 19:22:51,2025,4,25,29.554325,-98.529166,https://www.inaturalist.org/observations/273497994,NA,NA,
Tripsacum dactyloides,Texas,2025-04-25 19:12:16,2025,4,25,29.553553,-98.52887,https://www.inaturalist.org/observations/273469043,NA,NA,
Tripsacum dactyloides,Texas,2025-04-26 9:28:59,2025,4,26,29.685273,-98.332008,https://www.inaturalist.org/observations/274272217,NA,NA,
Tripsacum dactyloides,Texas,2025-04-26 15:08,2025,4,26,30.047555,-99.144619,https://www.inaturalist.org/observations/274427823,NA,NA,
Tripsacum dactyloides,Texas,2025-04-25 9:17,2025,4,25,29.58768,-95.152699,https://www.inaturalist.org/observations/276714597,NA,NA,
Tripsacum dactyloides,Texas,2025-04-28 19:18:01,2025,4,28,30.049413,-99.149372,https://www.inaturalist.org/observations/276378629,NA,NA,
Tripsacum dactyloides,Texas,2025-04-27 10:15,2025,4,27,30.557476,-96.21093,https://www.inaturalist.org/observations/275912278,NA,NA,
Tripsacum dactyloides,Texas,2025-04-27 15:30,2025,4,27,28.96924,-98.1057,https://www.inaturalist.org/observations/276311395,NA,NA,
Tripsacum dactyloides,Texas,2025-04-28 17:08:58,2025,4,28,30.74693,-98.362903,https://www.inaturalist.org/observations/276758816,NA,NA,
Tripsacum dactyloides,Texas,2025-04-26 17:23:51,2025,4,26,33.057699,-96.67129,https://www.inaturalist.org/observations/276434274,NA,NA,
Tripsacum dactyloides,Texas,2025-04-25 9:10,2025,4,25,29.586563,-95.154721,https://www.inaturalist.org/observations/276714393,NA,NA,
Tripsacum dactyloides,Texas,2025-04-28 9:57:01,2025,4,28,32.847562,-97.481828,https://www.inaturalist.org/observations/275730259,NA,NA,
Tripsacum dactyloides,Texas,2025-04-28 19:46:28,2025,4,28,29.554608,-98.529512,https://www.inaturalist.org/observations/276760059,NA,NA,
Tripsacum dactyloides,Texas,2025-04-26 15:01:37,2025,4,26,29.572487,-94.391708,https://www.inaturalist.org/observations/276625821,NA,NA,
Tripsacum dactyloides,Texas,2025-04-26 17:21,2025,4,26,33.057699,-96.67129,https://www.inaturalist.org/observations/276434701,NA,NA,
Tripsacum dactyloides,Texas,2025-04-28 9:15:52,2025,4,28,30.499039,-98.81882,https://www.inaturalist.org/observations/276635271,NA,NA,
Tripsacum dactyloides,Texas,2025-04-29 9:49:52,2025,4,29,32.841198,-96.778776,https://www.inaturalist.org/observations/276599954,NA,NA,
Tripsacum dactyloides,Texas,2025-04-28 18:32:06,2025,4,28,29.928255,-95.921525,https://www.inaturalist.org/observations/276621602,NA,NA,
Tripsacum dactyloides,Texas,2025-04-28 16:44:49,2025,4,28,32.763208,-97.189383,https://www.inaturalist.org/observations/276218671,NA,NA,
Tripsacum dactyloides,Texas,2025-04-27 10:27:16,2025,4,27,29.226317,-97.991861,https://www.inaturalist.org/observations/276289864,NA,NA,
Tripsacum dactyloides,Texas,2025-04-28 13:18,2025,4,28,33.032259,-97.068714,https://www.inaturalist.org/observations/276133845,NA,NA,
Tripsacum dactyloides,Texas,2025-04-28 19:17:20,2025,4,28,30.049498,-99.149296,https://www.inaturalist.org/observations/276288139,NA,NA,
Tripsacum dactyloides,Texas,2025-04-27 15:43,2025,4,27,33.057189,-96.673011,https://www.inaturalist.org/observations/275249628,NA,NA,
Tripsacum dactyloides,Texas,2025-04-26 17:23:42,2025,4,26,29.67116,-95.108795,https://www.inaturalist.org/observations/274344567,NA,NA,
Tripsacum dactyloides,Texas,2025-04-26 14:45:34,2025,4,26,33.001551,-96.741548,https://www.inaturalist.org/observations/275233667,NA,NA,
Tripsacum dactyloides,Texas,2025-04-26 18:03:13,2025,4,26,29.670772,-95.108341,https://www.inaturalist.org/observations/274346709,NA,NA,
Tripsacum dactyloides,Texas,2025-04-26 11:05:07,2025,4,26,32.706253,-96.704308,https://www.inaturalist.org/observations/274673282,NA,NA,
Tripsacum dactyloides,Texas,2025-04-25 18:16:12,2025,4,25,29.765828,-95.452622,https://www.inaturalist.org/observations/274609925,NA,NA,
Tripsacum dactyloides,Texas,2025-04-26 13:40:57,2025,4,26,32.706269,-96.704292,https://www.inaturalist.org/observations/274038328,NA,NA,
Tripsacum dactyloides,Texas,2025-04-26 13:33:50,2025,4,26,33.161719,-96.620133,https://www.inaturalist.org/observations/274179676,NA,NA,
Tripsacum dactyloides,Texas,2025-04-25 18:45:38,2025,4,25,29.519363,-98.629722,https://www.inaturalist.org/observations/273496141,NA,NA,
Tripsacum dactyloides,Texas,2025-04-26 11:05:13,2025,4,26,32.70627,-96.704308,https://www.inaturalist.org/observations/274087124,NA,NA,
Tripsacum dactyloides,Texas,2025-04-25 13:55:21,2025,4,25,29.553381,-98.528867,https://www.inaturalist.org/observations/273539040,NA,NA,
Tripsacum dactyloides,Texas,2025-04-26 15:28:25,2025,4,26,33.080897,-96.550675,https://www.inaturalist.org/observations/274188757,NA,NA,
Tripsacum dactyloides,Texas,2025-04-26 9:48:37,2025,4,26,33.047429,-96.849727,https://www.inaturalist.org/observations/274117408,NA,NA,
Tripsacum dactyloides,Texas,2025-04-25 19:24:50,2025,4,25,29.554787,-98.529694,https://www.inaturalist.org/observations/273475952,NA,NA,
Tripsacum dactyloides,Texas,2025-04-25 10:43:14,2025,4,25,33.047436,-96.849725,https://www.inaturalist.org/observations/273268536,NA,NA,
Tripsacum dactyloides,Texas,2025-04-26 10:47:42,2025,4,26,29.473012,-95.503286,https://www.inaturalist.org/observations/273968970,NA,NA,
Tripsacum dactyloides,Texas,2025-04-25 8:55:54,2025,4,25,30.290025,-97.6914,https://www.inaturalist.org/observations/273132986,NA,NA,
Tripsacum dactyloides,Texas,2025-04-25 19:31:30,2025,4,25,29.5546,-98.529504,https://www.inaturalist.org/observations/273479214,NA,NA,
Tripsacum dactyloides,Texas,2025-04-25 8:31:35,2025,4,25,29.571625,-98.528893,https://www.inaturalist.org/observations/273081483,NA,NA,
Tripsacum dactyloides,Texas,2025-04-25 19:25:47,2025,4,25,29.554786,-98.529679,https://www.inaturalist.org/observations/273480632,NA,NA,
Tripsacum dactyloides,Texas,2025-04-25 14:08:59,2025,4,25,29.554056,-98.529034,https://www.inaturalist.org/observations/273377892,NA,NA,
Tripsacum dactyloides,Texas,2025-04-25 9:35:13,2025,4,25,29.721972,-98.12575,https://www.inaturalist.org/observations/273131073,NA,NA,
Tripsacum dactyloides,Texas,2025-04-15 10:36,2025,4,15,30.305179,-98.246658,https://www.inaturalist.org/observations/272558859,NA,NA,
Tripsacum dactyloides,Texas,2025-04-25 7:12:30,2025,4,25,29.598687,-98.516678,https://www.inaturalist.org/observations/273038122,NA,NA,
Tripsacum dactyloides,Texas,2025-04-25 10:18:12,2025,4,25,32.662881,-97.22283,https://www.inaturalist.org/observations/273158504,NA,NA,
Tripsacum dactyloides,Texas,2025-04-19 14:26:14,2025,4,19,30.002997,-98.090856,https://www.inaturalist.org/observations/272492878,NA,NA,
Tripsacum dactyloides,Texas,2025-04-24 16:30:03,2025,4,24,30.247761,-97.726679,https://www.inaturalist.org/observations/272788046,NA,NA,
Tripsacum dactyloides,Texas,2025-04-23 9:34:45,2025,4,23,32.855153,-95.811705,https://www.inaturalist.org/observations/272453955,NA,NA,
Tripsacum dactyloides,Texas,2025-04-23 11:33:47,2025,4,23,33.047438,-96.84968,https://www.inaturalist.org/observations/272472375,NA,NA,
Tripsacum dactyloides,Texas,2025-04-23 18:05:04,2025,4,23,29.554595,-98.529495,https://www.inaturalist.org/observations/272570380,NA,NA,
Tripsacum dactyloides,Texas,2025-04-19 12:14:45,2025,4,19,29.591554,-95.070836,https://www.inaturalist.org/observations/272231914,NA,NA,
Tripsacum dactyloides,Texas,2025-04-19 12:28:20,2025,4,19,30.581205,-94.378975,https://www.inaturalist.org/observations/272252298,NA,NA,
Tripsacum dactyloides,Texas,2020-06-25 17:55:06,2020,6,25,29.761587,-95.449291,https://www.inaturalist.org/observations/50933676,NA,NA,
Tripsacum dactyloides,Texas,2024-07-13 12:21:59,2024,7,13,30.050126,-99.148571,https://www.inaturalist.org/observations/229086716,NA,NA,
Tripsacum dactyloides,Texas,2025-04-10 11:01:05,2025,4,10,29.670542,-95.106995,https://www.inaturalist.org/observations/269631015,NA,NA,
Tripsacum dactyloides,Texas,2025-04-21 18:02:34,2025,4,21,33.057173,-96.672733,https://www.inaturalist.org/observations/272083808,NA,NA,
Tripsacum dactyloides,Texas,2025-04-21 12:43,2025,4,21,33.091859,-96.706119,https://www.inaturalist.org/observations/272095234,NA,NA,
Tripsacum dactyloides,Texas,2025-04-21 13:50:46,2025,4,21,33.080914,-96.550737,https://www.inaturalist.org/observations/272035700,NA,NA,
Tripsacum dactyloides,Texas,2025-04-18 13:06,2025,4,18,33.047603,-96.849608,https://www.inaturalist.org/observations/271430473,NA,NA,
Tripsacum dactyloides,Texas,2025-04-08 17:50:18,2025,4,8,29.580563,-98.606628,https://www.inaturalist.org/observations/269372434,NA,NA,
Tripsacum dactyloides,Texas,2025-04-17 12:31:25,2025,4,17,33.309191,-96.24332,https://www.inaturalist.org/observations/271067393,NA,NA,
Tripsacum dactyloides,Texas,2025-04-05 13:25:58,2025,4,5,32.187488,-95.239816,https://www.inaturalist.org/observations/268773392,NA,NA,
Tripsacum dactyloides,Texas,2025-04-17 18:14:13,2025,4,17,29.55397,-98.629888,https://www.inaturalist.org/observations/271435377,NA,NA,
Tripsacum dactyloides,Texas,2025-04-14 14:40:21,2025,4,14,29.18942,-95.2275,https://www.inaturalist.org/observations/271277652,NA,NA,
Tripsacum dactyloides,Texas,2025-04-18 14:57:46,2025,4,18,32.233588,-99.886733,https://www.inaturalist.org/observations/271284055,NA,NA,
Tripsacum dactyloides,Texas,2025-04-17 11:17:53,2025,4,17,33.308997,-96.241261,https://www.inaturalist.org/observations/271048367,NA,NA,
Tripsacum dactyloides,Texas,2025-04-15 15:02:45,2025,4,15,33.086523,-96.702686,https://www.inaturalist.org/observations/270700999,NA,NA,
Tripsacum dactyloides,Texas,2025-04-15 11:40:58,2025,4,15,33.056119,-96.669274,https://www.inaturalist.org/observations/270653717,NA,NA,
Tripsacum dactyloides,Texas,2025-04-17 11:21:31,2025,4,17,33.309788,-96.243042,https://www.inaturalist.org/observations/271034384,NA,NA,
Tripsacum dactyloides,Texas,2025-04-17 11:15:07,2025,4,17,33.309812,-96.242808,https://www.inaturalist.org/observations/271033190,NA,NA,
Tripsacum dactyloides,Texas,2025-03-30 9:17,2025,3,30,29.765987,-95.450753,https://www.inaturalist.org/observations/267841446,NA,NA,
Tripsacum dactyloides,Texas,2025-04-15 11:48:19,2025,4,15,33.057494,-96.670864,https://www.inaturalist.org/observations/270655284,NA,NA,
Tripsacum dactyloides,Texas,2025-03-31 10:30:15,2025,3,31,29.766996,-95.450233,https://www.inaturalist.org/observations/267911856,NA,NA,
Tripsacum dactyloides,Texas,2024-11-16 16:12:05,2024,11,16,32.865753,-96.722862,https://www.inaturalist.org/observations/263187680,NA,NA,
Tripsacum dactyloides,Texas,2024-04-23 13:04:05,2024,4,23,29.613872,-94.535447,https://www.inaturalist.org/observations/209030289,NA,NA,
Tripsacum dactyloides,Texas,2024-05-24 15:24:58,2024,5,24,29.8582,-95.161072,https://www.inaturalist.org/observations/218138071,NA,NA,
Tripsacum dactyloides,Texas,2025-04-12 14:45:12,2025,4,12,30.291567,-97.687278,https://www.inaturalist.org/observations/270053704,NA,NA,
Tripsacum dactyloides,Texas,2024-08-24 10:16:51,2024,8,24,29.858508,-95.160836,https://www.inaturalist.org/observations/238105138,NA,NA,
Tripsacum dactyloides,Texas,2025-04-13 11:46:06,2025,4,13,32.759397,-97.13961,https://www.inaturalist.org/observations/270227293,NA,NA,
Tripsacum dactyloides,Texas,2024-04-16 11:25:11,2024,4,16,29.858208,-95.161164,https://www.inaturalist.org/observations/207608831,NA,NA,
Tripsacum dactyloides,Texas,2024-04-12 9:13:33,2024,4,12,29.861022,-95.159667,https://www.inaturalist.org/observations/206800730,NA,NA,
Tripsacum dactyloides,Texas,2025-04-11 10:11:46,2025,4,11,29.554093,-98.52902,https://www.inaturalist.org/observations/269865683,NA,NA,
Tripsacum dactyloides,Texas,2025-04-11 19:06:39,2025,4,11,30.433506,-95.665703,https://www.inaturalist.org/observations/269876265,NA,NA,
Tripsacum dactyloides,Texas,2025-04-11 10:10:38,2025,4,11,29.554046,-98.528988,https://www.inaturalist.org/observations/269865654,NA,NA,
Tripsacum dactyloides,Texas,2025-04-11 11:33:52,2025,4,11,29.554175,-98.529041,https://www.inaturalist.org/observations/269810035,NA,NA,
Tripsacum dactyloides,Texas,2025-03-29 9:25:20,2025,3,29,31.253728,-100.662278,https://www.inaturalist.org/observations/268089523,NA,NA,
Tripsacum dactyloides,Texas,2025-03-31 7:01,2025,3,31,29.764723,-95.453249,https://www.inaturalist.org/observations/267977104,NA,NA,
Tripsacum dactyloides,Texas,2025-03-31 16:54:55,2025,3,31,29.767275,-95.429002,https://www.inaturalist.org/observations/267970974,NA,NA,
Tripsacum dactyloides,Texas,2025-03-29 11:19:22,2025,3,29,32.814287,-98.044205,https://www.inaturalist.org/observations/267593093,NA,NA,
Tripsacum dactyloides,Texas,2025-03-29 10:53:41,2025,3,29,33.086486,-96.702612,https://www.inaturalist.org/observations/267525337,NA,NA,
Tripsacum dactyloides,Texas,2024-12-21 12:57:50,2024,12,21,30.447717,-99.808717,https://www.inaturalist.org/observations/255819992,NA,NA,
Tripsacum dactyloides,Texas,2024-12-14 10:40:41,2024,12,14,29.523612,-95.799667,https://www.inaturalist.org/observations/255100624,NA,NA,
Tripsacum dactyloides,Texas,2024-12-14 9:29:43,2024,12,14,29.978732,-95.847043,https://www.inaturalist.org/observations/255083218,NA,NA,
Tripsacum dactyloides,Texas,2024-12-26 15:16:37,2024,12,26,30.239496,-97.702923,https://www.inaturalist.org/observations/256308225,NA,NA,
Tripsacum dactyloides,Texas,2025-03-14 10:09:42,2025,3,14,29.55424,-98.529106,https://www.inaturalist.org/observations/265286131,NA,NA,
Tripsacum dactyloides,Texas,2025-03-08 12:34:18,2025,3,8,30.624467,-97.479737,https://www.inaturalist.org/observations/264956600,NA,NA,
Tripsacum dactyloides,Texas,2025-01-03 16:17:46,2025,1,3,29.994122,-98.087425,https://www.inaturalist.org/observations/263937734,NA,NA,
Tripsacum dactyloides,Texas,2025-03-08 10:44:57,2025,3,8,29.524178,-95.799805,https://www.inaturalist.org/observations/264529560,NA,NA,
Tripsacum dactyloides,Texas,2025-01-02 11:56:19,2025,1,2,32.634045,-96.970567,https://www.inaturalist.org/observations/263936580,NA,NA,
Tripsacum dactyloides,Texas,2025-02-28 11:36:23,2025,2,28,32.70313,-96.705097,https://www.inaturalist.org/observations/263398534,NA,NA,
Tripsacum dactyloides,Texas,2025-02-28 12:20:49,2025,2,28,32.702731,-96.704565,https://www.inaturalist.org/observations/263402628,NA,NA,
Tripsacum dactyloides,Texas,2025-02-28 11:05:32,2025,2,28,32.70265,-96.704505,https://www.inaturalist.org/observations/263395193,NA,NA,
Tripsacum dactyloides,Texas,2025-02-28 9:57:04,2025,2,28,31.318845,-95.070892,https://www.inaturalist.org/observations/263392516,NA,NA,
Tripsacum dactyloides,Texas,2024-11-16 16:16:33,2024,11,16,32.865028,-96.722703,https://www.inaturalist.org/observations/263188058,NA,NA,
Tripsacum dactyloides,Texas,2024-10-27 15:49:16,2024,10,27,33.053295,-96.661383,https://www.inaturalist.org/observations/263107733,NA,NA,
Tripsacum dactyloides,Texas,2024-11-17 9:59:35,2024,11,17,32.893305,-96.748055,https://www.inaturalist.org/observations/263193448,NA,NA,
Tripsacum dactyloides,Texas,2024-12-01 11:13:55,2024,12,1,29.893381,-97.930331,https://www.inaturalist.org/observations/253771901,NA,NA,
Tripsacum dactyloides,Texas,2024-10-29 11:20:51,2024,10,29,33.06509,-96.977,https://www.inaturalist.org/observations/262961326,NA,NA,
Tripsacum dactyloides,Texas,2024-11-30 16:43:54,2024,11,30,31.016635,-97.424579,https://www.inaturalist.org/observations/253755038,NA,NA,
Tripsacum dactyloides,Texas,2024-10-24 11:23:35,2024,10,24,29.861066,-98.482585,https://www.inaturalist.org/observations/249005832,NA,NA,
Tripsacum dactyloides,Texas,2025-02-10 10:51:48,2025,2,10,30.241558,-98.914253,https://www.inaturalist.org/observations/261486038,NA,NA,
Tripsacum dactyloides,Texas,2024-12-13 17:19:22,2024,12,13,29.764116,-95.44837,https://www.inaturalist.org/observations/255023961,NA,NA,
Tripsacum dactyloides,Texas,2024-11-15 13:14:14,2024,11,15,29.699443,-95.45197,https://www.inaturalist.org/observations/261315674,NA,NA,
Tripsacum dactyloides,Texas,2025-02-05 14:49:11,2025,2,5,32.906552,-96.82224,https://www.inaturalist.org/observations/260740124,NA,NA,
Tripsacum dactyloides,Texas,2025-02-05 14:48,2025,2,5,32.908386,-96.822352,https://www.inaturalist.org/observations/260740053,NA,NA,
Tripsacum dactyloides,Texas,2025-02-05 14:48:57,2025,2,5,32.906582,-96.822264,https://www.inaturalist.org/observations/260740125,NA,NA,
Tripsacum dactyloides,Texas,2025-02-05 14:49:33,2025,2,5,32.906503,-96.822318,https://www.inaturalist.org/observations/260740521,NA,NA,
Tripsacum dactyloides,Texas,2025-01-24 10:30:59,2025,1,24,30.108429,-97.284433,https://www.inaturalist.org/observations/259451916,NA,NA,
Tripsacum dactyloides,Texas,2025-01-23 13:30:10,2025,1,23,30.10846,-97.28442,https://www.inaturalist.org/observations/259361408,NA,NA,
Tripsacum dactyloides,Texas,2025-01-16 10:27:49,2025,1,16,33.032829,-97.068125,https://www.inaturalist.org/observations/258661592,NA,NA,
Tripsacum dactyloides,Texas,2025-01-02 11:11:06,2025,1,2,29.721129,-98.127208,https://www.inaturalist.org/observations/257287287,NA,NA,
Tripsacum dactyloides,Texas,2025-01-06 13:56:17,2025,1,6,29.335056,-98.735672,https://www.inaturalist.org/observations/257717325,NA,NA,
Tripsacum dactyloides,Texas,2024-10-13 8:11:57,2024,10,13,30.053092,-99.47448,https://www.inaturalist.org/observations/247373965,NA,NA,
Tripsacum dactyloides,Texas,2024-11-07 14:54:25,2024,11,7,29.567831,-98.628243,https://www.inaturalist.org/observations/250863317,NA,NA,
Tripsacum dactyloides,Texas,2024-11-27 14:07:34,2024,11,27,33.057153,-96.672304,https://www.inaturalist.org/observations/253321645,NA,NA,
Tripsacum dactyloides,Texas,2024-10-22 11:26:56,2024,10,22,29.652701,-95.474491,https://www.inaturalist.org/observations/248628245,NA,NA,
Tripsacum dactyloides,Texas,2024-04-26 14:19:38,2024,4,26,29.931063,-95.737167,https://www.inaturalist.org/observations/214403745,NA,NA,
Tripsacum dactyloides,Texas,2024-07-20 10:57:10,2024,7,20,33.206596,-97.4819,https://www.inaturalist.org/observations/258003176,NA,NA,
Tripsacum dactyloides,Texas,2023-06-04 15:06:51,2023,6,4,31.069023,-98.176072,https://www.inaturalist.org/observations/165582794,NA,NA,
Tripsacum dactyloides,Texas,2024-11-10 10:06:28,2024,11,10,30.150426,-97.915684,https://www.inaturalist.org/observations/251184110,NA,NA,
Tripsacum dactyloides,Texas,2024-11-17 11:42:39,2024,11,17,30.314705,-98.480233,https://www.inaturalist.org/observations/252095507,NA,NA,
Tripsacum dactyloides,Texas,2024-12-26 15:18,2024,12,26,30.239538,-97.702921,https://www.inaturalist.org/observations/256308291,NA,NA,
Tripsacum dactyloides,Texas,2024-09-28 18:08:07,2024,9,28,29.393144,-98.497048,https://www.inaturalist.org/observations/244628167,NA,NA,
Tripsacum dactyloides,Texas,2024-06-08 9:16:46,2024,6,8,29.526074,-95.800268,https://www.inaturalist.org/observations/221604122,NA,NA,
Tripsacum dactyloides,Texas,2024-12-16 16:09:29,2024,12,16,29.772189,-95.432052,https://www.inaturalist.org/observations/255331317,NA,NA,
Tripsacum dactyloides,Texas,2024-10-12 10:25:50,2024,10,12,29.523689,-95.801109,https://www.inaturalist.org/observations/247161152,NA,NA,
Tripsacum dactyloides,Texas,2024-12-24 14:11:45,2024,12,24,30.182988,-97.729058,https://www.inaturalist.org/observations/256284456,NA,NA,
Tripsacum dactyloides,Texas,2024-11-27 9:10:39,2024,11,27,29.523922,-95.800144,https://www.inaturalist.org/observations/253293158,NA,NA,
Tripsacum dactyloides,Texas,2024-04-07 13:37:49,2024,4,7,33.2231,-95.915165,https://www.inaturalist.org/observations/254716208,NA,NA,
Tripsacum dactyloides,Texas,2024-04-29 16:34:55,2024,4,29,33.057231,-96.672638,https://www.inaturalist.org/observations/211945673,NA,NA,
Tripsacum dactyloides,Texas,2024-04-13 10:26,2024,4,13,29.766686,-95.452319,https://www.inaturalist.org/observations/244243625,NA,NA,
Tripsacum dactyloides,Texas,2024-11-29 14:13:53,2024,11,29,30.187953,-97.722105,https://www.inaturalist.org/observations/253583718,NA,NA,
Tripsacum dactyloides,Texas,2024-11-27 15:56:37,2024,11,27,29.713835,-98.136787,https://www.inaturalist.org/observations/253335279,NA,NA,
Tripsacum dactyloides,Texas,2024-11-24 11:19:05,2024,11,24,33.309872,-96.235071,https://www.inaturalist.org/observations/252898718,NA,NA,
Tripsacum dactyloides,Texas,2024-11-17 14:01,2024,11,17,33.062254,-96.980418,https://www.inaturalist.org/observations/252339986,NA,NA,
Tripsacum dactyloides,Texas,2024-11-23 9:30:14,2024,11,23,29.859555,-95.159347,https://www.inaturalist.org/observations/252725421,NA,NA,
Tripsacum dactyloides,Texas,2024-11-24 9:23:30,2024,11,24,33.308656,-96.229195,https://www.inaturalist.org/observations/252881551,NA,NA,
Tripsacum dactyloides,Texas,2024-11-14 13:35:12,2024,11,14,32.613787,-96.970725,https://www.inaturalist.org/observations/251694073,NA,NA,
Tripsacum dactyloides,Texas,2024-11-09 14:58:45,2024,11,9,33.087272,-96.685592,https://www.inaturalist.org/observations/251085864,NA,NA,
Tripsacum dactyloides,Texas,2024-09-21 13:46:08,2024,9,21,29.892387,-97.944183,https://www.inaturalist.org/observations/243179678,NA,NA,
Tripsacum dactyloides,Texas,2021-10-24T15:24:43Z,2021,10,24,29.762358,-95.44947,https://www.inaturalist.org/observations/99260497,NA,NA,
Tripsacum dactyloides,Texas,2024-11-10 12:43:59,2024,11,10,29.660397,-95.431093,https://www.inaturalist.org/observations/251248587,NA,NA,
Tripsacum dactyloides,Texas,2024-11-09 11:34:11,2024,11,9,29.86097,-95.1594,https://www.inaturalist.org/observations/251526718,NA,NA,
Tripsacum dactyloides,Texas,2024-09-17 11:40:21,2024,9,17,33.310211,-96.241022,https://www.inaturalist.org/observations/242359897,NA,NA,
Tripsacum dactyloides,Texas,2024-10-12 9:15,2024,10,12,33.056056,-96.670547,https://www.inaturalist.org/observations/251225297,NA,NA,
Tripsacum dactyloides,Texas,2024-11-07 14:52:06,2024,11,7,32.759292,-97.139581,https://www.inaturalist.org/observations/250835402,NA,NA,
Tripsacum dactyloides,Texas,2023-04-16 0:16:29,2023,4,16,30.498881,-98.819487,https://www.inaturalist.org/observations/158472746,NA,NA,
Tripsacum dactyloides,Texas,2023-04-16 3:21,2023,4,16,30.506123,-98.82229,https://www.inaturalist.org/observations/159436964,NA,NA,
Tripsacum dactyloides,Texas,2024-10-19 12:43,2024,10,19,29.008401,-94.805975,https://www.inaturalist.org/observations/248521768,NA,NA,
Tripsacum dactyloides,Texas,2024-10-19 8:16:35,2024,10,19,29.590951,-95.070968,https://www.inaturalist.org/observations/248061261,NA,NA,
Tripsacum dactyloides,Texas,2024-10-12 10:29,2024,10,12,29.523693,-95.800956,https://www.inaturalist.org/observations/247041771,NA,NA,
Tripsacum dactyloides,Texas,2024-11-01 12:25:48,2024,11,1,29.812754,-99.576254,https://www.inaturalist.org/observations/250276458,NA,NA,
Tripsacum dactyloides,Texas,2024-04-13 19:32:34,2024,4,13,30.240187,-97.701133,https://www.inaturalist.org/observations/207094640,NA,NA,
Tripsacum dactyloides,Texas,2024-10-06 16:37,2024,10,6,29.818448,-99.578169,https://www.inaturalist.org/observations/249716845,NA,NA,
Tripsacum dactyloides,Texas,2024-10-23 14:28:51,2024,10,23,29.588785,-95.151512,https://www.inaturalist.org/observations/248784923,NA,NA,
Tripsacum dactyloides,Texas,2024-10-24 11:22:31,2024,10,24,29.861095,-98.482588,https://www.inaturalist.org/observations/248957718,NA,NA,
Tripsacum dactyloides,Texas,2024-10-23 12:13:33,2024,10,23,29.767235,-95.428616,https://www.inaturalist.org/observations/248766206,NA,NA,
Tripsacum dactyloides,Texas,2024-10-19 9:53:05,2024,10,19,32.127833,-97.845367,https://www.inaturalist.org/observations/248119941,NA,NA,
Tripsacum dactyloides,Texas,2024-10-14 11:50:01,2024,10,14,29.325223,-103.277143,https://www.inaturalist.org/observations/247564537,NA,NA,
Tripsacum dactyloides,Texas,2024-10-09 18:15:01,2024,10,9,32.84944,-95.809541,https://www.inaturalist.org/observations/246547711,NA,NA,
Tripsacum dactyloides,Texas,2024-10-10 12:02,2024,10,10,32.593497,-94.626907,https://www.inaturalist.org/observations/246655498,NA,NA,
Tripsacum dactyloides,Texas,2024-10-12 13:40:34,2024,10,12,29.403495,-98.488447,https://www.inaturalist.org/observations/246993014,NA,NA,
Tripsacum dactyloides,Texas,2024-10-09 10:15,2024,10,9,32.703703,-96.705192,https://www.inaturalist.org/observations/246774041,NA,NA,
Tripsacum dactyloides,Texas,2024-10-12 10:11,2024,10,12,30.453025,-99.79943,https://www.inaturalist.org/observations/247485116,NA,NA,
Tripsacum dactyloides,Texas,2024-10-01 6:45,2024,10,1,31.050549,-94.375184,https://www.inaturalist.org/observations/246819083,NA,NA,
Tripsacum dactyloides,Texas,2024-10-12 11:20:22,2024,10,12,33.598837,-97.984894,https://www.inaturalist.org/observations/246978788,NA,NA,
Tripsacum dactyloides,Texas,2024-10-07 14:41:27,2024,10,7,30.246063,-97.711693,https://www.inaturalist.org/observations/246209504,NA,NA,
Tripsacum dactyloides,Texas,2018-04-30 11:37,2018,4,30,32.663217,-97.222152,https://www.inaturalist.org/observations/11993341,NA,NA,
Tripsacum dactyloides,Texas,2024-10-06 12:05:38,2024,10,6,32.851383,-97.477056,https://www.inaturalist.org/observations/246019970,NA,NA,
Tripsacum dactyloides,Texas,2024-09-13 10:16:09,2024,9,13,32.236918,-99.882301,https://www.inaturalist.org/observations/244948717,NA,NA,
Tripsacum dactyloides,Texas,2024-10-06 11:31,2024,10,6,29.718378,-101.022836,https://www.inaturalist.org/observations/246063893,NA,NA,
Tripsacum dactyloides,Texas,2024-10-05 9:25,2024,10,5,29.554237,-98.529115,https://www.inaturalist.org/observations/246060292,NA,NA,
Tripsacum dactyloides,Texas,2024-10-05 10:18:13,2024,10,5,32.703648,-96.70531,https://www.inaturalist.org/observations/245774771,NA,NA,
Tripsacum dactyloides,Texas,2024-09-18 14:38:03,2024,9,18,32.211125,-98.242355,https://www.inaturalist.org/observations/242595777,NA,NA,
Tripsacum dactyloides,Texas,2024-09-18 10:03:06,2024,9,18,29.712467,-98.558297,https://www.inaturalist.org/observations/242500020,NA,NA,
Tripsacum dactyloides,Texas,2024-09-18 18:28,2024,9,18,29.454351,-98.536929,https://www.inaturalist.org/observations/242583698,NA,NA,
Tripsacum dactyloides,Texas,2024-09-23 13:27:59,2024,9,23,30.493295,-95.394895,https://www.inaturalist.org/observations/243644863,NA,NA,
Tripsacum dactyloides,Texas,2024-09-22 13:09:34,2024,9,22,29.870813,-98.481972,https://www.inaturalist.org/observations/243521266,NA,NA,
Tripsacum dactyloides,Texas,2024-09-22 13:08:54,2024,9,22,29.870867,-98.481963,https://www.inaturalist.org/observations/243521400,NA,NA,
Tripsacum dactyloides,Texas,2024-09-13 10:00:35,2024,9,13,32.237817,-99.881888,https://www.inaturalist.org/observations/241542819,NA,NA,
Tripsacum dactyloides,Texas,2024-09-09 14:06:14,2024,9,9,31.628576,-94.646085,https://www.inaturalist.org/observations/240803249,NA,NA,
Tripsacum dactyloides,Texas,2024-07-06 14:03:32,2024,7,6,32.237109,-99.882126,https://www.inaturalist.org/observations/227611011,NA,NA,
Tripsacum dactyloides,Texas,2024-09-16 8:12:36,2024,9,16,29.56728,-99.726828,https://www.inaturalist.org/observations/242176238,NA,NA,
Tripsacum dactyloides,Texas,2024-09-14 11:01:17,2024,9,14,33.685814,-96.787232,https://www.inaturalist.org/observations/241666960,NA,NA,
Tripsacum dactyloides,Texas,2024-04-15 15:53,2024,4,15,29.780813,-98.709714,https://www.inaturalist.org/observations/239205506,NA,NA,
Tripsacum dactyloides,Texas,2024-09-14 9:49:58,2024,9,14,29.679866,-98.294167,https://www.inaturalist.org/observations/241650693,NA,NA,
Tripsacum dactyloides,Texas,2024-09-13 10:14:15,2024,9,13,32.237086,-99.882233,https://www.inaturalist.org/observations/241469811,NA,NA,
Tripsacum dactyloides,Texas,2024-09-02 12:42:16,2024,9,2,31.351365,-95.517378,https://www.inaturalist.org/observations/239436541,NA,NA,
Tripsacum dactyloides,Texas,2024-09-05 9:41:44,2024,9,5,33.054233,-96.93608,https://www.inaturalist.org/observations/240027696,NA,NA,
Tripsacum dactyloides,Texas,2024-09-07 13:34:53,2024,9,7,31.552176,-95.240305,https://www.inaturalist.org/observations/240430027,NA,NA,
Tripsacum dactyloides,Texas,2024-06-15 11:46:53,2024,6,15,33.032435,-97.068455,https://www.inaturalist.org/observations/238467904,NA,NA,
Tripsacum dactyloides,Texas,2024-09-13 10:14:14,2024,9,13,32.237204,-99.882132,https://www.inaturalist.org/observations/241469322,NA,NA,
Tripsacum dactyloides,Texas,2024-09-13 10:12:57,2024,9,13,32.237177,-99.882092,https://www.inaturalist.org/observations/241508039,NA,NA,
Tripsacum dactyloides,Texas,2024-09-13 10:18,2024,9,13,32.236827,-99.882373,https://www.inaturalist.org/observations/241660622,NA,NA,
Tripsacum dactyloides,Texas,2024-09-05 9:50:31,2024,9,5,31.177662,-97.41735,https://www.inaturalist.org/observations/239999479,NA,NA,
Tripsacum dactyloides,Texas,2024-09-11 13:37:25,2024,9,11,29.781912,-98.710145,https://www.inaturalist.org/observations/241150240,NA,NA,
Tripsacum dactyloides,Texas,2024-09-13 10:14:06,2024,9,13,32.237104,-99.88221,https://www.inaturalist.org/observations/241518094,NA,NA,
Tripsacum dactyloides,Texas,2024-09-09 14:13:41,2024,9,9,31.628529,-94.646036,https://www.inaturalist.org/observations/240805424,NA,NA,
Tripsacum dactyloides,Texas,2024-09-08 14:25:54,2024,9,8,31.546233,-95.233981,https://www.inaturalist.org/observations/240661276,NA,NA,
Tripsacum dactyloides,Texas,2023-04-22 11:25:35,2023,4,22,33.306757,-96.237521,https://www.inaturalist.org/observations/156097268,NA,NA,
Tripsacum dactyloides,Texas,2023-04-22 10:09:03,2023,4,22,33.304743,-96.23706,https://www.inaturalist.org/observations/156057235,NA,NA,
Tripsacum dactyloides,Texas,2024-04-28 14:40,2024,4,28,29.572309,-94.391746,https://www.inaturalist.org/observations/213024109,NA,NA,
Tripsacum dactyloides,Texas,2020-09-26 12:37,2020,9,26,29.563001,-95.12288,https://www.inaturalist.org/observations/60913267,NA,NA,
Tripsacum dactyloides,Texas,2024-06-29 9:06:36,2024,6,29,29.721183,-98.127425,https://www.inaturalist.org/observations/226190001,NA,NA,
Tripsacum dactyloides,Texas,2023-05-12 9:51:40,2023,5,12,32.929731,-96.448148,https://www.inaturalist.org/observations/161305696,NA,NA,
Tripsacum dactyloides,Texas,2024-08-18 10:52:51,2024,8,18,29.86108,-98.482562,https://www.inaturalist.org/observations/236713467,NA,NA,
Tripsacum dactyloides,Texas,2024-04-26 18:17,2024,4,26,29.588807,-95.151341,https://www.inaturalist.org/observations/212485437,NA,NA,
Tripsacum dactyloides,Texas,2023-05-14 9:37:58,2023,5,14,32.704299,-96.704273,https://www.inaturalist.org/observations/161659079,NA,NA,
Tripsacum dactyloides,Texas,2024-06-28 12:09:08,2024,6,28,30.182767,-96.608548,https://www.inaturalist.org/observations/225836208,NA,NA,
Tripsacum dactyloides,Texas,2023-05-14 9:55:39,2023,5,14,32.705522,-96.704543,https://www.inaturalist.org/observations/161659610,NA,NA,
Tripsacum dactyloides,Texas,2024-08-25 10:46:34,2024,8,25,29.582445,-98.765717,https://www.inaturalist.org/observations/238200628,NA,NA,
Tripsacum dactyloides,Texas,2024-04-27 18:03:41,2024,4,27,29.563797,-95.121764,https://www.inaturalist.org/observations/210613098,NA,NA,
Tripsacum dactyloides,Texas,2024-03-30 12:35:53,2024,3,30,29.926348,-95.923959,https://www.inaturalist.org/observations/205989796,NA,NA,
Tripsacum dactyloides,Texas,2023-05-13 10:12,2023,5,13,29.523638,-95.801063,https://www.inaturalist.org/observations/161494533,NA,NA,
Tripsacum dactyloides,Texas,2023-05-14 9:48:46,2023,5,14,32.691558,-96.726821,https://www.inaturalist.org/observations/161659406,NA,NA,
Tripsacum dactyloides,Texas,2021-05-21 7:56:52,2021,5,21,30.338995,-97.895303,https://www.inaturalist.org/observations/79818483,NA,NA,
Tripsacum dactyloides,Texas,2024-08-10 9:37:48,2024,8,10,29.581561,-95.415532,https://www.inaturalist.org/observations/234929211,NA,NA,
Tripsacum dactyloides,Texas,2024-08-29 15:52,2024,8,29,30.41788,-97.758719,https://www.inaturalist.org/observations/239101113,NA,NA,
Tripsacum dactyloides,Texas,2023-04-22 12:03:32,2023,4,22,33.306719,-96.234657,https://www.inaturalist.org/observations/156098758,NA,NA,
Tripsacum dactyloides,Texas,2024-04-16 15:30:26,2024,4,16,29.524389,-95.799989,https://www.inaturalist.org/observations/207646687,NA,NA,
Tripsacum dactyloides,Texas,2024-09-02 8:43,2024,9,2,33.085951,-96.685487,https://www.inaturalist.org/observations/239423721,NA,NA,
Tripsacum dactyloides,Texas,2024-08-30 9:42:03,2024,8,30,29.707794,-95.385918,https://www.inaturalist.org/observations/238777188,NA,NA,
Tripsacum dactyloides,Texas,2018-04-28 15:59,2018,4,28,30.291959,-97.711715,https://www.inaturalist.org/observations/11707175,NA,NA,
Tripsacum dactyloides,Texas,2023-05-01 12:37,2023,5,1,29.589727,-95.150822,https://www.inaturalist.org/observations/160387164,NA,NA,
Tripsacum dactyloides,Texas,2023-05-04 18:53:43,2023,5,4,30.34888,-97.742233,https://www.inaturalist.org/observations/159869543,NA,NA,
Tripsacum dactyloides,Texas,2021-06-18 20:15,2021,6,18,30.30538,-97.739478,https://www.inaturalist.org/observations/84144200,NA,NA,
Tripsacum dactyloides,Texas,2018-04-27 16:00,2018,4,27,30.284539,-97.700644,https://www.inaturalist.org/observations/11773370,NA,NA,
Tripsacum dactyloides,Texas,2021-05-02 12:00,2021,5,2,29.742549,-95.078346,https://www.inaturalist.org/observations/77519338,NA,NA,
Tripsacum dactyloides,Texas,2018-04-27 16:02,2018,4,27,30.284581,-97.700644,https://www.inaturalist.org/observations/11773920,NA,NA,
Tripsacum dactyloides,Texas,2023-05-01 16:08,2023,5,1,29.563067,-95.122933,https://www.inaturalist.org/observations/160433109,NA,NA,
Tripsacum dactyloides,Texas,2024-04-26 16:17:20,2024,4,26,29.522975,-95.801467,https://www.inaturalist.org/observations/211503688,NA,NA,
Tripsacum dactyloides,Texas,2024-04-27 10:43:51,2024,4,27,29.79371,-98.734361,https://www.inaturalist.org/observations/210261931,NA,NA,
Tripsacum dactyloides,Texas,2024-08-17 9:50:08,2024,8,17,30.247812,-97.725975,https://www.inaturalist.org/observations/236287804,NA,NA,
Tripsacum dactyloides,Texas,2023-05-14 9:49:30,2023,5,14,32.705128,-96.704753,https://www.inaturalist.org/observations/161659429,NA,NA,
Tripsacum dactyloides,Texas,2024-04-26 16:17:04,2024,4,26,29.522972,-95.801453,https://www.inaturalist.org/observations/211503634,NA,NA,
Tripsacum dactyloides,Texas,2024-08-21 13:39:09,2024,8,21,32.608833,-96.991696,https://www.inaturalist.org/observations/237151279,NA,NA,
Tripsacum dactyloides,Texas,2024-08-27 9:53:32,2024,8,27,29.969575,-98.834956,https://www.inaturalist.org/observations/238269930,NA,NA,
Tripsacum dactyloides,Texas,2024-06-30 12:34:34,2024,6,30,29.593658,-95.070733,https://www.inaturalist.org/observations/226332255,NA,NA,
Tripsacum dactyloides,Texas,2024-06-30 16:44,2024,6,30,30.182718,-97.729309,https://www.inaturalist.org/observations/227140241,NA,NA,
Tripsacum dactyloides,Texas,2024-04-27 13:47,2024,4,27,30.140477,-95.166385,https://www.inaturalist.org/observations/212774899,NA,NA,
Tripsacum dactyloides,Texas,2023-05-07 15:03:58,2023,5,7,32.753768,-96.84905,https://www.inaturalist.org/observations/160606680,NA,NA,
Tripsacum dactyloides,Texas,2022-06-04 11:04:43,2022,6,4,30.348987,-97.742905,https://www.inaturalist.org/observations/120185370,NA,NA,
Tripsacum dactyloides,Texas,2024-08-12 10:50:23,2024,8,12,29.536133,-98.437942,https://www.inaturalist.org/observations/235392564,NA,NA,
Tripsacum dactyloides,Texas,2023-04-22 11:54:10,2023,4,22,33.306049,-96.235168,https://www.inaturalist.org/observations/156098366,NA,NA,
Tripsacum dactyloides,Texas,2010-11-03 12:02,2010,11,3,30.506579,-98.81893,https://www.inaturalist.org/observations/16075639,NA,NA,
Tripsacum dactyloides,Texas,2024-04-26 19:50,2024,4,26,29.530464,-95.01199,https://www.inaturalist.org/observations/212619839,NA,NA,
Tripsacum dactyloides,Texas,2024-06-25 9:07,2024,6,25,32.764305,-97.13151,https://www.inaturalist.org/observations/225162851,NA,NA,
Tripsacum dactyloides,Texas,2024-08-19 10:15:40,2024,8,19,29.779953,-98.709607,https://www.inaturalist.org/observations/236733603,NA,NA,
Tripsacum dactyloides,Texas,2024-08-17 10:42:25,2024,8,17,29.046367,-95.475587,https://www.inaturalist.org/observations/236337912,NA,NA,
Tripsacum dactyloides,Texas,2024-08-19 10:14:58,2024,8,19,29.779945,-98.70955,https://www.inaturalist.org/observations/236903193,NA,NA,
Tripsacum dactyloides,Texas,2024-08-17 10:36:33,2024,8,17,30.246368,-97.727768,https://www.inaturalist.org/observations/236297757,NA,NA,
Tripsacum dactyloides,Texas,2024-08-16 10:14:15,2024,8,16,29.568713,-98.526162,https://www.inaturalist.org/observations/236160056,NA,NA,
Tripsacum dactyloides,Texas,2024-08-05 16:40:15,2024,8,5,29.60544,-98.430416,https://www.inaturalist.org/observations/234035109,NA,NA,
Tripsacum dactyloides,Texas,2024-08-17 8:55:20,2024,8,17,32.705117,-96.70478,https://www.inaturalist.org/observations/236356509,NA,NA,
Tripsacum dactyloides,Texas,2024-08-13 10:59:05,2024,8,13,30.208867,-96.680992,https://www.inaturalist.org/observations/235811503,NA,NA,
Tripsacum dactyloides,Texas,2024-06-22 9:24:49,2024,6,22,33.307322,-96.26043,https://www.inaturalist.org/observations/224397034,NA,NA,
Tripsacum dactyloides,Texas,2024-08-17 11:18:27,2024,8,17,30.184458,-97.727347,https://www.inaturalist.org/observations/236585583,NA,NA,
Tripsacum dactyloides,Texas,2024-08-02 19:12:43,2024,8,2,29.556756,-98.503628,https://www.inaturalist.org/observations/233386216,NA,NA,
Tripsacum dactyloides,Texas,2024-06-28 20:06:22,2024,6,28,31.068955,-98.176114,https://www.inaturalist.org/observations/225831572,NA,NA,
Tripsacum dactyloides,Texas,2024-08-07 12:51:19,2024,8,7,29.713955,-98.136667,https://www.inaturalist.org/observations/234371990,NA,NA,
Tripsacum dactyloides,Texas,2024-07-07 7:53:23,2024,7,7,31.3259,-95.480553,https://www.inaturalist.org/observations/227755027,NA,NA,
Tripsacum dactyloides,Texas,2024-07-02 7:51:47,2024,7,2,30.057463,-99.470718,https://www.inaturalist.org/observations/226668524,NA,NA,
Tripsacum dactyloides,Texas,2024-08-10 9:40:38,2024,8,10,29.580932,-95.416921,https://www.inaturalist.org/observations/234883964,NA,NA,
Tripsacum dactyloides,Texas,2024-07-29 6:53,2024,7,29,30.239043,-98.635941,https://www.inaturalist.org/observations/235420028,NA,NA,
Tripsacum dactyloides,Texas,2024-06-13 9:35:35,2024,6,13,32.754196,-96.848659,https://www.inaturalist.org/observations/233122134,NA,NA,
Tripsacum dactyloides,Texas,2024-08-10 9:39:24,2024,8,10,29.580916,-95.416916,https://www.inaturalist.org/observations/234885737,NA,NA,
Tripsacum dactyloides,Texas,2024-07-29 8:53:16,2024,7,29,30.24403,-98.583887,https://www.inaturalist.org/observations/234164823,NA,NA,
Tripsacum dactyloides,Texas,2024-08-01 9:04:54,2024,8,1,32.619362,-96.98562,https://www.inaturalist.org/observations/233090357,NA,NA,
Tripsacum dactyloides,Texas,2024-08-06 11:46:10,2024,8,6,29.551286,-98.520956,https://www.inaturalist.org/observations/234189451,NA,NA,
Tripsacum dactyloides,Texas,5/4/14,2014,5,4,29.187,-99.789,https://www.inaturalist.org/observations/231406393,NA,NA,
Tripsacum dactyloides,Texas,2024-07-21 10:27:15,2024,7,21,29.859136,-98.48511,https://www.inaturalist.org/observations/231617533,NA,NA,
Tripsacum dactyloides,Texas,2024-06-24 9:18:58,2024,6,24,30.450175,-99.799842,https://www.inaturalist.org/observations/224942294,NA,NA,
Tripsacum dactyloides,Texas,2024-06-21 9:50:28,2024,6,21,30.332832,-98.181304,https://www.inaturalist.org/observations/224240200,NA,NA,
Tripsacum dactyloides,Texas,6/16/24,2024,6,16,32.845828,-97.484776,https://www.inaturalist.org/observations/223477594,NA,NA,
Tripsacum dactyloides,Texas,2024-06-20 8:31:31,2024,6,20,32.470088,-95.30323,https://www.inaturalist.org/observations/224376045,NA,NA,
Tripsacum dactyloides,Texas,2024-06-14 13:40:44,2024,6,14,32.237975,-98.203599,https://www.inaturalist.org/observations/223629905,NA,NA,
Tripsacum dactyloides,Texas,2024-06-17 15:04:55,2024,6,17,30.624533,-97.479662,https://www.inaturalist.org/observations/223483381,NA,NA,
Tripsacum dactyloides,Texas,2024-05-14 6:46,2024,5,14,33.259772,-96.523842,https://www.inaturalist.org/observations/215731442,NA,NA,
Tripsacum dactyloides,Texas,2024-06-09 9:44:27,2024,6,9,33.129921,-96.851602,https://www.inaturalist.org/observations/221625419,NA,NA,
Tripsacum dactyloides,Texas,2024-06-07 8:53:45,2024,6,7,29.721245,-98.127392,https://www.inaturalist.org/observations/221096368,NA,NA,
Tripsacum dactyloides,Texas,2024-07-05 19:11:18,2024,7,5,33.054653,-96.658816,https://www.inaturalist.org/observations/227411991,NA,NA,
Tripsacum dactyloides,Texas,2024-07-10 11:06,2024,7,10,29.741045,-98.841846,https://www.inaturalist.org/observations/228665054,NA,NA,
Tripsacum dactyloides,Texas,2024-05-27 9:33:52,2024,5,27,33.055725,-96.669083,https://www.inaturalist.org/observations/219211202,NA,NA,
Tripsacum dactyloides,Texas,2024-06-05 21:10:31,2024,6,5,33.70135,-95.651117,https://www.inaturalist.org/observations/220816207,NA,NA,
Tripsacum dactyloides,Texas,2024-06-09 9:46:03,2024,6,9,33.129892,-96.851713,https://www.inaturalist.org/observations/221704862,NA,NA,
Tripsacum dactyloides,Texas,2024-07-09 19:51:05,2024,7,9,31.628618,-94.646233,https://www.inaturalist.org/observations/228356693,NA,NA,
Tripsacum dactyloides,Texas,2024-07-11 19:55:48,2024,7,11,29.671238,-95.110704,https://www.inaturalist.org/observations/228738446,NA,NA,
Tripsacum dactyloides,Texas,2024-06-12 8:41:52,2024,6,12,33.212276,-97.07971,https://www.inaturalist.org/observations/222233960,NA,NA,
Tripsacum dactyloides,Texas,2024-06-08 19:39:59,2024,6,8,30.093231,-98.421346,https://www.inaturalist.org/observations/221463891,NA,NA,
Tripsacum dactyloides,Texas,2024-05-23 11:36,2024,5,23,33.159583,-96.619081,https://www.inaturalist.org/observations/219830913,NA,NA,
Tripsacum dactyloides,Texas,2024-06-11 11:56:04,2024,6,11,30.218053,-97.639305,https://www.inaturalist.org/observations/223140672,NA,NA,
Tripsacum dactyloides,Texas,2024-06-28 10:52,2024,6,28,30.335412,-98.138144,https://www.inaturalist.org/observations/228461478,NA,NA,
Tripsacum dactyloides,Texas,2024-07-17 10:55,2024,7,17,32.851163,-97.477165,https://www.inaturalist.org/observations/230009628,NA,NA,
Tripsacum dactyloides,Texas,2024-06-15 9:22,2024,6,15,30.340746,-97.89077,https://www.inaturalist.org/observations/222983262,NA,NA,
Tripsacum dactyloides,Texas,2024-05-11 11:22:26,2024,5,11,33.274158,-96.299322,https://www.inaturalist.org/observations/225769986,NA,NA,
Tripsacum dactyloides,Texas,2024-05-21 10:48:05,2024,5,21,33.74038,-95.673017,https://www.inaturalist.org/observations/218653319,NA,NA,
Tripsacum dactyloides,Texas,2024-05-21 10:51:05,2024,5,21,33.017728,-97.097022,https://www.inaturalist.org/observations/217353719,NA,NA,
Tripsacum dactyloides,Texas,2024-06-29 9:11:47,2024,6,29,30.650928,-97.68377,https://www.inaturalist.org/observations/225983237,NA,NA,
Tripsacum dactyloides,Texas,2024-05-20 10:02:21,2024,5,20,29.775872,-98.709843,https://www.inaturalist.org/observations/217103304,NA,NA,
Tripsacum dactyloides,Texas,2024-05-18 8:26,2024,5,18,31.911538,-95.900602,https://www.inaturalist.org/observations/225432042,NA,NA,
Tripsacum dactyloides,Texas,2024-05-24 18:04:31,2024,5,24,30.19537,-97.842362,https://www.inaturalist.org/observations/217995872,NA,NA,
Tripsacum dactyloides,Texas,2024-05-19 7:36:22,2024,5,19,32.957594,-96.762214,https://www.inaturalist.org/observations/216781660,NA,NA,
Tripsacum dactyloides,Texas,2024-05-25 9:48:58,2024,5,25,33.440505,-97.55893,https://www.inaturalist.org/observations/218204205,NA,NA,
Tripsacum dactyloides,Texas,2024-05-25 20:34:49,2024,5,25,30.5718,-97.948219,https://www.inaturalist.org/observations/218264731,NA,NA,
Tripsacum dactyloides,Texas,2024-06-29 9:12,2024,6,29,30.650889,-97.683761,https://www.inaturalist.org/observations/226037375,NA,NA,
Tripsacum dactyloides,Texas,2024-05-20 16:51,2024,5,20,30.250717,-97.758489,https://www.inaturalist.org/observations/226468226,NA,NA,
Tripsacum dactyloides,Texas,2024-05-24 8:22:31,2024,5,24,30.383687,-97.656012,https://www.inaturalist.org/observations/217886550,NA,NA,
Tripsacum dactyloides,Texas,2024-05-21 7:40:21,2024,5,21,30.305221,-97.913347,https://www.inaturalist.org/observations/217373798,NA,NA,
Tripsacum dactyloides,Texas,2024-05-23 18:31:09,2024,5,23,29.5995,-98.53963,https://www.inaturalist.org/observations/217800098,NA,NA,
Tripsacum dactyloides,Texas,2024-05-25 10:32:18,2024,5,25,33.087192,-96.703944,https://www.inaturalist.org/observations/218157853,NA,NA,
Tripsacum dactyloides,Texas,2024-07-01 15:07,2024,7,1,33.086796,-96.702733,https://www.inaturalist.org/observations/226538440,NA,NA,
Tripsacum dactyloides,Texas,2024-06-17 11:26:02,2024,6,17,29.98749,-98.038566,https://www.inaturalist.org/observations/223364345,NA,NA,
Tripsacum dactyloides,Texas,2024-05-23 9:11:15,2024,5,23,29.368456,-98.472842,https://www.inaturalist.org/observations/217692669,NA,NA,
Tripsacum dactyloides,Texas,2024-05-21 16:57:02,2024,5,21,30.202676,-98.63958,https://www.inaturalist.org/observations/218471583,NA,NA,
Tripsacum dactyloides,Texas,2024-05-26 14:56:33,2024,5,26,29.985833,-98.066223,https://www.inaturalist.org/observations/218466142,NA,NA,
Tripsacum dactyloides,Texas,2024-06-12 10:41,2024,6,12,29.586538,-95.008156,https://www.inaturalist.org/observations/223607317,NA,NA,
Tripsacum dactyloides,Texas,2024-04-09 15:28:26,2024,4,9,32.992713,-96.747108,https://www.inaturalist.org/observations/215737373,NA,NA,
Tripsacum dactyloides,Texas,2024-05-10 9:50:56,2024,5,10,30.25803,-97.752983,https://www.inaturalist.org/observations/216642857,NA,NA,
Tripsacum dactyloides,Texas,2024-05-13 18:48:09,2024,5,13,31.713053,-94.581435,https://www.inaturalist.org/observations/215606964,NA,NA,
Tripsacum dactyloides,Texas,2024-05-14 9:54:53,2024,5,14,29.927611,-95.922991,https://www.inaturalist.org/observations/215738424,NA,NA,
Tripsacum dactyloides,Texas,2024-05-18 10:18:57,2024,5,18,33.311545,-96.244897,https://www.inaturalist.org/observations/216614873,NA,NA,
Tripsacum dactyloides,Texas,2024-06-13 9:35:37,2024,6,13,32.753592,-96.849171,https://www.inaturalist.org/observations/222448658,NA,NA,
Tripsacum dactyloides,Texas,2024-06-22 19:42:57,2024,6,22,29.671776,-95.109489,https://www.inaturalist.org/observations/224530236,NA,NA,
Tripsacum dactyloides,Texas,2024-06-20 11:09:56,2024,6,20,32.812423,-98.043434,https://www.inaturalist.org/observations/224000341,NA,NA,
Tripsacum dactyloides,Texas,2024-06-15 10:21:54,2024,6,15,29.741745,-95.430237,https://www.inaturalist.org/observations/222874501,NA,NA,
Tripsacum dactyloides,Texas,2024-06-14 14:14,2024,6,14,29.583947,-95.425317,https://www.inaturalist.org/observations/222750604,NA,NA,
Tripsacum dactyloides,Texas,2024-06-22 11:25,2024,6,22,32.771563,-97.024284,https://www.inaturalist.org/observations/224448921,NA,NA,
Tripsacum dactyloides,Texas,2024-06-21 8:08:20,2024,6,21,29.858137,-95.161103,https://www.inaturalist.org/observations/224253657,NA,NA,
Tripsacum dactyloides,Texas,2024-06-13 11:16:50,2024,6,13,29.668091,-96.266792,https://www.inaturalist.org/observations/222468341,NA,NA,
Tripsacum dactyloides,Texas,2024-05-18 15:25,2024,5,18,30.193017,-98.458603,https://www.inaturalist.org/observations/216645319,NA,NA,
Tripsacum dactyloides,Texas,2024-05-17 13:18,2024,5,17,32.771748,-97.024603,https://www.inaturalist.org/observations/216394419,NA,NA,
Tripsacum dactyloides,Texas,2024-06-07 9:53,2024,6,7,32.704903,-96.705883,https://www.inaturalist.org/observations/222529078,NA,NA,
Tripsacum dactyloides,Texas,2024-05-13 8:03:29,2024,5,13,30.263455,-97.770697,https://www.inaturalist.org/observations/215560757,NA,NA,
Tripsacum dactyloides,Texas,2024-05-06 19:37:48,2024,5,6,30.250547,-97.758637,https://www.inaturalist.org/observations/216367085,NA,NA,
Tripsacum dactyloides,Texas,2024-06-09 9:45:46,2024,6,9,33.129908,-96.851587,https://www.inaturalist.org/observations/221659382,NA,NA,
Tripsacum dactyloides,Texas,2024-06-06 15:47:21,2024,6,6,29.668743,-96.266487,https://www.inaturalist.org/observations/220966741,NA,NA,
Tripsacum dactyloides,Texas,2024-06-11 9:58:54,2024,6,11,30.220705,-97.901587,https://www.inaturalist.org/observations/222043333,NA,NA,
Tripsacum dactyloides,Texas,2024-06-01 10:36:20,2024,6,1,30.501969,-98.814135,https://www.inaturalist.org/observations/220374876,NA,NA,
Tripsacum dactyloides,Texas,2024-06-04 10:50:07,2024,6,4,33.064959,-96.977087,https://www.inaturalist.org/observations/221416021,NA,NA,
Tripsacum dactyloides,Texas,2024-05-11 10:24:48,2024,5,11,32.497887,-96.95928,https://www.inaturalist.org/observations/215016029,NA,NA,
Tripsacum dactyloides,Texas,2024-06-08 20:08:36,2024,6,8,32.668358,-94.165035,https://www.inaturalist.org/observations/221602768,NA,NA,
Tripsacum dactyloides,Texas,2024-05-11 10:07:18,2024,5,11,33.297945,-96.401678,https://www.inaturalist.org/observations/215160729,NA,NA,
Tripsacum dactyloides,Texas,2024-06-11 6:53:29,2024,6,11,32.813447,-96.711662,https://www.inaturalist.org/observations/222012274,NA,NA,
Tripsacum dactyloides,Texas,2024-06-08 11:18:25,2024,6,8,32.684669,-94.16288,https://www.inaturalist.org/observations/221339862,NA,NA,
Tripsacum dactyloides,Texas,2024-06-10 15:09:22,2024,6,10,32.033377,-95.888227,https://www.inaturalist.org/observations/221887836,NA,NA,
Tripsacum dactyloides,Texas,2024-06-08 9:21:25,2024,6,8,29.52442,-95.800453,https://www.inaturalist.org/observations/221390968,NA,NA,
Tripsacum dactyloides,Texas,2024-05-12 13:07:21,2024,5,12,30.2426,-97.698822,https://www.inaturalist.org/observations/215328334,NA,NA,
Tripsacum dactyloides,Texas,2024-05-11 11:22:21,2024,5,11,33.274212,-96.29937,https://www.inaturalist.org/observations/215167440,NA,NA,
Tripsacum dactyloides,Texas,2024-06-10 9:57:23,2024,6,10,33.307739,-96.232888,https://www.inaturalist.org/observations/221845390,NA,NA,
Tripsacum dactyloides,Texas,2024-06-07 11:55:33,2024,6,7,33.046668,-96.847979,https://www.inaturalist.org/observations/221127991,NA,NA,
Tripsacum dactyloides,Texas,2024-05-11 10:02:29,2024,5,11,33.273603,-96.296045,https://www.inaturalist.org/observations/215161643,NA,NA,
Tripsacum dactyloides,Texas,2024-05-04 9:05,2024,5,4,29.556308,-94.393177,https://www.inaturalist.org/observations/213897636,NA,NA,
Tripsacum dactyloides,Texas,2024-06-02 15:57,2024,6,2,30.110444,-97.290917,https://www.inaturalist.org/observations/220364667,NA,NA,
Tripsacum dactyloides,Texas,2024-06-02 14:50:38,2024,6,2,29.917355,-98.121125,https://www.inaturalist.org/observations/220091784,NA,NA,
Tripsacum dactyloides,Texas,2024-06-03 12:56:02,2024,6,3,32.662,-97.22307,https://www.inaturalist.org/observations/220357792,NA,NA,
Tripsacum dactyloides,Texas,2024-05-08 14:06:50,2024,5,8,30.095839,-96.291612,https://www.inaturalist.org/observations/214468082,NA,NA,
Tripsacum dactyloides,Texas,2024-05-27 9:01:31,2024,5,27,33.054183,-96.667228,https://www.inaturalist.org/observations/219227464,NA,NA,
Tripsacum dactyloides,Texas,2024-04-20 8:50,2024,4,20,30.336305,-97.891369,https://www.inaturalist.org/observations/214283576,NA,NA,
Tripsacum dactyloides,Texas,2024-05-08 11:22:47,2024,5,8,30.348822,-97.74298,https://www.inaturalist.org/observations/214410910,NA,NA,
Tripsacum dactyloides,Texas,2024-05-04 14:55:57,2024,5,4,30.28298,-97.779412,https://www.inaturalist.org/observations/213602287,NA,NA,
Tripsacum dactyloides,Texas,2024-04-19 11:27:33,2024,4,19,29.816758,-99.570695,https://www.inaturalist.org/observations/214189429,NA,NA,
Tripsacum dactyloides,Texas,2024-05-03 14:17:41,2024,5,3,33.701395,-95.651032,https://www.inaturalist.org/observations/213222106,NA,NA,
Tripsacum dactyloides,Texas,2024-05-05 16:33,2024,5,5,33.047419,-96.84868,https://www.inaturalist.org/observations/213848459,NA,NA,
Tripsacum dactyloides,Texas,2024-06-01 13:33:55,2024,6,1,29.554558,-98.529472,https://www.inaturalist.org/observations/219838889,NA,NA,
Tripsacum dactyloides,Texas,2024-05-03 10:19,2024,5,3,33.065033,-96.976836,https://www.inaturalist.org/observations/213246561,NA,NA,
Tripsacum dactyloides,Texas,2024-05-11 10:46:16,2024,5,11,29.045247,-95.474974,https://www.inaturalist.org/observations/215057974,NA,NA,
Tripsacum dactyloides,Texas,2024-05-01 6:59:32,2024,5,1,29.76891,-95.428455,https://www.inaturalist.org/observations/212908175,NA,NA,
Tripsacum dactyloides,Texas,2024-05-23 9:18:19,2024,5,23,29.722732,-98.125778,https://www.inaturalist.org/observations/217694444,NA,NA,
Tripsacum dactyloides,Texas,2024-04-30 10:53:04,2024,4,30,33.018028,-96.873962,https://www.inaturalist.org/observations/212362393,NA,NA,
Tripsacum dactyloides,Texas,2024-04-24 13:21:31,2024,4,24,29.699595,-95.451703,https://www.inaturalist.org/observations/212174710,NA,NA,
Tripsacum dactyloides,Texas,2024-05-28 12:57:16,2024,5,28,30.62513,-97.479683,https://www.inaturalist.org/observations/218949729,NA,NA,
Tripsacum dactyloides,Texas,2024-05-05 14:05:58,2024,5,5,30.58139,-94.379022,https://www.inaturalist.org/observations/213780121,NA,NA,
Tripsacum dactyloides,Texas,2024-05-23 9:09:47,2024,5,23,29.722179,-98.125357,https://www.inaturalist.org/observations/217692586,NA,NA,
Tripsacum dactyloides,Texas,2024-04-29 19:34,2024,4,29,29.801735,-99.253929,https://www.inaturalist.org/observations/212284052,NA,NA,
Tripsacum dactyloides,Texas,2024-05-25 18:52:09,2024,5,25,29.672087,-95.109589,https://www.inaturalist.org/observations/218272593,NA,NA,
Tripsacum dactyloides,Texas,2024-05-11 10:18:11,2024,5,11,29.721195,-98.127372,https://www.inaturalist.org/observations/215027468,NA,NA,
Tripsacum dactyloides,Texas,2024-04-27 10:28:54,2024,4,27,33.309614,-96.243448,https://www.inaturalist.org/observations/211247126,NA,NA,
Tripsacum dactyloides,Texas,2024-05-15 13:39:09,2024,5,15,29.553593,-98.530411,https://www.inaturalist.org/observations/215961538,NA,NA,
Tripsacum dactyloides,Texas,2024-05-11 13:17:37,2024,5,11,29.817336,-99.576901,https://www.inaturalist.org/observations/215106481,NA,NA,
Tripsacum dactyloides,Texas,2024-05-11 10:35:23,2024,5,11,31.018385,-97.427932,https://www.inaturalist.org/observations/215899364,NA,NA,
Tripsacum dactyloides,Texas,2024-05-11 11:33:23,2024,5,11,29.790077,-99.214639,https://www.inaturalist.org/observations/215032803,NA,NA,
Tripsacum dactyloides,Texas,2024-04-12 17:52:38,2024,4,12,30.498663,-98.817603,https://www.inaturalist.org/observations/211716289,NA,NA,
Tripsacum dactyloides,Texas,2024-05-06 8:33:51,2024,5,6,29.712187,-98.136917,https://www.inaturalist.org/observations/215809695,NA,NA,
Tripsacum dactyloides,Texas,2024-04-29 15:43:45,2024,4,29,32.790692,-97.100779,https://www.inaturalist.org/observations/211838484,NA,NA,
Tripsacum dactyloides,Texas,2024-04-27 13:19:53,2024,4,27,30.139577,-95.163466,https://www.inaturalist.org/observations/211672043,NA,NA,
Tripsacum dactyloides,Texas,2024-03-27 18:49:09,2024,3,27,29.557297,-98.533821,https://www.inaturalist.org/observations/204207681,NA,NA,
Tripsacum dactyloides,Texas,2024-05-16 18:54:56,2024,5,16,30.627411,-97.694732,https://www.inaturalist.org/observations/216212425,NA,NA,
Tripsacum dactyloides,Texas,2024-05-11 10:02:55,2024,5,11,33.273608,-96.296058,https://www.inaturalist.org/observations/215979623,NA,NA,
Tripsacum dactyloides,Texas,2023-11-04 10:10:30,2023,11,4,29.808542,-99.571364,https://www.inaturalist.org/observations/189999337,NA,NA,
Tripsacum dactyloides,Texas,2024-04-30 17:16:30,2024,4,30,29.61033,-98.439548,https://www.inaturalist.org/observations/212723932,NA,NA,
Tripsacum dactyloides,Texas,2024-05-15 7:32,2024,5,15,33.049368,-96.852443,https://www.inaturalist.org/observations/215994990,NA,NA,
Tripsacum dactyloides,Texas,2024-05-13 15:29,2024,5,13,30.04418,-99.14096,https://www.inaturalist.org/observations/215965807,NA,NA,
Tripsacum dactyloides,Texas,2022-04-24 19:07:43,2022,4,24,29.55396,-98.528964,https://www.inaturalist.org/observations/112764786,NA,NA,
Tripsacum dactyloides,Texas,2024-05-11 10:07:34,2024,5,11,33.273813,-96.29625,https://www.inaturalist.org/observations/215980856,NA,NA,
Tripsacum dactyloides,Texas,2024-05-10 12:10:51,2024,5,10,29.554053,-98.529013,https://www.inaturalist.org/observations/214822463,NA,NA,
Tripsacum dactyloides,Texas,2024-05-14 14:14:58,2024,5,14,33.036786,-96.666467,https://www.inaturalist.org/observations/215801727,NA,NA,
Tripsacum dactyloides,Texas,2024-05-07 15:11:08,2024,5,7,33.41056,-98.25908,https://www.inaturalist.org/observations/214981081,NA,NA,
Tripsacum dactyloides,Texas,2023-10-14 9:42:52,2023,10,14,29.838663,-99.315505,https://www.inaturalist.org/observations/187561917,NA,NA,
Tripsacum dactyloides,Texas,2024-04-30 10:29:08,2024,4,30,29.817358,-99.57682,https://www.inaturalist.org/observations/212378369,NA,NA,
Tripsacum dactyloides,Texas,2023-11-04 10:04:34,2023,11,4,29.808194,-99.570491,https://www.inaturalist.org/observations/189974987,NA,NA,
Tripsacum dactyloides,Texas,2024-04-30 12:53:58,2024,4,30,29.820007,-99.594815,https://www.inaturalist.org/observations/216303421,NA,NA,
Tripsacum dactyloides,Texas,2024-05-17 10:51:58,2024,5,17,31.281179,-94.905616,https://www.inaturalist.org/observations/216327533,NA,NA,
Tripsacum dactyloides,Texas,2023-12-02 12:32:45,2023,12,2,29.720967,-98.12725,https://www.inaturalist.org/observations/193467204,NA,NA,
Tripsacum dactyloides,Texas,2024-04-19 19:56:26,2024,4,19,29.893003,-97.945397,https://www.inaturalist.org/observations/208190288,NA,NA,
Tripsacum dactyloides,Texas,2024-04-19 11:53:27,2024,4,19,29.817695,-99.570695,https://www.inaturalist.org/observations/209003441,NA,NA,
Tripsacum dactyloides,Texas,2024-03-30 10:04:36,2024,3,30,29.720837,-98.126564,https://www.inaturalist.org/observations/204571615,NA,NA,
Tripsacum dactyloides,Texas,2024-05-14 11:51:34,2024,5,14,32.613614,-96.500592,https://www.inaturalist.org/observations/216088780,NA,NA,
Tripsacum dactyloides,Texas,2024-04-19 8:31:42,2024,4,19,29.553853,-98.62915,https://www.inaturalist.org/observations/208155058,NA,NA,
Tripsacum dactyloides,Texas,2023-06-05 10:02:59,2023,6,5,29.797905,-98.422892,https://www.inaturalist.org/observations/165966080,NA,NA,
Tripsacum dactyloides,Texas,2024-04-29 15:23:05,2024,4,29,29.44386,-98.635203,https://www.inaturalist.org/observations/211827525,NA,NA,
Tripsacum dactyloides,Texas,2024-04-27 8:28,2024,4,27,29.721145,-98.127373,https://www.inaturalist.org/observations/211280709,NA,NA,
Tripsacum dactyloides,Texas,2024-05-19 11:16:51,2024,5,19,29.588768,-95.151472,https://www.inaturalist.org/observations/216822339,NA,NA,
Tripsacum dactyloides,Texas,2024-04-28 16:45,2024,4,28,29.552748,-98.529169,https://www.inaturalist.org/observations/211238186,NA,NA,
Tripsacum dactyloides,Texas,2024-05-07 9:23:50,2024,5,7,33.064819,-96.97719,https://www.inaturalist.org/observations/214192556,NA,NA,
Tripsacum dactyloides,Texas,2024-04-22 13:37:42,2024,4,22,29.555259,-98.495846,https://www.inaturalist.org/observations/208748529,NA,NA,
Tripsacum dactyloides,Texas,2024-04-29 13:49,2024,4,29,30.124337,-96.653955,https://www.inaturalist.org/observations/211877119,NA,NA,
Tripsacum dactyloides,Texas,2023-11-04 10:40:36,2023,11,4,29.809316,-99.573486,https://www.inaturalist.org/observations/192646865,NA,NA,
Tripsacum dactyloides,Texas,2024-05-11 10:18:06,2024,5,11,33.274522,-96.296412,https://www.inaturalist.org/observations/215983297,NA,NA,
Tripsacum dactyloides,Texas,2024-05-12 16:20,2024,5,12,29.553209,-98.530129,https://www.inaturalist.org/observations/215503807,NA,NA,
Tripsacum dactyloides,Texas,2024-05-11 10:00:26,2024,5,11,33.273453,-96.296067,https://www.inaturalist.org/observations/215967907,NA,NA,
Tripsacum dactyloides,Texas,2024-04-13 10:27:21,2024,4,13,29.5546,-98.529524,https://www.inaturalist.org/observations/206968202,NA,NA,
Tripsacum dactyloides,Texas,2023-11-04 10:12:28,2023,11,4,29.808633,-99.571688,https://www.inaturalist.org/observations/190000621,NA,NA,
Tripsacum dactyloides,Texas,2024-05-11 13:30:20,2024,5,11,32.703648,-96.70531,https://www.inaturalist.org/observations/215134618,NA,NA,
Tripsacum dactyloides,Texas,2024-04-26 14:54:29,2024,4,26,29.766605,-95.452551,https://www.inaturalist.org/observations/209955541,NA,NA,
Tripsacum dactyloides,Texas,2024-04-27 10:26:48,2024,4,27,33.30955,-96.243438,https://www.inaturalist.org/observations/210541378,NA,NA,
Tripsacum dactyloides,Texas,2024-04-27 10:55:35,2024,4,27,33.310192,-96.244247,https://www.inaturalist.org/observations/210531342,NA,NA,
Tripsacum dactyloides,Texas,2024-05-12 17:05:03,2024,5,12,30.280917,-97.751113,https://www.inaturalist.org/observations/215384549,NA,NA,
Tripsacum dactyloides,Texas,2024-05-11 10:09:03,2024,5,11,33.273862,-96.296243,https://www.inaturalist.org/observations/215075052,NA,NA,
Tripsacum dactyloides,Texas,2024-04-27 8:56:59,2024,4,27,29.554122,-98.529013,https://www.inaturalist.org/observations/210151343,NA,NA,
Tripsacum dactyloides,Texas,2024-05-09 11:16:37,2024,5,9,29.894111,-97.945791,https://www.inaturalist.org/observations/214610291,NA,NA,
Tripsacum dactyloides,Texas,2024-04-27 10:32:53,2024,4,27,33.309638,-96.243605,https://www.inaturalist.org/observations/210534503,NA,NA,
Tripsacum dactyloides,Texas,2024-04-27 9:32:21,2024,4,27,29.721437,-98.124271,https://www.inaturalist.org/observations/210410610,NA,NA,
Tripsacum dactyloides,Texas,2024-04-27 8:56:11,2024,4,27,29.55403,-98.529025,https://www.inaturalist.org/observations/210328042,NA,NA,
Tripsacum dactyloides,Texas,2024-04-27 10:21:05,2024,4,27,33.309608,-96.2434,https://www.inaturalist.org/observations/210492280,NA,NA,
Tripsacum dactyloides,Texas,2024-04-28 13:50:02,2024,4,28,29.859109,-98.485226,https://www.inaturalist.org/observations/211040515,NA,NA,
Tripsacum dactyloides,Texas,2024-04-26 11:32:29,2024,4,26,29.861022,-98.482545,https://www.inaturalist.org/observations/210116529,NA,NA,
Tripsacum dactyloides,Texas,2024-04-28 16:14:11,2024,4,28,29.637369,-95.495023,https://www.inaturalist.org/observations/211117476,NA,NA,
Tripsacum dactyloides,Texas,2024-04-27 8:01:56,2024,4,27,29.554158,-98.529084,https://www.inaturalist.org/observations/210121964,NA,NA,
Tripsacum dactyloides,Texas,2024-04-27 10:00:43,2024,4,27,33.310096,-96.242746,https://www.inaturalist.org/observations/210192367,NA,NA,
Tripsacum dactyloides,Texas,2024-05-11 9:56:45,2024,5,11,33.279064,-96.34616,https://www.inaturalist.org/observations/215766557,NA,NA,
Tripsacum dactyloides,Texas,2024-05-11 9:58:14,2024,5,11,33.273463,-96.296005,https://www.inaturalist.org/observations/215178236,NA,NA,
Tripsacum dactyloides,Texas,2024-04-27 7:42:54,2024,4,27,29.55372,-98.530457,https://www.inaturalist.org/observations/210112811,NA,NA,
Tripsacum dactyloides,Texas,2024-05-10 10:16:34,2024,5,10,29.553545,-98.530328,https://www.inaturalist.org/observations/214802121,NA,NA,
Tripsacum dactyloides,Texas,2024-04-28 14:26:49,2024,4,28,29.684004,-98.351608,https://www.inaturalist.org/observations/211135159,NA,NA,
Tripsacum dactyloides,Texas,2024-04-27 10:51:27,2024,4,27,29.671812,-95.109508,https://www.inaturalist.org/observations/210226671,NA,NA,
Tripsacum dactyloides,Texas,2024-04-26 11:14,2024,4,26,29.721139,-98.127219,https://www.inaturalist.org/observations/209912280,NA,NA,
Tripsacum dactyloides,Texas,2024-04-27 10:41:12,2024,4,27,33.309598,-96.243687,https://www.inaturalist.org/observations/210608614,NA,NA,
Tripsacum dactyloides,Texas,2024-05-11 10:03,2024,5,11,33.273689,-96.296136,https://www.inaturalist.org/observations/215605753,NA,NA,
Tripsacum dactyloides,Texas,2024-04-29 10:54,2024,4,29,29.799489,-99.257417,https://www.inaturalist.org/observations/213686666,NA,NA,
Tripsacum dactyloides,Texas,2024-05-11 9:57:03,2024,5,11,33.273453,-96.296112,https://www.inaturalist.org/observations/215126248,NA,NA,
Tripsacum dactyloides,Texas,2024-04-27 8:57:41,2024,4,27,33.309998,-96.242699,https://www.inaturalist.org/observations/210163238,NA,NA,
Tripsacum dactyloides,Texas,2024-04-28 16:24:25,2024,4,28,29.81572,-95.537719,https://www.inaturalist.org/observations/211219152,NA,NA,
Tripsacum dactyloides,Texas,2024-04-26 20:09:52,2024,4,26,29.563689,-98.519215,https://www.inaturalist.org/observations/209894600,NA,NA,
Tripsacum dactyloides,Texas,2024-04-28 9:22:48,2024,4,28,29.784291,-98.712045,https://www.inaturalist.org/observations/211080140,NA,NA,
Tripsacum dactyloides,Texas,2024-04-27 10:26:36,2024,4,27,33.309599,-96.243469,https://www.inaturalist.org/observations/210360823,NA,NA,
Tripsacum dactyloides,Texas,2024-05-14 9:32:51,2024,5,14,33.050565,-96.84864,https://www.inaturalist.org/observations/215733176,NA,NA,
Tripsacum dactyloides,Texas,2024-04-27 15:44:32,2024,4,27,29.699547,-95.45176,https://www.inaturalist.org/observations/210412949,NA,NA,
Tripsacum dactyloides,Texas,2024-05-11 8:27:03,2024,5,11,33.062364,-96.980355,https://www.inaturalist.org/observations/215327540,NA,NA,
Tripsacum dactyloides,Texas,2024-04-26 18:31:28,2024,4,26,30.41743,-97.758995,https://www.inaturalist.org/observations/209954948,NA,NA,
Tripsacum dactyloides,Texas,2024-04-01 14:21:05,2024,4,1,32.992775,-96.747108,https://www.inaturalist.org/observations/215546062,NA,NA,
Tripsacum dactyloides,Texas,2024-04-27 11:00:43,2024,4,27,29.670523,-95.109273,https://www.inaturalist.org/observations/210346851,NA,NA,
Tripsacum dactyloides,Texas,2024-05-10 8:48:57,2024,5,10,33.047419,-96.84868,https://www.inaturalist.org/observations/214854505,NA,NA,
Tripsacum dactyloides,Texas,2024-04-28 9:23:13,2024,4,28,29.784001,-98.708303,https://www.inaturalist.org/observations/210837204,NA,NA,
Tripsacum dactyloides,Texas,2024-04-27 10:46:16,2024,4,27,29.689358,-95.497475,https://www.inaturalist.org/observations/210907953,NA,NA,
Tripsacum dactyloides,Texas,2024-04-28 12:25:02,2024,4,28,29.556603,-98.504687,https://www.inaturalist.org/observations/211215665,NA,NA,
Tripsacum dactyloides,Texas,2024-04-26 18:50:40,2024,4,26,29.978838,-95.845757,https://www.inaturalist.org/observations/209879403,NA,NA,
Tripsacum dactyloides,Texas,2024-04-27 10:44,2024,4,27,33.337067,-96.249092,https://www.inaturalist.org/observations/215780294,NA,NA,
Tripsacum dactyloides,Texas,2024-05-12 13:19:22,2024,5,12,29.893393,-97.930385,https://www.inaturalist.org/observations/215310145,NA,NA,
Tripsacum dactyloides,Texas,2024-04-27 8:22:21,2024,4,27,29.693652,-95.428102,https://www.inaturalist.org/observations/210132140,NA,NA,
Tripsacum dactyloides,Texas,2024-05-03 13:11,2024,5,3,30.354299,-98.150488,https://www.inaturalist.org/observations/214685168,NA,NA,
Tripsacum dactyloides,Texas,2024-04-27 8:01:19,2024,4,27,29.554191,-98.529102,https://www.inaturalist.org/observations/210121798,NA,NA,
Tripsacum dactyloides,Texas,2024-04-27 10:43:58,2024,4,27,31.068928,-98.176099,https://www.inaturalist.org/observations/210221876,NA,NA,
Tripsacum dactyloides,Texas,2024-05-11 9:24:56,2024,5,11,32.964835,-97.019968,https://www.inaturalist.org/observations/215270842,NA,NA,
Tripsacum dactyloides,Texas,2024-04-27 10:29:40,2024,4,27,33.301169,-96.243838,https://www.inaturalist.org/observations/210515959,NA,NA,
Tripsacum dactyloides,Texas,2024-05-11 11:34:08,2024,5,11,33.063659,-96.936933,https://www.inaturalist.org/observations/215032234,NA,NA,
Tripsacum dactyloides,Texas,2024-04-27 11:35:12,2024,4,27,33.312009,-96.245479,https://www.inaturalist.org/observations/210354901,NA,NA,
Tripsacum dactyloides,Texas,2024-05-06 13:45:07,2024,5,6,32.661595,-97.222822,https://www.inaturalist.org/observations/214072642,NA,NA,
Tripsacum dactyloides,Texas,2024-04-27 15:52:48,2024,4,27,29.396067,-98.490945,https://www.inaturalist.org/observations/210488265,NA,NA,
Tripsacum dactyloides,Texas,2024-05-09 10:12,2024,5,9,29.524609,-95.799776,https://www.inaturalist.org/observations/214680252,NA,NA,
Tripsacum dactyloides,Texas,2024-04-27 10:24:06,2024,4,27,33.309601,-96.243431,https://www.inaturalist.org/observations/210264905,NA,NA,
Tripsacum dactyloides,Texas,2024-05-09 9:07:29,2024,5,9,33.057347,-96.674298,https://www.inaturalist.org/observations/214614134,NA,NA,
Tripsacum dactyloides,Texas,2024-04-14 14:46:50,2024,4,14,33.084421,-96.70426,https://www.inaturalist.org/observations/207242984,NA,NA,
Tripsacum dactyloides,Texas,2024-04-13 11:56:55,2024,4,13,29.259827,-98.573418,https://www.inaturalist.org/observations/206986692,NA,NA,
Tripsacum dactyloides,Texas,2024-05-05 12:24:12,2024,5,5,29.218563,-97.935387,https://www.inaturalist.org/observations/213770628,NA,NA,
Tripsacum dactyloides,Texas,2024-04-28 11:30:52,2024,4,28,29.616159,-98.630662,https://www.inaturalist.org/observations/210927259,NA,NA,
Tripsacum dactyloides,Texas,2024-04-27 9:01:38,2024,4,27,33.048345,-96.851441,https://www.inaturalist.org/observations/210160719,NA,NA,
Tripsacum dactyloides,Texas,2024-04-26 10:55:54,2024,4,26,29.770844,-95.550469,https://www.inaturalist.org/observations/209678641,NA,NA,
Tripsacum dactyloides,Texas,2024-04-26 10:31:06,2024,4,26,29.72232,-98.126039,https://www.inaturalist.org/observations/209659596,NA,NA,
Tripsacum dactyloides,Texas,2024-04-13 10:28:24,2024,4,13,29.554587,-98.529484,https://www.inaturalist.org/observations/207740555,NA,NA,
Tripsacum dactyloides,Texas,2024-04-27 13:14,2024,4,27,29.689422,-95.497529,https://www.inaturalist.org/observations/213192347,NA,NA,
Tripsacum dactyloides,Texas,2024-04-27 19:40,2024,4,27,29.594331,-97.588469,https://www.inaturalist.org/observations/213198087,NA,NA,
Tripsacum dactyloides,Texas,2024-04-12 15:48:58,2024,4,12,33.05598,-96.672928,https://www.inaturalist.org/observations/206892014,NA,NA,
Tripsacum dactyloides,Texas,2024-04-26 8:09:05,2024,4,26,29.765259,-95.452011,https://www.inaturalist.org/observations/209533387,NA,NA,
Tripsacum dactyloides,Texas,2024-04-26 13:29,2024,4,26,29.765372,-95.451775,https://www.inaturalist.org/observations/209826126,NA,NA,
Tripsacum dactyloides,Texas,2024-04-27 11:40:49,2024,4,27,32.661956,-97.223146,https://www.inaturalist.org/observations/210259097,NA,NA,
Tripsacum dactyloides,Texas,2024-04-24 15:19:54,2024,4,24,30.401054,-97.597484,https://www.inaturalist.org/observations/209136708,NA,NA,
Tripsacum dactyloides,Texas,2024-04-26 12:06,2024,4,26,29.656685,-95.577327,https://www.inaturalist.org/observations/212779192,NA,NA,
Tripsacum dactyloides,Texas,2024-04-26 14:29:24,2024,4,26,33.019133,-96.873475,https://www.inaturalist.org/observations/210532415,NA,NA,
Tripsacum dactyloides,Texas,2024-04-29 13:36,2024,4,29,33.06209,-96.97958,https://www.inaturalist.org/observations/212942946,NA,NA,
Tripsacum dactyloides,Texas,2024-04-27 12:14:54,2024,4,27,32.66108,-97.22428,https://www.inaturalist.org/observations/210512208,NA,NA,
Tripsacum dactyloides,Texas,2024-04-29 15:43:34,2024,4,29,32.791787,-97.100514,https://www.inaturalist.org/observations/211952866,NA,NA,
Tripsacum dactyloides,Texas,2024-04-29 15:14,2024,4,29,32.469781,-95.302616,https://www.inaturalist.org/observations/212719009,NA,NA,
Tripsacum dactyloides,Texas,2024-04-29 13:14,2024,4,29,33.214203,-97.152662,https://www.inaturalist.org/observations/212749650,NA,NA,
Tripsacum dactyloides,Texas,2024-04-19 12:13,2024,4,19,30.573028,-95.853684,https://www.inaturalist.org/observations/209188557,NA,NA,
Tripsacum dactyloides,Texas,2024-04-26 15:54,2024,4,26,29.766981,-95.450303,https://www.inaturalist.org/observations/209826227,NA,NA,
Tripsacum dactyloides,Texas,2024-04-19 18:17:42,2024,4,19,29.52812,-98.629112,https://www.inaturalist.org/observations/208185527,NA,NA,
Tripsacum dactyloides,Texas,2024-04-27 9:01:06,2024,4,27,33.047419,-96.84868,https://www.inaturalist.org/observations/210351722,NA,NA,
Tripsacum dactyloides,Texas,2024-04-26 18:49:08,2024,4,26,29.978848,-95.846027,https://www.inaturalist.org/observations/210461270,NA,NA,
Tripsacum dactyloides,Texas,2024-04-14 17:54:22,2024,4,14,33.273583,-96.299247,https://www.inaturalist.org/observations/207390409,NA,NA,
Tripsacum dactyloides,Texas,2024-05-05 17:18:57,2024,5,5,30.337947,-98.253113,https://www.inaturalist.org/observations/213963595,NA,NA,
Tripsacum dactyloides,Texas,2024-04-26 10:09:57,2024,4,26,30.155015,-95.215516,https://www.inaturalist.org/observations/209601599,NA,NA,
Tripsacum dactyloides,Texas,2024-04-20 11:25:18,2024,4,20,29.046292,-95.475377,https://www.inaturalist.org/observations/208295762,NA,NA,
Tripsacum dactyloides,Texas,2024-04-29 9:17,2024,4,29,29.640681,-98.625978,https://www.inaturalist.org/observations/213133398,NA,NA,
Tripsacum dactyloides,Texas,2024-04-27 10:26:44,2024,4,27,33.050647,-96.848563,https://www.inaturalist.org/observations/210211729,NA,NA,
Tripsacum dactyloides,Texas,2024-04-25 14:18,2024,4,25,33.061283,-96.976365,https://www.inaturalist.org/observations/209378551,NA,NA,
Tripsacum dactyloides,Texas,2024-04-28 8:39:30,2024,4,28,29.58052,-95.41708,https://www.inaturalist.org/observations/212192939,NA,NA,
Tripsacum dactyloides,Texas,2024-04-13 10:27:40,2024,4,13,29.554573,-98.52948,https://www.inaturalist.org/observations/207487477,NA,NA,
Tripsacum dactyloides,Texas,2024-04-27 9:37:56,2024,4,27,29.454373,-98.536898,https://www.inaturalist.org/observations/210177174,NA,NA,
Tripsacum dactyloides,Texas,2024-03-30 10:48:27,2024,3,30,29.554215,-98.529116,https://www.inaturalist.org/observations/204566752,NA,NA,
Tripsacum dactyloides,Texas,2024-04-25 18:39:27,2024,4,25,29.805201,-99.570386,https://www.inaturalist.org/observations/209356090,NA,NA,
Tripsacum dactyloides,Texas,2024-04-27 10:26:07,2024,4,27,33.30955,-96.24343,https://www.inaturalist.org/observations/210539982,NA,NA,
Tripsacum dactyloides,Texas,2024-04-28 9:54:27,2024,4,28,30.139297,-95.167625,https://www.inaturalist.org/observations/211507066,NA,NA,
Tripsacum dactyloides,Texas,2024-04-18 15:57,2024,4,18,29.807623,-99.570607,https://www.inaturalist.org/observations/208173012,NA,NA,
Tripsacum dactyloides,Texas,2024-04-29 12:44,2024,4,29,29.766444,-95.431731,https://www.inaturalist.org/observations/212871295,NA,NA,
Tripsacum dactyloides,Texas,2024-04-08 14:05,2024,4,8,32.893233,-96.748327,https://www.inaturalist.org/observations/208393956,NA,NA,
Tripsacum dactyloides,Texas,2024-04-17 13:40:17,2024,4,17,29.689373,-95.497552,https://www.inaturalist.org/observations/207799681,NA,NA,
Tripsacum dactyloides,Texas,2024-05-01 10:11:55,2024,5,1,29.751002,-95.637152,https://www.inaturalist.org/observations/212613288,NA,NA,
Tripsacum dactyloides,Texas,2024-04-26 11:23,2024,4,26,33.03212,-97.068291,https://www.inaturalist.org/observations/209938348,NA,NA,
Tripsacum dactyloides,Texas,2024-05-01 10:25:35,2024,5,1,29.750966,-95.637124,https://www.inaturalist.org/observations/212617440,NA,NA,
Tripsacum dactyloides,Texas,2024-04-15 9:09:54,2024,4,15,29.553694,-98.528912,https://www.inaturalist.org/observations/207393530,NA,NA,
Tripsacum dactyloides,Texas,2024-04-27 19:41,2024,4,27,29.594339,-97.588456,https://www.inaturalist.org/observations/213198083,NA,NA,
Tripsacum dactyloides,Texas,2024-04-26 14:10,2024,4,26,29.24495,-98.548103,https://www.inaturalist.org/observations/212814166,NA,NA,
Tripsacum dactyloides,Texas,2024-04-13 11:56:56,2024,4,13,29.259812,-98.573379,https://www.inaturalist.org/observations/207002660,NA,NA,
Tripsacum dactyloides,Texas,2024-04-12 15:55:52,2024,4,12,33.056325,-96.672797,https://www.inaturalist.org/observations/206888975,NA,NA,
Tripsacum dactyloides,Texas,2024-04-25 10:05:22,2024,4,25,32.85377,-97.477832,https://www.inaturalist.org/observations/209264944,NA,NA,
Tripsacum dactyloides,Texas,2024-04-16 15:40:40,2024,4,16,29.680491,-98.294558,https://www.inaturalist.org/observations/207643946,NA,NA,
Tripsacum dactyloides,Texas,2024-04-13 10:48:33,2024,4,13,33.057011,-96.670159,https://www.inaturalist.org/observations/207028093,NA,NA,
Tripsacum dactyloides,Texas,2024-04-13 12:32:04,2024,4,13,29.263461,-98.57823,https://www.inaturalist.org/observations/206993598,NA,NA,
Tripsacum dactyloides,Texas,2024-04-26 13:21:36,2024,4,26,29.764142,-95.437868,https://www.inaturalist.org/observations/209702016,NA,NA,
Tripsacum dactyloides,Texas,2024-03-30 10:22:32,2024,3,30,29.721163,-98.127394,https://www.inaturalist.org/observations/204756656,NA,NA,
Tripsacum dactyloides,Texas,2024-03-30 10:44:07,2024,3,30,29.55419,-98.529021,https://www.inaturalist.org/observations/204566004,NA,NA,
Tripsacum dactyloides,Texas,2024-04-28 12:25:05,2024,4,28,29.556167,-98.500232,https://www.inaturalist.org/observations/212595784,NA,NA,
Tripsacum dactyloides,Texas,2024-04-28 13:54:52,2024,4,28,33.05725,-96.671417,https://www.inaturalist.org/observations/211123180,NA,NA,
Tripsacum dactyloides,Texas,2024-04-26 9:26:13,2024,4,26,29.259841,-98.573397,https://www.inaturalist.org/observations/209574936,NA,NA,
Tripsacum dactyloides,Texas,2024-04-26 19:06:09,2024,4,26,30.053261,-98.828178,https://www.inaturalist.org/observations/212476780,NA,NA,
Tripsacum dactyloides,Texas,2024-04-27 9:33,2024,4,27,29.699719,-95.451611,https://www.inaturalist.org/observations/212605174,NA,NA,
Tripsacum dactyloides,Texas,2024-05-07 6:51:51,2024,5,7,29.594324,-95.670912,https://www.inaturalist.org/observations/214169321,NA,NA,
Tripsacum dactyloides,Texas,2024-04-15 9:23:41,2024,4,15,33.258163,-96.655759,https://www.inaturalist.org/observations/207395728,NA,NA,
Tripsacum dactyloides,Texas,2024-04-29 10:18,2024,4,29,29.736058,-99.122156,https://www.inaturalist.org/observations/213686693,NA,NA,
Tripsacum dactyloides,Texas,2024-05-04 10:56:20,2024,5,4,33.070015,-96.953861,https://www.inaturalist.org/observations/213496250,NA,NA,
Tripsacum dactyloides,Texas,2024-04-26 18:16,2024,4,26,29.793757,-94.954348,https://www.inaturalist.org/observations/212435256,NA,NA,
Tripsacum dactyloides,Texas,2024-04-13 10:27:12,2024,4,13,29.554618,-98.529485,https://www.inaturalist.org/observations/206968097,NA,NA,
Tripsacum dactyloides,Texas,2024-04-21 11:06:58,2024,4,21,30.262665,-97.749557,https://www.inaturalist.org/observations/208507605,NA,NA,
Tripsacum dactyloides,Texas,2024-05-01 17:51:22,2024,5,1,33.160756,-96.616103,https://www.inaturalist.org/observations/212942447,NA,NA,
Tripsacum dactyloides,Texas,2024-04-19 14:32:37,2024,4,19,33.099914,-96.671128,https://www.inaturalist.org/observations/208252338,NA,NA,
Tripsacum dactyloides,Texas,2024-04-26 7:30:41,2024,4,26,33.064058,-96.972303,https://www.inaturalist.org/observations/209581594,NA,NA,
Tripsacum dactyloides,Texas,2024-04-27 10:23:55,2024,4,27,33.049586,-96.847588,https://www.inaturalist.org/observations/210564371,NA,NA,
Tripsacum dactyloides,Texas,2024-04-26 10:09:39,2024,4,26,29.72205,-98.125411,https://www.inaturalist.org/observations/209658088,NA,NA,
Tripsacum dactyloides,Texas,2024-04-27 9:01:35,2024,4,27,33.047378,-96.849705,https://www.inaturalist.org/observations/210153507,NA,NA,
Tripsacum dactyloides,Texas,2024-04-29 14:02:34,2024,4,29,29.764822,-95.453545,https://www.inaturalist.org/observations/211885937,NA,NA,
Tripsacum dactyloides,Texas,2024-04-27 10:09:38,2024,4,27,32.892338,-96.748025,https://www.inaturalist.org/observations/210509164,NA,NA,
Tripsacum dactyloides,Texas,2024-04-27 11:15:45,2024,4,27,30.136031,-95.167655,https://www.inaturalist.org/observations/212973296,NA,NA,
Tripsacum dactyloides,Texas,2024-04-29 18:51:10,2024,4,29,32.446962,-99.718972,https://www.inaturalist.org/observations/212657525,NA,NA,
Tripsacum dactyloides,Texas,2024-05-03 14:19:26,2024,5,3,33.701426,-95.650963,https://www.inaturalist.org/observations/213221827,NA,NA,
Tripsacum dactyloides,Texas,2024-04-29 14:06,2024,4,29,33.031464,-97.068772,https://www.inaturalist.org/observations/212610049,NA,NA,
Tripsacum dactyloides,Texas,2024-04-16 12:31:53,2024,4,16,30.311679,-97.594977,https://www.inaturalist.org/observations/207667367,NA,NA,
Tripsacum dactyloides,Texas,2024-04-27 16:14,2024,4,27,29.68939,-95.497547,https://www.inaturalist.org/observations/213251943,NA,NA,
Tripsacum dactyloides,Texas,2024-04-28 13:13,2024,4,28,29.807623,-99.570607,https://www.inaturalist.org/observations/211321613,NA,NA,
Tripsacum dactyloides,Texas,2024-04-28 16:54:20,2024,4,28,29.553873,-98.529033,https://www.inaturalist.org/observations/211143288,NA,NA,
Tripsacum dactyloides,Texas,2024-04-28 8:53:06,2024,4,28,29.615712,-98.630567,https://www.inaturalist.org/observations/210818112,NA,NA,
Tripsacum dactyloides,Texas,2024-04-27 16:07:55,2024,4,27,29.670706,-95.108589,https://www.inaturalist.org/observations/210472026,NA,NA,
Tripsacum dactyloides,Texas,2024-04-26 12:08:38,2024,4,26,29.580761,-95.634976,https://www.inaturalist.org/observations/209664013,NA,NA,
Tripsacum dactyloides,Texas,2024-04-27 14:41,2024,4,27,29.777424,-99.29937,https://www.inaturalist.org/observations/210562687,NA,NA,
Tripsacum dactyloides,Texas,2024-04-27 11:33:16,2024,4,27,33.048664,-96.852562,https://www.inaturalist.org/observations/210605623,NA,NA,
Tripsacum dactyloides,Texas,2024-04-27 18:30:05,2024,4,27,29.675759,-95.099611,https://www.inaturalist.org/observations/210524462,NA,NA,
Tripsacum dactyloides,Texas,2024-04-24 14:20:10,2024,4,24,33.036939,-96.667083,https://www.inaturalist.org/observations/209131363,NA,NA,
Tripsacum dactyloides,Texas,2024-04-26 12:18:59,2024,4,26,30.241644,-97.70043,https://www.inaturalist.org/observations/209669136,NA,NA,
Tripsacum dactyloides,Texas,2024-04-26 8:54:11,2024,4,26,29.693173,-98.940772,https://www.inaturalist.org/observations/209840124,NA,NA,
Tripsacum dactyloides,Texas,2024-04-26 9:18:22,2024,4,26,32.661363,-97.222572,https://www.inaturalist.org/observations/209571722,NA,NA,
Tripsacum dactyloides,Texas,2024-04-27 8:04:46,2024,4,27,29.554433,-98.529398,https://www.inaturalist.org/observations/210123507,NA,NA,
Tripsacum dactyloides,Texas,2024-04-22 0:29,2024,4,22,31.961303,-95.902347,https://www.inaturalist.org/observations/208975679,NA,NA,
Tripsacum dactyloides,Texas,2024-04-26 11:17:35,2024,4,26,29.721168,-98.127362,https://www.inaturalist.org/observations/209637750,NA,NA,
Tripsacum dactyloides,Texas,2024-04-12 17:31,2024,4,12,30.497592,-98.818422,https://www.inaturalist.org/observations/208831291,NA,NA,
Tripsacum dactyloides,Texas,2024-04-23 9:03:30,2024,4,23,33.686768,-96.788989,https://www.inaturalist.org/observations/208909189,NA,NA,
Tripsacum dactyloides,Texas,2024-04-19 19:19,2024,4,19,33.054721,-96.668931,https://www.inaturalist.org/observations/208824374,NA,NA,
Tripsacum dactyloides,Texas,2024-04-18 12:28:50,2024,4,18,30.159875,-97.941567,https://www.inaturalist.org/observations/207990221,NA,NA,
Tripsacum dactyloides,Texas,2024-04-23 17:35:06,2024,4,23,29.554583,-98.52952,https://www.inaturalist.org/observations/209029098,NA,NA,
Tripsacum dactyloides,Texas,2024-04-17 14:27,2024,4,17,30.495528,-98.824534,https://www.inaturalist.org/observations/208601890,NA,NA,
Tripsacum dactyloides,Texas,2024-04-19 19:19:41,2024,4,19,33.054711,-96.668934,https://www.inaturalist.org/observations/208186535,NA,NA,
Tripsacum dactyloides,Texas,2024-04-22 16:04:17,2024,4,22,32.992767,-96.74713,https://www.inaturalist.org/observations/208810687,NA,NA,
Tripsacum dactyloides,Texas,2024-04-21 11:18:38,2024,4,21,30.284238,-97.781128,https://www.inaturalist.org/observations/208577862,NA,NA,
Tripsacum dactyloides,Texas,2024-04-21 17:02:24,2024,4,21,29.88595,-97.930738,https://www.inaturalist.org/observations/208588189,NA,NA,
Tripsacum dactyloides,Texas,2024-04-17 16:25,2024,4,17,29.162467,-98.126239,https://www.inaturalist.org/observations/207843546,NA,NA,
Tripsacum dactyloides,Texas,2024-04-27 11:24:46,2024,4,27,30.135992,-95.167617,https://www.inaturalist.org/observations/212399195,NA,NA,
Tripsacum dactyloides,Texas,2024-04-29 14:16,2024,4,29,33.032056,-97.0692,https://www.inaturalist.org/observations/212144675,NA,NA,
Tripsacum dactyloides,Texas,2024-04-27 10:30:41,2024,4,27,32.6616,-97.222768,https://www.inaturalist.org/observations/210335962,NA,NA,
Tripsacum dactyloides,Texas,2024-04-28 9:24:34,2024,4,28,29.817317,-99.576662,https://www.inaturalist.org/observations/211875080,NA,NA,
Tripsacum dactyloides,Texas,2024-04-28 12:11:52,2024,4,28,29.868655,-99.281088,https://www.inaturalist.org/observations/211926633,NA,NA,
Tripsacum dactyloides,Texas,2024-04-27 10:28:44,2024,4,27,33.049586,-96.847588,https://www.inaturalist.org/observations/210560812,NA,NA,
Tripsacum dactyloides,Texas,2024-04-28 16:54,2024,4,28,33.057964,-96.667106,https://www.inaturalist.org/observations/211311901,NA,NA,
Tripsacum dactyloides,Texas,2024-04-26 11:32:14,2024,4,26,29.861082,-98.482579,https://www.inaturalist.org/observations/209764107,NA,NA,
Tripsacum dactyloides,Texas,2024-04-26 9:39:08,2024,4,26,30.141202,-95.166133,https://www.inaturalist.org/observations/209582856,NA,NA,
Tripsacum dactyloides,Texas,2024-04-29 16:18,2024,4,29,33.062786,-96.987944,https://www.inaturalist.org/observations/212269850,NA,NA,
Tripsacum dactyloides,Texas,2024-04-29 15:59,2024,4,29,33.062789,-96.987717,https://www.inaturalist.org/observations/212269807,NA,NA,
Tripsacum dactyloides,Texas,2024-04-28 8:43:16,2024,4,28,29.580992,-95.416838,https://www.inaturalist.org/observations/212193007,NA,NA,
Tripsacum dactyloides,Texas,2024-04-24 15:31:59,2024,4,24,33.059233,-96.674569,https://www.inaturalist.org/observations/209355229,NA,NA,
Tripsacum dactyloides,Texas,2024-04-28 16:53:11,2024,4,28,29.553969,-98.528928,https://www.inaturalist.org/observations/211142548,NA,NA,
Tripsacum dactyloides,Texas,2024-04-29 18:39,2024,4,29,33.128025,-96.715606,https://www.inaturalist.org/observations/212025917,NA,NA,
Tripsacum dactyloides,Texas,2024-04-28 11:20:46,2024,4,28,33.064917,-96.977118,https://www.inaturalist.org/observations/211073312,NA,NA,
Tripsacum dactyloides,Texas,2024-04-23 9:11:51,2024,4,23,29.699385,-95.451852,https://www.inaturalist.org/observations/208892552,NA,NA,
Tripsacum dactyloides,Texas,2024-04-27 10:47:20,2024,4,27,29.927445,-95.922737,https://www.inaturalist.org/observations/210554679,NA,NA,
Tripsacum dactyloides,Texas,2024-04-14 9:10:16,2024,4,14,30.291408,-97.741513,https://www.inaturalist.org/observations/207175531,NA,NA,
Tripsacum dactyloides,Texas,2024-04-28 17:45:31,2024,4,28,29.259887,-98.573473,https://www.inaturalist.org/observations/211298060,NA,NA,
Tripsacum dactyloides,Texas,2024-04-26 10:09:32,2024,4,26,30.136008,-95.167747,https://www.inaturalist.org/observations/209825963,NA,NA,
Tripsacum dactyloides,Texas,2024-04-27 9:02:27,2024,4,27,29.554145,-98.529053,https://www.inaturalist.org/observations/210576501,NA,NA,
Tripsacum dactyloides,Texas,2024-04-27 10:10:07,2024,4,27,33.309721,-96.242936,https://www.inaturalist.org/observations/210442073,NA,NA,
Tripsacum dactyloides,Texas,2024-04-27 12:59:01,2024,4,27,33.06268,-96.986414,https://www.inaturalist.org/observations/210407397,NA,NA,
Tripsacum dactyloides,Texas,2024-04-27 14:46:46,2024,4,27,29.766353,-95.451767,https://www.inaturalist.org/observations/210374446,NA,NA,
Tripsacum dactyloides,Texas,2024-04-27 9:33:37,2024,4,27,29.161865,-98.12485,https://www.inaturalist.org/observations/210173317,NA,NA,
Tripsacum dactyloides,Texas,2024-04-28 12:09:38,2024,4,28,29.782703,-98.709971,https://www.inaturalist.org/observations/211061172,NA,NA,
Tripsacum dactyloides,Texas,2024-04-28 9:24:37,2024,4,28,29.817297,-99.576637,https://www.inaturalist.org/observations/211875544,NA,NA,
Tripsacum dactyloides,Texas,2024-04-28 13:14:54,2024,4,28,29.554563,-98.529488,https://www.inaturalist.org/observations/211156562,NA,NA,
Tripsacum dactyloides,Texas,2024-04-26 11:18:07,2024,4,26,29.721223,-98.127378,https://www.inaturalist.org/observations/209637908,NA,NA,
Tripsacum dactyloides,Texas,2024-04-26 10:18:48,2024,4,26,29.722603,-98.125851,https://www.inaturalist.org/observations/209606002,NA,NA,
Tripsacum dactyloides,Texas,2024-04-27 14:14:08,2024,4,27,29.720928,-99.071664,https://www.inaturalist.org/observations/210774260,NA,NA,
Tripsacum dactyloides,Texas,2024-04-23 9:21:44,2024,4,23,33.686807,-96.788972,https://www.inaturalist.org/observations/208894943,NA,NA,
Tripsacum dactyloides,Texas,2024-04-22 11:41:48,2024,4,22,31.9029,-95.906127,https://www.inaturalist.org/observations/208839768,NA,NA,
Tripsacum dactyloides,Texas,2024-04-28 13:51:45,2024,4,28,32.846333,-97.483836,https://www.inaturalist.org/observations/211126575,NA,NA,
Tripsacum dactyloides,Texas,2024-04-19 13:12:19,2024,4,19,32.661353,-97.222572,https://www.inaturalist.org/observations/208212432,NA,NA,
Tripsacum dactyloides,Texas,2024-04-26 11:25,2024,4,26,29.721438,-98.124271,https://www.inaturalist.org/observations/209836313,NA,NA,
Tripsacum dactyloides,Texas,2024-04-26 16:34:31,2024,4,26,29.51867,-98.630052,https://www.inaturalist.org/observations/209806334,NA,NA,
Tripsacum dactyloides,Texas,2024-04-19 19:19:34,2024,4,19,33.029338,-96.670697,https://www.inaturalist.org/observations/208186192,NA,NA,
Tripsacum dactyloides,Texas,2024-04-27 10:28:11,2024,4,27,33.050644,-96.848612,https://www.inaturalist.org/observations/210635729,NA,NA,
Tripsacum dactyloides,Texas,2024-04-24 19:26:28,2024,4,24,33.160525,-96.61905,https://www.inaturalist.org/observations/209238761,NA,NA,
Tripsacum dactyloides,Texas,2024-04-21 15:23:28,2024,4,21,30.300309,-97.937905,https://www.inaturalist.org/observations/208563983,NA,NA,
Tripsacum dactyloides,Texas,2024-04-28 14:06,2024,4,28,33.057236,-96.673211,https://www.inaturalist.org/observations/211311431,NA,NA,
Tripsacum dactyloides,Texas,2024-04-15 9:24:11,2024,4,15,33.257205,-96.654359,https://www.inaturalist.org/observations/207464363,NA,NA,
Tripsacum dactyloides,Texas,2024-04-13 10:28:19,2024,4,13,29.557078,-98.529484,https://www.inaturalist.org/observations/207097152,NA,NA,
Tripsacum dactyloides,Texas,2024-03-09 17:59:04,2024,3,9,29.978753,-95.845822,https://www.inaturalist.org/observations/201853257,NA,NA,
Tripsacum dactyloides,Texas,2024-04-14 18:10:26,2024,4,14,33.274617,-96.2995,https://www.inaturalist.org/observations/207389195,NA,NA,
Tripsacum dactyloides,Texas,2024-04-15 13:19:53,2024,4,15,30.569562,-96.370178,https://www.inaturalist.org/observations/207461513,NA,NA,
Tripsacum dactyloides,Texas,2024-03-23 13:42:33,2024,3,23,30.470248,-99.784487,https://www.inaturalist.org/observations/203626462,NA,NA,
Tripsacum dactyloides,Texas,2024-04-13 10:28:41,2024,4,13,29.554513,-98.529476,https://www.inaturalist.org/observations/207097137,NA,NA,
Tripsacum dactyloides,Texas,2024-04-13 10:29:12,2024,4,13,29.554467,-98.52945,https://www.inaturalist.org/observations/206968874,NA,NA,
Tripsacum dactyloides,Texas,2024-04-09 18:40:47,2024,4,9,29.816171,-99.576311,https://www.inaturalist.org/observations/206886060,NA,NA,
Tripsacum dactyloides,Texas,2024-04-11 12:59:13,2024,4,11,29.705604,-95.402455,https://www.inaturalist.org/observations/206651674,NA,NA,
Tripsacum dactyloides,Texas,2024-04-11 11:15:24,2024,4,11,29.460622,-98.493692,https://www.inaturalist.org/observations/206672698,NA,NA,
Tripsacum dactyloides,Texas,2024-04-05 10:07:50,2024,4,5,33.256904,-96.521894,https://www.inaturalist.org/observations/205520456,NA,NA,
Tripsacum dactyloides,Texas,2024-03-31 16:01:06,2024,3,31,29.41894,-94.960131,https://www.inaturalist.org/observations/204915954,NA,NA,
Tripsacum dactyloides,Texas,2024-04-06 9:56,2024,4,6,33.310817,-96.243247,https://www.inaturalist.org/observations/206335479,NA,NA,
Tripsacum dactyloides,Texas,2024-04-05 10:07:59,2024,4,5,33.257045,-96.521933,https://www.inaturalist.org/observations/205520008,NA,NA,
Tripsacum dactyloides,Texas,2024-04-03 11:00:44,2024,4,3,29.556456,-98.504857,https://www.inaturalist.org/observations/205246439,NA,NA,
Tripsacum dactyloides,Texas,2024-04-08 12:53:35,2024,4,8,29.767153,-95.450911,https://www.inaturalist.org/observations/206107658,NA,NA,
Tripsacum dactyloides,Texas,2024-04-08 9:41:49,2024,4,8,32.479513,-96.54093,https://www.inaturalist.org/observations/206135057,NA,NA,
Tripsacum dactyloides,Texas,2024-04-06 10:20,2024,4,6,33.311508,-96.243836,https://www.inaturalist.org/observations/206335500,NA,NA,
Tripsacum dactyloides,Texas,2024-04-08 10:30:04,2024,4,8,29.403887,-98.489288,https://www.inaturalist.org/observations/206089453,NA,NA,
Tripsacum dactyloides,Texas,2024-04-07 15:39:28,2024,4,7,33.13294,-96.347352,https://www.inaturalist.org/observations/205945968,NA,NA,
Tripsacum dactyloides,Texas,2024-04-07 8:15:04,2024,4,7,30.492508,-96.801728,https://www.inaturalist.org/observations/205855201,NA,NA,
Tripsacum dactyloides,Texas,2024-04-07 11:27:13,2024,4,7,29.668805,-96.26645,https://www.inaturalist.org/observations/205992235,NA,NA,
Tripsacum dactyloides,Texas,2024-04-08 15:04:25,2024,4,8,29.992192,-98.083078,https://www.inaturalist.org/observations/206137926,NA,NA,
Tripsacum dactyloides,Texas,2024-04-08 11:43:44,2024,4,8,33.301169,-96.243838,https://www.inaturalist.org/observations/206098716,NA,NA,
Tripsacum dactyloides,Texas,2024-04-08 14:12:36,2024,4,8,33.1328,-96.349646,https://www.inaturalist.org/observations/206120827,NA,NA,
Tripsacum dactyloides,Texas,2024-04-02 12:12:34,2024,4,2,29.390819,-98.495182,https://www.inaturalist.org/observations/205113477,NA,NA,
Tripsacum dactyloides,Texas,2024-03-29 16:25:32,2024,3,29,30.111353,-97.207175,https://www.inaturalist.org/observations/204455801,NA,NA,
Tripsacum dactyloides,Texas,2024-04-02 9:07:45,2024,4,2,29.699384,-95.451882,https://www.inaturalist.org/observations/205088613,NA,NA,
Tripsacum dactyloides,Texas,2022-05-19 10:18:24,2022,5,19,33.312722,-96.246812,https://www.inaturalist.org/observations/204759572,NA,NA,
Tripsacum dactyloides,Texas,2024-03-24 16:08:47,2024,3,24,30.312071,-97.649598,https://www.inaturalist.org/observations/203798357,NA,NA,
Tripsacum dactyloides,Texas,2024-03-22 16:04:41,2024,3,22,30.6251,-97.479705,https://www.inaturalist.org/observations/203544835,NA,NA,
Tripsacum dactyloides,Texas,2024-01-21 11:43:14,2024,1,21,30.176469,-97.73072,https://www.inaturalist.org/observations/197239963,NA,NA,
Tripsacum dactyloides,Texas,2024-02-27 9:45:06,2024,2,27,32.752712,-97.29387,https://www.inaturalist.org/observations/201480993,NA,NA,
Tripsacum dactyloides,Texas,2023-04-26 8:53:10,2023,4,26,29.765673,-95.452855,https://www.inaturalist.org/observations/160113664,NA,NA,
Tripsacum dactyloides,Texas,2024-02-26 9:38:50,2024,2,26,32.915803,-99.232171,https://www.inaturalist.org/observations/200564703,NA,NA,
Tripsacum dactyloides,Texas,2024-02-20 12:03:25,2024,2,20,32.702965,-96.704752,https://www.inaturalist.org/observations/199914229,NA,NA,
Tripsacum dactyloides,Texas,2024-01-23 12:02:54,2024,1,23,32.703033,-96.704737,https://www.inaturalist.org/observations/198536203,NA,NA,
Tripsacum dactyloides,Texas,2024-02-05 14:59:16,2024,2,5,29.644883,-95.019112,https://www.inaturalist.org/observations/198514013,NA,NA,
Tripsacum dactyloides,Texas,2024-02-02 10:03:44,2024,2,2,32.756301,-96.610909,https://www.inaturalist.org/observations/198216229,NA,NA,
Tripsacum dactyloides,Texas,2022-07-04 9:11:27,2022,7,4,30.340813,-97.890633,https://www.inaturalist.org/observations/124758683,NA,NA,
Tripsacum dactyloides,Texas,2022-12-04 12:08:35,2022,12,4,30.238078,-97.940861,https://www.inaturalist.org/observations/143661517,NA,NA,
Tripsacum dactyloides,Texas,2022-06-15 10:11:03,2022,6,15,30.284205,-97.78112,https://www.inaturalist.org/observations/196861661,NA,NA,
Tripsacum dactyloides,Texas,2024-01-12 14:46:27,2024,1,12,32.613763,-96.996769,https://www.inaturalist.org/observations/196452659,NA,NA,
Tripsacum dactyloides,Texas,2024-01-04 12:11:18,2024,1,4,29.60303,-98.153738,https://www.inaturalist.org/observations/195943837,NA,NA,
Tripsacum dactyloides,Texas,2023-12-23 12:10:33,2023,12,23,29.76737,-95.451674,https://www.inaturalist.org/observations/194791690,NA,NA,
Tripsacum dactyloides,Texas,2023-12-23 10:57:20,2023,12,23,29.571942,-98.62034,https://www.inaturalist.org/observations/194671823,NA,NA,
Tripsacum dactyloides,Texas,2023-12-19 16:08:35,2023,12,19,29.563839,-98.51824,https://www.inaturalist.org/observations/194384733,NA,NA,
Tripsacum dactyloides,Texas,2023-12-12 10:37:22,2023,12,12,29.556712,-98.503625,https://www.inaturalist.org/observations/193847261,NA,NA,
Tripsacum dactyloides,Texas,2022-10-30 17:05,2022,10,30,32.663814,-94.126073,https://www.inaturalist.org/observations/140609603,NA,NA,
Tripsacum dactyloides,Texas,2023-05-20 17:16,2023,5,20,32.739269,-95.597203,https://www.inaturalist.org/observations/162799824,NA,NA,
Tripsacum dactyloides,Texas,2023-12-11 15:30:23,2023,12,11,29.290131,-103.376786,https://www.inaturalist.org/observations/193764037,NA,NA,
Tripsacum dactyloides,Texas,2023-12-04 12:26,2023,12,4,30.245959,-98.587468,https://www.inaturalist.org/observations/193093604,NA,NA,
Tripsacum dactyloides,Texas,2023-04-29 9:23,2023,4,29,33.301169,-96.243838,https://www.inaturalist.org/observations/158426831,NA,NA,
Tripsacum dactyloides,Texas,2023-11-16 12:05:50,2023,11,16,32.703747,-96.706138,https://www.inaturalist.org/observations/192369181,NA,NA,
Tripsacum dactyloides,Texas,2023-11-29 15:28:48,2023,11,29,29.804122,-97.666572,https://www.inaturalist.org/observations/192586025,NA,NA,
Tripsacum dactyloides,Texas,2023-11-25 13:25:33,2023,11,25,29.579383,-98.30542,https://www.inaturalist.org/observations/192157042,NA,NA,
Tripsacum dactyloides,Texas,2023-11-23 16:58:34,2023,11,23,30.053478,-96.904883,https://www.inaturalist.org/observations/191885122,NA,NA,
Tripsacum dactyloides,Texas,2023-05-20 11:09:39,2023,5,20,33.308674,-96.243221,https://www.inaturalist.org/observations/192139875,NA,NA,
Tripsacum dactyloides,Texas,2023-11-28 11:41:09,2023,11,28,32.245507,-98.196119,https://www.inaturalist.org/observations/192468948,NA,NA,
Tripsacum dactyloides,Texas,2023-11-25 10:58:36,2023,11,25,29.854215,-98.494686,https://www.inaturalist.org/observations/192122218,NA,NA,
Tripsacum dactyloides,Texas,2023-11-15 16:31:47,2023,11,15,33.022433,-96.870913,https://www.inaturalist.org/observations/191127329,NA,NA,
Tripsacum dactyloides,Texas,2023-10-31 14:55:46,2023,10,31,29.87965,-97.93299,https://www.inaturalist.org/observations/190859327,NA,NA,
Tripsacum dactyloides,Texas,2021-07-06T17:05:42Z,2021,7,6,29.560167,-98.447272,https://www.inaturalist.org/observations/85978986,NA,NA,
Tripsacum dactyloides,Texas,2023-11-14 16:15:05,2023,11,14,31.710188,-94.581817,https://www.inaturalist.org/observations/191037899,NA,NA,
Tripsacum dactyloides,Texas,2023-11-04 10:33:03,2023,11,4,29.809289,-99.573355,https://www.inaturalist.org/observations/190068370,NA,NA,
Tripsacum dactyloides,Texas,2023-11-04 10:39:50,2023,11,4,29.808571,-99.571665,https://www.inaturalist.org/observations/190077101,NA,NA,
Tripsacum dactyloides,Texas,2023-10-25 12:05:43,2023,10,25,32.704333,-96.705672,https://www.inaturalist.org/observations/189147364,NA,NA,
Tripsacum dactyloides,Texas,2023-11-06 10:36:10,2023,11,6,33.446106,-97.555685,https://www.inaturalist.org/observations/190255861,NA,NA,
Tripsacum dactyloides,Texas,2023-11-02 14:33:07,2023,11,2,29.652127,-95.532367,https://www.inaturalist.org/observations/189795907,NA,NA,
Tripsacum dactyloides,Texas,2023-11-02 11:01:50,2023,11,2,29.762247,-95.449146,https://www.inaturalist.org/observations/189783500,NA,NA,
Tripsacum dactyloides,Texas,2023-11-02 18:19:47,2023,11,2,33.055142,-96.670647,https://www.inaturalist.org/observations/189817000,NA,NA,
Tripsacum dactyloides,Texas,2023-10-28 18:39:14,2023,10,28,29.73594,-95.394942,https://www.inaturalist.org/observations/189291851,NA,NA,
Tripsacum dactyloides,Texas,2023-10-27 13:56,2023,10,27,30.244108,-97.702402,https://www.inaturalist.org/observations/189258566,NA,NA,
Tripsacum dactyloides,Texas,2023-10-21 10:41:05,2023,10,21,29.860972,-98.482788,https://www.inaturalist.org/observations/188424510,NA,NA,
Tripsacum dactyloides,Texas,2023-10-13 13:47:15,2023,10,13,29.698414,-95.45639,https://www.inaturalist.org/observations/187396070,NA,NA,
Tripsacum dactyloides,Texas,2023-10-11 11:09,2023,10,11,33.055664,-96.671708,https://www.inaturalist.org/observations/187146470,NA,NA,
Tripsacum dactyloides,Texas,2023-10-24 12:06:55,2023,10,24,30.440189,-99.845924,https://www.inaturalist.org/observations/188798948,NA,NA,
Tripsacum dactyloides,Texas,2023-10-21 11:00:25,2023,10,21,32.578562,-97.442714,https://www.inaturalist.org/observations/188392318,NA,NA,
Tripsacum dactyloides,Texas,2023-10-21 10:44:16,2023,10,21,33.686295,-96.787603,https://www.inaturalist.org/observations/188390166,NA,NA,
Tripsacum dactyloides,Texas,2023-10-13 9:23:36,2023,10,13,29.77975,-98.709595,https://www.inaturalist.org/observations/187366615,NA,NA,
Tripsacum dactyloides,Texas,2023-10-14 12:27:45,2023,10,14,29.259801,-98.573508,https://www.inaturalist.org/observations/187571992,NA,NA,
Tripsacum dactyloides,Texas,2023-10-10 18:33:54,2023,10,10,31.646542,-96.071617,https://www.inaturalist.org/observations/187059105,NA,NA,
Tripsacum dactyloides,Texas,2023-10-08 9:00:06,2023,10,8,33.085493,-96.703011,https://www.inaturalist.org/observations/186719383,NA,NA,
Tripsacum dactyloides,Texas,2023-09-30 17:52:03,2023,9,30,29.668605,-100.023064,https://www.inaturalist.org/observations/185693164,NA,NA,
Tripsacum dactyloides,Texas,2023-09-29 14:21,2023,9,29,30.27803,-96.2569,https://www.inaturalist.org/observations/185637517,NA,NA,
Tripsacum dactyloides,Texas,2023-09-30 14:12:27,2023,9,30,34.954088,-102.020614,https://www.inaturalist.org/observations/185676002,NA,NA,
Tripsacum dactyloides,Texas,2023-09-26 18:19:44,2023,9,26,29.193087,-95.763093,https://www.inaturalist.org/observations/185109574,NA,NA,
Tripsacum dactyloides,Texas,2023-09-24 12:34:39,2023,9,24,30.052383,-99.48427,https://www.inaturalist.org/observations/184772124,NA,NA,
Tripsacum dactyloides,Texas,2023-09-12 11:14,2023,9,12,29.280579,-103.330534,https://www.inaturalist.org/observations/184804989,NA,NA,
Tripsacum dactyloides,Texas,2023-09-20 19:07:13,2023,9,20,29.772987,-98.707454,https://www.inaturalist.org/observations/184212201,NA,NA,
Tripsacum dactyloides,Texas,2023-09-25 17:44:49,2023,9,25,29.870717,-98.482345,https://www.inaturalist.org/observations/184948232,NA,NA,
Tripsacum dactyloides,Texas,2023-09-17 11:06:57,2023,9,17,29.861113,-98.482575,https://www.inaturalist.org/observations/183797683,NA,NA,
Tripsacum dactyloides,Texas,2023-09-05 14:12:48,2023,9,5,29.698551,-95.456213,https://www.inaturalist.org/observations/181950025,NA,NA,
Tripsacum dactyloides,Texas,2023-08-29 16:47:52,2023,8,29,29.88227,-98.448303,https://www.inaturalist.org/observations/180865199,NA,NA,
Tripsacum dactyloides,Texas,2023-08-22 10:30,2023,8,22,29.602829,-98.153588,https://www.inaturalist.org/observations/180060140,NA,NA,
Tripsacum dactyloides,Texas,2023-08-19 8:56:59,2023,8,19,29.876965,-97.932455,https://www.inaturalist.org/observations/179156039,NA,NA,
Tripsacum dactyloides,Texas,2023-08-19 10:56:48,2023,8,19,29.699377,-95.451903,https://www.inaturalist.org/observations/179168728,NA,NA,
Tripsacum dactyloides,Texas,2023-08-17 8:07:35,2023,8,17,32.752383,-97.293975,https://www.inaturalist.org/observations/178848214,NA,NA,
Tripsacum dactyloides,Texas,2023-08-16 13:13:55,2023,8,16,30.27155,-95.50315,https://www.inaturalist.org/observations/178777906,NA,NA,
Tripsacum dactyloides,Texas,2023-08-19 10:56:26,2023,8,19,29.699516,-95.451792,https://www.inaturalist.org/observations/179171465,NA,NA,
Tripsacum dactyloides,Texas,2023-08-14 11:12,2023,8,14,33.441964,-95.41349,https://www.inaturalist.org/observations/178450242,NA,NA,
Tripsacum dactyloides,Texas,2023-08-12 10:10:54,2023,8,12,32.235388,-99.883663,https://www.inaturalist.org/observations/178037488,NA,NA,
Tripsacum dactyloides,Texas,2023-08-11 9:58:30,2023,8,11,32.237597,-99.882028,https://www.inaturalist.org/observations/177832797,NA,NA,
Tripsacum dactyloides,Texas,2023-08-09 9:41:58,2023,8,9,29.813695,-95.274042,https://www.inaturalist.org/observations/177511415,NA,NA,
Tripsacum dactyloides,Texas,2023-08-08 13:17:41,2023,8,8,29.555015,-98.628979,https://www.inaturalist.org/observations/177416214,NA,NA,
Tripsacum dactyloides,Texas,2023-08-07 9:06,2023,8,7,29.978773,-95.845757,https://www.inaturalist.org/observations/177401257,NA,NA,
Tripsacum dactyloides,Texas,2023-07-29 7:13:17,2023,7,29,29.580947,-95.4169,https://www.inaturalist.org/observations/175522583,NA,NA,
Tripsacum dactyloides,Texas,2023-07-25 9:28:25,2023,7,25,32.733078,-94.137611,https://www.inaturalist.org/observations/174875115,NA,NA,
Tripsacum dactyloides,Texas,2023-07-20 7:24:04,2023,7,20,30.061183,-99.39747,https://www.inaturalist.org/observations/173999229,NA,NA,
Tripsacum dactyloides,Texas,2023-07-18 9:51:34,2023,7,18,32.620742,-96.984216,https://www.inaturalist.org/observations/173600695,NA,NA,
Tripsacum dactyloides,Texas,2023-06-19 15:55:48,2023,6,19,33.448095,-96.710105,https://www.inaturalist.org/observations/173048459,NA,NA,
Tripsacum dactyloides,Texas,2023-05-22 10:34,2023,5,22,32.235934,-99.881019,https://www.inaturalist.org/observations/173134038,NA,NA,
Tripsacum dactyloides,Texas,2023-07-10 15:06:22,2023,7,10,30.023972,-95.294369,https://www.inaturalist.org/observations/172221343,NA,NA,
Tripsacum dactyloides,Texas,2023-05-01 12:20:36,2023,5,1,29.595966,-95.069518,https://www.inaturalist.org/observations/158816859,NA,NA,
Tripsacum dactyloides,Texas,2023-07-09 10:18:15,2023,7,9,29.86106,-98.482581,https://www.inaturalist.org/observations/171966233,NA,NA,
Tripsacum dactyloides,Texas,2023-07-08 10:35:15,2023,7,8,29.96958,-98.125344,https://www.inaturalist.org/observations/172174565,NA,NA,
Tripsacum dactyloides,Texas,2023-05-20 9:26,2023,5,20,29.80872,-99.572027,https://www.inaturalist.org/observations/172016861,NA,NA,
Tripsacum dactyloides,Texas,2023-05-20 10:06,2023,5,20,29.81705,-99.576483,https://www.inaturalist.org/observations/172016978,NA,NA,
Tripsacum dactyloides,Texas,2023-07-09 14:51:19,2023,7,9,29.892028,-98.27457,https://www.inaturalist.org/observations/172023219,NA,NA,
Tripsacum dactyloides,Texas,2023-05-20 9:38,2023,5,20,29.811748,-99.575756,https://www.inaturalist.org/observations/172016924,NA,NA,
Tripsacum dactyloides,Texas,2023-05-27 12:43:57,2023,5,27,33.306895,-96.22921,https://www.inaturalist.org/observations/171432328,NA,NA,
Tripsacum dactyloides,Texas,2023-07-01 15:50,2023,7,1,30.31017,-98.24502,https://www.inaturalist.org/observations/170584114,NA,NA,
Tripsacum dactyloides,Texas,2023-07-01 9:34:07,2023,7,1,29.721809,-98.125635,https://www.inaturalist.org/observations/170454912,NA,NA,
Tripsacum dactyloides,Texas,2023-07-01 9:27:04,2023,7,1,29.720769,-98.127455,https://www.inaturalist.org/observations/170454622,NA,NA,
Tripsacum dactyloides,Texas,2023-06-30 13:46:12,2023,6,30,30.063875,-97.945612,https://www.inaturalist.org/observations/170318723,NA,NA,
Tripsacum dactyloides,Texas,2023-06-15 9:33:08,2023,6,15,29.55408,-98.529094,https://www.inaturalist.org/observations/169943966,NA,NA,
Tripsacum dactyloides,Texas,2023-06-20 15:57:48,2023,6,20,29.590433,-99.737512,https://www.inaturalist.org/observations/169447657,NA,NA,
Tripsacum dactyloides,Texas,2023-06-20 9:10:51,2023,6,20,29.553091,-98.487877,https://www.inaturalist.org/observations/168487272,NA,NA,
Tripsacum dactyloides,Texas,2023-06-16 19:51:07,2023,6,16,29.865801,-96.516174,https://www.inaturalist.org/observations/167798398,NA,NA,
Tripsacum dactyloides,Texas,2023-06-20 10:10:21,2023,6,20,30.185489,-97.873265,https://www.inaturalist.org/observations/168503476,NA,NA,
Tripsacum dactyloides,Texas,2023-06-20 10:10:21,2023,6,20,30.185489,-97.873265,https://www.inaturalist.org/observations/168520541,NA,NA,
Tripsacum dactyloides,Texas,2023-06-19 15:56:16,2023,6,19,33.448095,-96.710113,https://www.inaturalist.org/observations/168384440,NA,NA,
Tripsacum dactyloides,Texas,2023-05-27 9:43,2023,5,27,33.056056,-96.670547,https://www.inaturalist.org/observations/168683223,NA,NA,
Tripsacum dactyloides,Texas,2023-06-17 9:17:43,2023,6,17,32.705575,-96.704597,https://www.inaturalist.org/observations/167912143,NA,NA,
Tripsacum dactyloides,Texas,2023-06-18 15:29:57,2023,6,18,30.309637,-98.245033,https://www.inaturalist.org/observations/168197346,NA,NA,
Tripsacum dactyloides,Texas,2023-06-16 8:45,2023,6,16,30.507318,-98.811864,https://www.inaturalist.org/observations/167824232,NA,NA,
Tripsacum dactyloides,Texas,2023-05-27 15:25:22,2023,5,27,30.834938,-100.093496,https://www.inaturalist.org/observations/164103156,NA,NA,
Tripsacum dactyloides,Texas,2023-05-03 16:21:23,2023,5,3,33.046774,-96.84803,https://www.inaturalist.org/observations/159520780,NA,NA,
Tripsacum dactyloides,Texas,2023-06-13 13:50:06,2023,6,13,33.239728,-95.150742,https://www.inaturalist.org/observations/167273713,NA,NA,
Tripsacum dactyloides,Texas,2023-06-10 9:50:19,2023,6,10,33.373478,-97.009164,https://www.inaturalist.org/observations/166641720,NA,NA,
Tripsacum dactyloides,Texas,2023-06-14 14:14:55,2023,6,14,32.312787,-94.4794,https://www.inaturalist.org/observations/167410806,NA,NA,
Tripsacum dactyloides,Texas,2023-04-22 17:09:26,2023,4,22,29.554605,-98.529031,https://www.inaturalist.org/observations/156165238,NA,NA,
Tripsacum dactyloides,Texas,2023-06-18 8:51:18,2023,6,18,31.07509,-94.269842,https://www.inaturalist.org/observations/168081539,NA,NA,
Tripsacum dactyloides,Texas,2023-06-24 9:36:36,2023,6,24,30.565858,-96.21392,https://www.inaturalist.org/observations/169182537,NA,NA,
Tripsacum dactyloides,Texas,2023-06-13 14:29:25,2023,6,13,32.336628,-94.447608,https://www.inaturalist.org/observations/167247185,NA,NA,
Tripsacum dactyloides,Texas,2023-06-13 8:20:12,2023,6,13,33.04712,-96.849625,https://www.inaturalist.org/observations/167235799,NA,NA,
Tripsacum dactyloides,Texas,2023-06-12 19:02:47,2023,6,12,30.926843,-94.668403,https://www.inaturalist.org/observations/167186352,NA,NA,
Tripsacum dactyloides,Texas,2023-06-09 8:36:50,2023,6,9,29.817558,-99.570617,https://www.inaturalist.org/observations/166523811,NA,NA,
Tripsacum dactyloides,Texas,2023-06-10 11:49:11,2023,6,10,29.927261,-95.923217,https://www.inaturalist.org/observations/166620257,NA,NA,
Tripsacum dactyloides,Texas,2023-06-09 11:19:06,2023,6,9,30.285665,-97.753642,https://www.inaturalist.org/observations/166432650,NA,NA,
Tripsacum dactyloides,Texas,2023-06-10 9:49:35,2023,6,10,33.373474,-97.009145,https://www.inaturalist.org/observations/167091072,NA,NA,
Tripsacum dactyloides,Texas,2023-06-03 8:57,2023,6,3,29.721889,-98.126705,https://www.inaturalist.org/observations/165325833,NA,NA,
Tripsacum dactyloides,Texas,2023-06-09 10:41:32,2023,6,9,30.56657,-95.852295,https://www.inaturalist.org/observations/166429484,NA,NA,
Tripsacum dactyloides,Texas,2023-05-22 8:42,2023,5,22,30.108304,-97.287059,https://www.inaturalist.org/observations/167051728,NA,NA,
Tripsacum dactyloides,Texas,2023-05-16 14:51,2023,5,16,29.532103,-95.320707,https://www.inaturalist.org/observations/164818178,NA,NA,
Tripsacum dactyloides,Texas,2023-06-01 9:40:40,2023,6,1,29.721376,-98.127456,https://www.inaturalist.org/observations/164982779,NA,NA,
Tripsacum dactyloides,Texas,2023-06-03 9:17:38,2023,6,3,29.720908,-98.126717,https://www.inaturalist.org/observations/165314653,NA,NA,
Tripsacum dactyloides,Texas,2023-06-07 16:53:13,2023,6,7,30.248559,-97.72834,https://www.inaturalist.org/observations/166142868,NA,NA,
Tripsacum dactyloides,Texas,2023-06-09 10:41,2023,6,9,30.566603,-95.852323,https://www.inaturalist.org/observations/166725452,NA,NA,
Tripsacum dactyloides,Texas,2023-06-02 17:48:33,2023,6,2,30.250699,-97.715814,https://www.inaturalist.org/observations/165213959,NA,NA,
Tripsacum dactyloides,Texas,2023-06-03 9:25:58,2023,6,3,29.721479,-98.126756,https://www.inaturalist.org/observations/165313001,NA,NA,
Tripsacum dactyloides,Texas,2023-06-03 9:30:02,2023,6,3,29.721253,-98.127466,https://www.inaturalist.org/observations/165322918,NA,NA,
Tripsacum dactyloides,Texas,2023-06-07 7:59:37,2023,6,7,32.853778,-97.477837,https://www.inaturalist.org/observations/166082097,NA,NA,
Tripsacum dactyloides,Texas,2023-06-05 10:03:17,2023,6,5,29.721122,-98.12745,https://www.inaturalist.org/observations/165728526,NA,NA,
Tripsacum dactyloides,Texas,2023-06-03 17:40:19,2023,6,3,29.211192,-98.316397,https://www.inaturalist.org/observations/165406514,NA,NA,
Tripsacum dactyloides,Texas,2023-06-04 18:50:30,2023,6,4,30.319323,-97.82235,https://www.inaturalist.org/observations/165624588,NA,NA,
Tripsacum dactyloides,Texas,2023-06-01 9:47:18,2023,6,1,29.776813,-98.709582,https://www.inaturalist.org/observations/164982087,NA,NA,
Tripsacum dactyloides,Texas,2023-06-03 13:35:54,2023,6,3,30.24469,-97.716705,https://www.inaturalist.org/observations/165354761,NA,NA,
Tripsacum dactyloides,Texas,2023-05-31 11:40:15,2023,5,31,30.378345,-97.778633,https://www.inaturalist.org/observations/164867412,NA,NA,
Tripsacum dactyloides,Texas,2023-06-01 11:10:11,2023,6,1,33.31303,-96.24588,https://www.inaturalist.org/observations/165026853,NA,NA,
Tripsacum dactyloides,Texas,2023-06-02 13:37:28,2023,6,2,29.721313,-98.127486,https://www.inaturalist.org/observations/165179635,NA,NA,
Tripsacum dactyloides,Texas,2023-05-27 11:11:40,2023,5,27,30.312005,-98.244225,https://www.inaturalist.org/observations/164464295,NA,NA,
Tripsacum dactyloides,Texas,2023-05-24 14:37:34,2023,5,24,32.812284,-98.043739,https://www.inaturalist.org/observations/163533456,NA,NA,
Tripsacum dactyloides,Texas,2023-05-25 15:13:12,2023,5,25,33.047112,-96.849639,https://www.inaturalist.org/observations/163702578,NA,NA,
Tripsacum dactyloides,Texas,2023-05-28 9:47:04,2023,5,28,30.311933,-98.244012,https://www.inaturalist.org/observations/164452559,NA,NA,
Tripsacum dactyloides,Texas,2023-05-27 8:43:28,2023,5,27,33.047242,-96.849655,https://www.inaturalist.org/observations/164062780,NA,NA,
Tripsacum dactyloides,Texas,2023-05-25 18:00:33,2023,5,25,32.967492,-97.01763,https://www.inaturalist.org/observations/163726206,NA,NA,
Tripsacum dactyloides,Texas,2023-05-29 11:57:42,2023,5,29,30.039092,-98.126351,https://www.inaturalist.org/observations/164462368,NA,NA,
Tripsacum dactyloides,Texas,2023-05-30 11:18:33,2023,5,30,30.158612,-97.889336,https://www.inaturalist.org/observations/164650532,NA,NA,
Tripsacum dactyloides,Texas,2023-05-23 8:30,2023,5,23,29.47053,-95.43924,https://www.inaturalist.org/observations/164254637,NA,NA,
Tripsacum dactyloides,Texas,2023-05-25 18:06:45,2023,5,25,32.967552,-97.017531,https://www.inaturalist.org/observations/163726986,NA,NA,
Tripsacum dactyloides,Texas,2023-04-25 16:11:15,2023,4,25,29.612067,-95.221279,https://www.inaturalist.org/observations/157231668,NA,NA,
Tripsacum dactyloides,Texas,2023-05-11 12:48,2023,5,11,29.708775,-95.384147,https://www.inaturalist.org/observations/164253119,NA,NA,
Tripsacum dactyloides,Texas,2023-05-25 12:39:37,2023,5,25,32.756251,-96.610909,https://www.inaturalist.org/observations/163690939,NA,NA,
Tripsacum dactyloides,Texas,2023-05-29 12:54:37,2023,5,29,33.062185,-96.980377,https://www.inaturalist.org/observations/164472550,NA,NA,
Tripsacum dactyloides,Texas,2023-05-26 13:34:33,2023,5,26,32.984908,-97.161072,https://www.inaturalist.org/observations/163855196,NA,NA,
Tripsacum dactyloides,Texas,2023-05-28 9:22:22,2023,5,28,33.132661,-96.842597,https://www.inaturalist.org/observations/164309903,NA,NA,
Tripsacum dactyloides,Texas,2023-05-08 12:39:24,2023,5,8,29.721149,-98.127318,https://www.inaturalist.org/observations/164565476,NA,NA,
Tripsacum dactyloides,Texas,2023-05-28 12:30:43,2023,5,28,30.490119,-99.759344,https://www.inaturalist.org/observations/164282049,NA,NA,
Tripsacum dactyloides,Texas,2023-05-27 18:31:28,2023,5,27,29.623398,-99.174538,https://www.inaturalist.org/observations/164121257,NA,NA,
Tripsacum dactyloides,Texas,2023-05-26 20:03,2023,5,26,30.225017,-98.93261,https://www.inaturalist.org/observations/164110226,NA,NA,
Tripsacum dactyloides,Texas,2023-05-28 10:30,2023,5,28,32.470251,-95.302409,https://www.inaturalist.org/observations/164354067,NA,NA,
Tripsacum dactyloides,Texas,2023-05-25 8:44,2023,5,25,29.524702,-95.807586,https://www.inaturalist.org/observations/163728299,NA,NA,
Tripsacum dactyloides,Texas,2023-05-28 9:34,2023,5,28,29.581294,-95.416736,https://www.inaturalist.org/observations/164272507,NA,NA,
Tripsacum dactyloides,Texas,2023-05-24 11:14,2023,5,24,29.765224,-95.45207,https://www.inaturalist.org/observations/163587248,NA,NA,
Tripsacum dactyloides,Texas,2023-05-27 8:42:05,2023,5,27,33.047019,-96.849595,https://www.inaturalist.org/observations/164062952,NA,NA,
Tripsacum dactyloides,Texas,2023-05-28 14:45:11,2023,5,28,32.66252,-97.459095,https://www.inaturalist.org/observations/164275704,NA,NA,
Tripsacum dactyloides,Texas,2023-05-27 8:42:10,2023,5,27,33.04707,-96.849638,https://www.inaturalist.org/observations/164062848,NA,NA,
Tripsacum dactyloides,Texas,2023-05-19 15:56:06,2023,5,19,29.690927,-96.647488,https://www.inaturalist.org/observations/162549019,NA,NA,
Tripsacum dactyloides,Texas,2023-05-06 8:40,2023,5,6,33.307531,-96.246536,https://www.inaturalist.org/observations/162646715,NA,NA,
Tripsacum dactyloides,Texas,2023-05-18 8:47:14,2023,5,18,30.336305,-97.891369,https://www.inaturalist.org/observations/162418306,NA,NA,
Tripsacum dactyloides,Texas,2023-05-20 13:03:57,2023,5,20,29.766953,-95.428733,https://www.inaturalist.org/observations/162752499,NA,NA,
Tripsacum dactyloides,Texas,2023-05-20 9:50,2023,5,20,33.3103,-96.242806,https://www.inaturalist.org/observations/162743610,NA,NA,
Tripsacum dactyloides,Texas,2023-05-19 13:39:50,2023,5,19,29.553809,-98.528966,https://www.inaturalist.org/observations/162570563,NA,NA,
Tripsacum dactyloides,Texas,2023-05-20 10:49:30,2023,5,20,32.851722,-95.809563,https://www.inaturalist.org/observations/163001546,NA,NA,
Tripsacum dactyloides,Texas,2023-05-18 9:23:50,2023,5,18,30.479047,-99.777142,https://www.inaturalist.org/observations/162351774,NA,NA,
Tripsacum dactyloides,Texas,2023-05-17 9:00:33,2023,5,17,33.057111,-96.672303,https://www.inaturalist.org/observations/162273106,NA,NA,
Tripsacum dactyloides,Texas,2023-05-16 13:18:19,2023,5,16,29.280129,-103.330247,https://www.inaturalist.org/observations/162084209,NA,NA,
Tripsacum dactyloides,Texas,2023-05-20 19:09,2023,5,20,33.057439,-96.671258,https://www.inaturalist.org/observations/162806744,NA,NA,
Tripsacum dactyloides,Texas,2023-05-20 13:45:01,2023,5,20,32.70209,-96.705212,https://www.inaturalist.org/observations/162751079,NA,NA,
Tripsacum dactyloides,Texas,2023-05-06 8:58,2023,5,6,33.307531,-96.246536,https://www.inaturalist.org/observations/162646758,NA,NA,
Tripsacum dactyloides,Texas,2023-05-22 9:16:32,2023,5,22,33.258145,-96.65577,https://www.inaturalist.org/observations/163216807,NA,NA,
Tripsacum dactyloides,Texas,2023-05-18 11:19:34,2023,5,18,33.310283,-96.243508,https://www.inaturalist.org/observations/162380734,NA,NA,
Tripsacum dactyloides,Texas,2023-05-06 9:07:27,2023,5,6,33.309938,-96.242353,https://www.inaturalist.org/observations/160074872,NA,NA,
Tripsacum dactyloides,Texas,2023-05-20 9:38,2023,5,20,33.310086,-96.242608,https://www.inaturalist.org/observations/162743590,NA,NA,
Tripsacum dactyloides,Texas,2023-05-20 9:47:02,2023,5,20,33.440644,-97.559326,https://www.inaturalist.org/observations/162730538,NA,NA,
Tripsacum dactyloides,Texas,2023-05-20 12:20:30,2023,5,20,29.556112,-98.448242,https://www.inaturalist.org/observations/162810440,NA,NA,
Tripsacum dactyloides,Texas,2023-05-17 13:23:25,2023,5,17,29.460492,-98.456787,https://www.inaturalist.org/observations/162184386,NA,NA,
Tripsacum dactyloides,Texas,2023-05-20 7:57,2023,5,20,32.840937,-96.777971,https://www.inaturalist.org/observations/162789892,NA,NA,
Tripsacum dactyloides,Texas,2023-05-20 9:22,2023,5,20,33.310086,-96.242553,https://www.inaturalist.org/observations/162743575,NA,NA,
Tripsacum dactyloides,Texas,2023-05-20 9:33:35,2023,5,20,33.310054,-96.242491,https://www.inaturalist.org/observations/162668111,NA,NA,
Tripsacum dactyloides,Texas,2023-05-17 11:10:16,2023,5,17,30.284292,-97.781145,https://www.inaturalist.org/observations/162220816,NA,NA,
Tripsacum dactyloides,Texas,2023-05-20 10:26:35,2023,5,20,33.440561,-97.557745,https://www.inaturalist.org/observations/163307163,NA,NA,
Tripsacum dactyloides,Texas,2023-05-22 14:04:43,2023,5,22,29.780178,-98.710197,https://www.inaturalist.org/observations/163175253,NA,NA,
Tripsacum dactyloides,Texas,2023-05-16 13:18,2023,5,16,29.280058,-103.33027,https://www.inaturalist.org/observations/163303563,NA,NA,
Tripsacum dactyloides,Texas,2023-05-20 13:13:29,2023,5,20,33.0552,-96.670655,https://www.inaturalist.org/observations/163125178,NA,NA,
Tripsacum dactyloides,Texas,2023-05-23 14:49:30,2023,5,23,32.846587,-97.476042,https://www.inaturalist.org/observations/163382120,NA,NA,
Tripsacum dactyloides,Texas,2023-05-21 15:16:27,2023,5,21,29.617033,-98.558067,https://www.inaturalist.org/observations/163059405,NA,NA,
Tripsacum dactyloides,Texas,2023-05-20 9:23:08,2023,5,20,33.310055,-96.242584,https://www.inaturalist.org/observations/162665806,NA,NA,
Tripsacum dactyloides,Texas,2023-05-08 8:50:30,2023,5,8,31.475758,-95.174885,https://www.inaturalist.org/observations/160558690,NA,NA,
Tripsacum dactyloides,Texas,2023-05-15 9:20:10,2023,5,15,29.550117,-98.53685,https://www.inaturalist.org/observations/162011077,NA,NA,
Tripsacum dactyloides,Texas,2023-05-14 20:18:06,2023,5,14,30.571737,-97.947525,https://www.inaturalist.org/observations/161725799,NA,NA,
Tripsacum dactyloides,Texas,2023-05-13 19:22:17,2023,5,13,33.062305,-96.980435,https://www.inaturalist.org/observations/161516007,NA,NA,
Tripsacum dactyloides,Texas,2023-05-14 16:48,2023,5,14,30.034311,-97.861826,https://www.inaturalist.org/observations/161710723,NA,NA,
Tripsacum dactyloides,Texas,2023-05-13 19:19:31,2023,5,13,30.339797,-97.89035,https://www.inaturalist.org/observations/161530041,NA,NA,
Tripsacum dactyloides,Texas,2022-10-23 15:24,2022,10,23,29.766375,-95.451858,https://www.inaturalist.org/observations/161724889,NA,NA,
Tripsacum dactyloides,Texas,2023-04-29 10:23:26,2023,4,29,29.735953,-95.394935,https://www.inaturalist.org/observations/157619013,NA,NA,
Tripsacum dactyloides,Texas,2023-04-27 10:40:02,2023,4,27,33.311083,-96.246415,https://www.inaturalist.org/observations/156993950,NA,NA,
Tripsacum dactyloides,Texas,2023-05-12 12:03:23,2023,5,12,32.660309,-94.144547,https://www.inaturalist.org/observations/161258882,NA,NA,
Tripsacum dactyloides,Texas,2023-05-12 12:03:23,2023,5,12,32.674759,-94.165532,https://www.inaturalist.org/observations/161265512,NA,NA,
Tripsacum dactyloides,Texas,2023-04-28 17:41:57,2023,4,28,29.603689,-95.490935,https://www.inaturalist.org/observations/157340114,NA,NA,
Tripsacum dactyloides,Texas,2023-04-28 17:02:21,2023,4,28,29.688193,-95.26641,https://www.inaturalist.org/observations/157325164,NA,NA,
Tripsacum dactyloides,Texas,2023-05-12 12:13:45,2023,5,12,32.957448,-96.575864,https://www.inaturalist.org/observations/161262590,NA,NA,
Tripsacum dactyloides,Texas,2023-05-10 10:11:36,2023,5,10,32.662,-97.223183,https://www.inaturalist.org/observations/160946766,NA,NA,
Tripsacum dactyloides,Texas,2023-05-08 10:53,2023,5,8,32.892127,-96.748707,https://www.inaturalist.org/observations/160853588,NA,NA,
Tripsacum dactyloides,Texas,2023-05-12 10:32:25,2023,5,12,29.721687,-98.126792,https://www.inaturalist.org/observations/161244868,NA,NA,
Tripsacum dactyloides,Texas,2023-05-11 17:06:21,2023,5,11,30.246445,-97.720673,https://www.inaturalist.org/observations/161143445,NA,NA,
Tripsacum dactyloides,Texas,2023-04-20 15:28,2023,4,20,30.330928,-98.24632,https://www.inaturalist.org/observations/161289970,NA,NA,
Tripsacum dactyloides,Texas,2023-05-12 10:06:11,2023,5,12,29.556057,-98.530739,https://www.inaturalist.org/observations/161241152,NA,NA,
Tripsacum dactyloides,Texas,2023-05-09 13:39:56,2023,5,9,29.563963,-98.518013,https://www.inaturalist.org/observations/160825044,NA,NA,
Tripsacum dactyloides,Texas,2023-05-14 15:56:16,2023,5,14,29.229028,-97.9925,https://www.inaturalist.org/observations/161693989,NA,NA,
Tripsacum dactyloides,Texas,2023-05-13 12:19:03,2023,5,13,32.18748,-95.239883,https://www.inaturalist.org/observations/161440439,NA,NA,
Tripsacum dactyloides,Texas,2023-04-28 16:45:27,2023,4,28,29.815745,-95.537747,https://www.inaturalist.org/observations/157318120,NA,NA,
Tripsacum dactyloides,Texas,2023-04-27 10:39:52,2023,4,27,33.301172,-96.243838,https://www.inaturalist.org/observations/156958962,NA,NA,
Tripsacum dactyloides,Texas,2023-05-12 8:47:36,2023,5,12,30.269617,-97.824653,https://www.inaturalist.org/observations/161310034,NA,NA,
Tripsacum dactyloides,Texas,2023-05-10 17:55:09,2023,5,10,29.551095,-98.530598,https://www.inaturalist.org/observations/161027910,NA,NA,
Tripsacum dactyloides,Texas,2019-05-27 9:14:29,2019,5,27,29.561537,-98.524092,https://www.inaturalist.org/observations/25877841,NA,NA,
Tripsacum dactyloides,Texas,2023-04-18 8:03:06,2023,4,18,30.371937,-97.720397,https://www.inaturalist.org/observations/157089390,NA,NA,
Tripsacum dactyloides,Texas,2023-04-27 11:07:26,2023,4,27,33.311027,-96.245458,https://www.inaturalist.org/observations/156902577,NA,NA,
Tripsacum dactyloides,Texas,2023-05-07 14:06:46,2023,5,7,29.782566,-98.710459,https://www.inaturalist.org/observations/160487428,NA,NA,
Tripsacum dactyloides,Texas,2023-04-29 9:17:46,2023,4,29,33.057139,-96.672167,https://www.inaturalist.org/observations/157727494,NA,NA,
Tripsacum dactyloides,Texas,2023-05-09 11:04:24,2023,5,9,29.78278,-98.711388,https://www.inaturalist.org/observations/160862106,NA,NA,
Tripsacum dactyloides,Texas,2023-04-27 10:02:58,2023,4,27,30.186254,-97.7435,https://www.inaturalist.org/observations/156893733,NA,NA,
Tripsacum dactyloides,Texas,2023-05-12 10:08:31,2023,5,12,29.554519,-98.529519,https://www.inaturalist.org/observations/161241557,NA,NA,
Tripsacum dactyloides,Texas,2023-04-27 10:38,2023,4,27,33.301169,-96.243838,https://www.inaturalist.org/observations/157392478,NA,NA,
Tripsacum dactyloides,Texas,2023-05-12 8:57:59,2023,5,12,29.78278,-98.711237,https://www.inaturalist.org/observations/161239160,NA,NA,
Tripsacum dactyloides,Texas,2023-05-06 9:55:38,2023,5,6,33.272329,-96.299408,https://www.inaturalist.org/observations/160204648,NA,NA,
Tripsacum dactyloides,Texas,2023-05-04 11:31:54,2023,5,4,30.506563,-98.822695,https://www.inaturalist.org/observations/160545575,NA,NA,
Tripsacum dactyloides,Texas,2023-05-07 13:16:35,2023,5,7,33.05578,-96.919782,https://www.inaturalist.org/observations/160373845,NA,NA,
Tripsacum dactyloides,Texas,2023-04-29 11:19,2023,4,29,29.615744,-98.95369,https://www.inaturalist.org/observations/159953395,NA,NA,
Tripsacum dactyloides,Texas,2023-04-29 17:24,2023,4,29,29.920522,-96.291467,https://www.inaturalist.org/observations/159504270,NA,NA,
Tripsacum dactyloides,Texas,2023-04-28 10:09:01,2023,4,28,32.662843,-97.455657,https://www.inaturalist.org/observations/157147833,NA,NA,
Tripsacum dactyloides,Texas,2023-04-30 14:01:58,2023,4,30,29.764795,-95.453091,https://www.inaturalist.org/observations/158238769,NA,NA,
Tripsacum dactyloides,Texas,2023-04-30 13:28,2023,4,30,29.799586,-99.257422,https://www.inaturalist.org/observations/159796909,NA,NA,
Tripsacum dactyloides,Texas,2023-04-30 11:07:19,2023,4,30,33.047425,-96.850075,https://www.inaturalist.org/observations/158317951,NA,NA,
Tripsacum dactyloides,Texas,2023-04-28 13:59,2023,4,28,33.058507,-96.674247,https://www.inaturalist.org/observations/159582273,NA,NA,
Tripsacum dactyloides,Texas,2023-04-30 10:13:24,2023,4,30,30.211969,-95.264576,https://www.inaturalist.org/observations/158125128,NA,NA,
Tripsacum dactyloides,Texas,2023-04-29 11:59:49,2023,4,29,33.065644,-96.974684,https://www.inaturalist.org/observations/157684905,NA,NA,
Tripsacum dactyloides,Texas,2023-05-08 17:19:46,2023,5,8,29.780403,-98.709647,https://www.inaturalist.org/observations/160680343,NA,NA,
Tripsacum dactyloides,Texas,2023-04-30 19:04,2023,4,30,29.56298,-95.122941,https://www.inaturalist.org/observations/159992206,NA,NA,
Tripsacum dactyloides,Texas,2023-05-07 13:35:08,2023,5,7,29.78432,-98.708367,https://www.inaturalist.org/observations/160424093,NA,NA,
Tripsacum dactyloides,Texas,2023-04-30 17:02,2023,4,30,29.818408,-99.578147,https://www.inaturalist.org/observations/160242996,NA,NA,
Tripsacum dactyloides,Texas,2023-04-30 18:36:41,2023,4,30,30.311536,-98.239237,https://www.inaturalist.org/observations/160405787,NA,NA,
Tripsacum dactyloides,Texas,2023-05-09 10:10:16,2023,5,9,30.348194,-97.772178,https://www.inaturalist.org/observations/160747873,NA,NA,
Tripsacum dactyloides,Texas,2023-05-01 13:00:07,2023,5,1,29.689222,-95.497637,https://www.inaturalist.org/observations/160230748,NA,NA,
Tripsacum dactyloides,Texas,2023-04-30 11:26,2023,4,30,32.891442,-96.749034,https://www.inaturalist.org/observations/160352246,NA,NA,
Tripsacum dactyloides,Texas,2023-05-01 18:17,2023,5,1,29.599531,-98.539275,https://www.inaturalist.org/observations/160516407,NA,NA,
Tripsacum dactyloides,Texas,2023-05-07 17:52:26,2023,5,7,31.611172,-97.307647,https://www.inaturalist.org/observations/160537749,NA,NA,
Tripsacum dactyloides,Texas,2023-05-07 8:46:47,2023,5,7,30.499033,-98.818795,https://www.inaturalist.org/observations/160423309,NA,NA,
Tripsacum dactyloides,Texas,2023-05-07 13:07:08,2023,5,7,33.063548,-96.938639,https://www.inaturalist.org/observations/160370446,NA,NA,
Tripsacum dactyloides,Texas,2023-04-30 11:29,2023,4,30,32.891442,-96.749034,https://www.inaturalist.org/observations/160352255,NA,NA,
Tripsacum dactyloides,Texas,2023-05-06 12:37:39,2023,5,6,31.911775,-95.899345,https://www.inaturalist.org/observations/160394258,NA,NA,
Tripsacum dactyloides,Texas,2023-04-29 9:37,2023,4,29,33.301169,-96.243838,https://www.inaturalist.org/observations/158426979,NA,NA,
Tripsacum dactyloides,Texas,2023-05-01 11:49:45,2023,5,1,29.732687,-98.465225,https://www.inaturalist.org/observations/159761519,NA,NA,
Tripsacum dactyloides,Texas,2023-04-29 8:57:23,2023,4,29,30.139375,-95.167672,https://www.inaturalist.org/observations/157877300,NA,NA,
Tripsacum dactyloides,Texas,2023-04-29 11:10:10,2023,4,29,33.055672,-96.671508,https://www.inaturalist.org/observations/158376596,NA,NA,
Tripsacum dactyloides,Texas,2023-04-27 9:22,2023,4,27,33.301169,-96.243838,https://www.inaturalist.org/observations/157859324,NA,NA,
Tripsacum dactyloides,Texas,2023-04-28 9:28,2023,4,28,30.268937,-94.763624,https://www.inaturalist.org/observations/159590250,NA,NA,
Tripsacum dactyloides,Texas,2023-04-30 14:21,2023,4,30,29.506897,-94.992427,https://www.inaturalist.org/observations/158353191,NA,NA,
Tripsacum dactyloides,Texas,2023-05-04 8:51:16,2023,5,4,31.611484,-97.307662,https://www.inaturalist.org/observations/159652625,NA,NA,
Tripsacum dactyloides,Texas,2023-04-30 18:18,2023,4,30,32.661804,-97.223167,https://www.inaturalist.org/observations/159795600,NA,NA,
Tripsacum dactyloides,Texas,2023-05-04 8:49:16,2023,5,4,31.611751,-97.307592,https://www.inaturalist.org/observations/159746379,NA,NA,
Tripsacum dactyloides,Texas,2023-04-29 9:25:32,2023,4,29,33.05608,-96.672856,https://www.inaturalist.org/observations/157591659,NA,NA,
Tripsacum dactyloides,Texas,2023-04-30 10:54:40,2023,4,30,33.047421,-96.849623,https://www.inaturalist.org/observations/158216204,NA,NA,
Tripsacum dactyloides,Texas,2023-04-23 15:26,2023,4,23,29.672624,-94.425229,https://www.inaturalist.org/observations/157869186,NA,NA,
Tripsacum dactyloides,Texas,2023-04-30 11:01,2023,4,30,33.050411,-96.852958,https://www.inaturalist.org/observations/158367624,NA,NA,
Tripsacum dactyloides,Texas,2015-04-02 22:20,2015,4,2,33.258244,-96.655999,https://www.inaturalist.org/observations/158895012,NA,NA,
Tripsacum dactyloides,Texas,2023-04-29 14:27:57,2023,4,29,33.065112,-96.976767,https://www.inaturalist.org/observations/157768010,NA,NA,
Tripsacum dactyloides,Texas,2023-04-28 10:37:11,2023,4,28,30.024795,-95.287329,https://www.inaturalist.org/observations/157161103,NA,NA,
Tripsacum dactyloides,Texas,2023-04-27 10:35,2023,4,27,33.301169,-96.243838,https://www.inaturalist.org/observations/157859363,NA,NA,
Tripsacum dactyloides,Texas,2023-04-29 9:49:15,2023,4,29,30.240112,-97.699578,https://www.inaturalist.org/observations/157663062,NA,NA,
Tripsacum dactyloides,Texas,2023-04-29 14:34:39,2023,4,29,29.67027,-95.109139,https://www.inaturalist.org/observations/158061161,NA,NA,
Tripsacum dactyloides,Texas,2023-04-28 14:47:42,2023,4,28,29.956373,-95.585538,https://www.inaturalist.org/observations/157284735,NA,NA,
Tripsacum dactyloides,Texas,2023-04-30 12:23:42,2023,4,30,33.063702,-96.936893,https://www.inaturalist.org/observations/158188422,NA,NA,
Tripsacum dactyloides,Texas,2023-04-29 9:23:51,2023,4,29,33.056172,-96.672879,https://www.inaturalist.org/observations/158065995,NA,NA,
Tripsacum dactyloides,Texas,2023-05-03 9:17:33,2023,5,3,30.746328,-99.238967,https://www.inaturalist.org/observations/159442129,NA,NA,
Tripsacum dactyloides,Texas,2023-04-29 15:02,2023,4,29,29.90869,-96.502264,https://www.inaturalist.org/observations/159491009,NA,NA,
Tripsacum dactyloides,Texas,2023-05-01 18:46,2023,5,1,30.400979,-95.719406,https://www.inaturalist.org/observations/159576296,NA,NA,
Tripsacum dactyloides,Texas,2023-05-01 14:46,2023,5,1,32.469714,-95.302693,https://www.inaturalist.org/observations/159682595,NA,NA,
Tripsacum dactyloides,Texas,2023-04-30 10:13,2023,4,30,30.620643,-98.071383,https://www.inaturalist.org/observations/158414374,NA,NA,
Tripsacum dactyloides,Texas,2023-05-02 19:00:14,2023,5,2,33.161284,-96.617913,https://www.inaturalist.org/observations/159492022,NA,NA,
Tripsacum dactyloides,Texas,2023-04-29 9:33:25,2023,4,29,33.057243,-96.671445,https://www.inaturalist.org/observations/157728685,NA,NA,
Tripsacum dactyloides,Texas,2023-04-30 9:22,2023,4,30,31.016635,-97.424579,https://www.inaturalist.org/observations/158317813,NA,NA,
Tripsacum dactyloides,Texas,2023-04-29 9:03,2023,4,29,33.301169,-96.243838,https://www.inaturalist.org/observations/158426809,NA,NA,
Tripsacum dactyloides,Texas,2023-05-01 12:20,2023,5,1,29.793757,-94.954348,https://www.inaturalist.org/observations/159580938,NA,NA,
Tripsacum dactyloides,Texas,2023-04-30 11:11:09,2023,4,30,32.470034,-95.302254,https://www.inaturalist.org/observations/159540304,NA,NA,
Tripsacum dactyloides,Texas,2023-04-29 13:34:53,2023,4,29,29.670694,-95.108706,https://www.inaturalist.org/observations/157714958,NA,NA,
Tripsacum dactyloides,Texas,2023-04-28 10:11:34,2023,4,28,30.023866,-95.294403,https://www.inaturalist.org/observations/157148849,NA,NA,
Tripsacum dactyloides,Texas,2023-05-02 17:46:29,2023,5,2,32.804016,-96.735679,https://www.inaturalist.org/observations/159291544,NA,NA,
Tripsacum dactyloides,Texas,2023-05-01 8:50:29,2023,5,1,29.588783,-95.15155,https://www.inaturalist.org/observations/158909593,NA,NA,
Tripsacum dactyloides,Texas,2023-05-01 13:30:48,2023,5,1,29.858728,-98.62967,https://www.inaturalist.org/observations/159065135,NA,NA,
Tripsacum dactyloides,Texas,2023-04-28 16:18,2023,4,28,29.572916,-94.390112,https://www.inaturalist.org/observations/159245415,NA,NA,
Tripsacum dactyloides,Texas,2023-04-29 10:50,2023,4,29,29.861206,-95.160517,https://www.inaturalist.org/observations/159173317,NA,NA,
Tripsacum dactyloides,Texas,2023-04-29 11:05,2023,4,29,33.058507,-96.674247,https://www.inaturalist.org/observations/159001962,NA,NA,
Tripsacum dactyloides,Texas,2023-04-30 11:11:22,2023,4,30,33.05041,-96.852958,https://www.inaturalist.org/observations/159038839,NA,NA,
Tripsacum dactyloides,Texas,2023-05-02 9:45:37,2023,5,2,30.225388,-97.6913,https://www.inaturalist.org/observations/159175224,NA,NA,
Tripsacum dactyloides,Texas,2023-05-01 13:47:41,2023,5,1,29.859525,-98.629662,https://www.inaturalist.org/observations/159231641,NA,NA,
Tripsacum dactyloides,Texas,2023-04-30 14:25,2023,4,30,29.506897,-94.992427,https://www.inaturalist.org/observations/158353205,NA,NA,
Tripsacum dactyloides,Texas,2023-04-29 13:35:11,2023,4,29,29.765513,-95.451272,https://www.inaturalist.org/observations/157822186,NA,NA,
Tripsacum dactyloides,Texas,2023-04-29 9:17:47,2023,4,29,33.057158,-96.672006,https://www.inaturalist.org/observations/157588388,NA,NA,
Tripsacum dactyloides,Texas,2023-04-29 13:48:55,2023,4,29,29.932054,-95.924279,https://www.inaturalist.org/observations/157834522,NA,NA,
Tripsacum dactyloides,Texas,2023-04-28 15:23:48,2023,4,28,33.062769,-96.987981,https://www.inaturalist.org/observations/157281745,NA,NA,
Tripsacum dactyloides,Texas,2023-04-22 8:47:13,2023,4,22,33.04747,-96.84974,https://www.inaturalist.org/observations/156043419,NA,NA,
Tripsacum dactyloides,Texas,2023-04-28 8:58:27,2023,4,28,29.764938,-95.452698,https://www.inaturalist.org/observations/157117355,NA,NA,
Tripsacum dactyloides,Texas,2023-04-28 8:57:40,2023,4,28,33.019194,-96.873458,https://www.inaturalist.org/observations/157307044,NA,NA,
Tripsacum dactyloides,Texas,2023-04-28 10:02:26,2023,4,28,32.661626,-97.222809,https://www.inaturalist.org/observations/157147377,NA,NA,
Tripsacum dactyloides,Texas,2023-04-27 10:41:38,2023,4,27,33.301169,-96.243838,https://www.inaturalist.org/observations/156955260,NA,NA,
Tripsacum dactyloides,Texas,2023-05-01 17:05:32,2023,5,1,29.765767,-95.452812,https://www.inaturalist.org/observations/158997384,NA,NA,
Tripsacum dactyloides,Texas,2023-04-30 10:37:30,2023,4,30,33.05041,-96.852958,https://www.inaturalist.org/observations/159037361,NA,NA,
Tripsacum dactyloides,Texas,2023-04-28 16:32:18,2023,4,28,29.424863,-94.959914,https://www.inaturalist.org/observations/157424592,NA,NA,
Tripsacum dactyloides,Texas,2023-04-29 11:16,2023,4,29,33.058507,-96.674247,https://www.inaturalist.org/observations/159001985,NA,NA,
Tripsacum dactyloides,Texas,2023-05-01 10:31:54,2023,5,1,32.753812,-96.848458,https://www.inaturalist.org/observations/159220505,NA,NA,
Tripsacum dactyloides,Texas,2023-05-01 10:17,2023,5,1,29.495176,-95.456111,https://www.inaturalist.org/observations/159007496,NA,NA,
Tripsacum dactyloides,Texas,2023-04-29 11:16,2023,4,29,33.058507,-96.674247,https://www.inaturalist.org/observations/159001983,NA,NA,
Tripsacum dactyloides,Texas,2023-05-02 13:26:14,2023,5,2,29.584397,-98.604272,https://www.inaturalist.org/observations/159231136,NA,NA,
Tripsacum dactyloides,Texas,2023-04-28 14:28,2023,4,28,33.058507,-96.674247,https://www.inaturalist.org/observations/159179496,NA,NA,
Tripsacum dactyloides,Texas,2023-05-02 14:30:46,2023,5,2,30.399657,-97.314369,https://www.inaturalist.org/observations/159245754,NA,NA,
Tripsacum dactyloides,Texas,2023-04-29 10:16:18,2023,4,29,29.669221,-95.108751,https://www.inaturalist.org/observations/157614936,NA,NA,
Tripsacum dactyloides,Texas,2023-04-29 11:26:04,2023,4,29,29.16042,-98.13218,https://www.inaturalist.org/observations/157650394,NA,NA,
Tripsacum dactyloides,Texas,2023-04-30 9:52:44,2023,4,30,33.022567,-96.871041,https://www.inaturalist.org/observations/158465690,NA,NA,
Tripsacum dactyloides,Texas,2023-04-30 11:35:05,2023,4,30,30.32589,-98.247053,https://www.inaturalist.org/observations/158267093,NA,NA,
Tripsacum dactyloides,Texas,2023-04-29 11:49:59,2023,4,29,29.932054,-95.924279,https://www.inaturalist.org/observations/157834563,NA,NA,
Tripsacum dactyloides,Texas,2023-04-30 9:33:03,2023,4,30,29.554389,-98.529282,https://www.inaturalist.org/observations/158106865,NA,NA,
Tripsacum dactyloides,Texas,2023-04-30 9:31:32,2023,4,30,29.554228,-98.529089,https://www.inaturalist.org/observations/158106284,NA,NA,
Tripsacum dactyloides,Texas,2023-04-29 14:26:34,2023,4,29,30.024772,-95.287355,https://www.inaturalist.org/observations/157764694,NA,NA,
Tripsacum dactyloides,Texas,2023-04-25 13:22:08,2023,4,25,30.283583,-97.778228,https://www.inaturalist.org/observations/156816994,NA,NA,
Tripsacum dactyloides,Texas,2020-05-06T17:28:57Z,2020,5,6,29.994462,-98.068249,https://www.inaturalist.org/observations/45115584,NA,NA,
Tripsacum dactyloides,Texas,2023-04-28 14:51:57,2023,4,28,33.047508,-96.849738,https://www.inaturalist.org/observations/157297805,NA,NA,
Tripsacum dactyloides,Texas,2023-04-27 9:45:13,2023,4,27,33.310125,-96.243388,https://www.inaturalist.org/observations/156971519,NA,NA,
Tripsacum dactyloides,Texas,2023-04-28 7:59:17,2023,4,28,29.764923,-95.452728,https://www.inaturalist.org/observations/157098273,NA,NA,
Tripsacum dactyloides,Texas,2023-04-27 15:05:43,2023,4,27,33.062302,-96.988297,https://www.inaturalist.org/observations/156938209,NA,NA,
Tripsacum dactyloides,Texas,2023-04-28 9:32:39,2023,4,28,33.017161,-96.87507,https://www.inaturalist.org/observations/157307699,NA,NA,
Tripsacum dactyloides,Texas,2023-04-24 11:32:30,2023,4,24,29.544786,-94.898566,https://www.inaturalist.org/observations/156437600,NA,NA,
Tripsacum dactyloides,Texas,2023-04-25 13:18:38,2023,4,25,30.337088,-97.895553,https://www.inaturalist.org/observations/156625175,NA,NA,
Tripsacum dactyloides,Texas,2023-04-22 17:05:53,2023,4,22,29.55444,-98.529097,https://www.inaturalist.org/observations/156164863,NA,NA,
Tripsacum dactyloides,Texas,2023-04-19 10:12,2023,4,19,33.058507,-96.674247,https://www.inaturalist.org/observations/155822228,NA,NA,
Tripsacum dactyloides,Texas,2023-04-19 10:11,2023,4,19,33.056366,-96.670474,https://www.inaturalist.org/observations/155758192,NA,NA,
Tripsacum dactyloides,Texas,2023-04-22 8:53:08,2023,4,22,29.553845,-98.528959,https://www.inaturalist.org/observations/156178027,NA,NA,
Tripsacum dactyloides,Texas,2020-05-08 19:49,2020,5,8,30.400906,-97.689151,https://www.inaturalist.org/observations/156491704,NA,NA,
Tripsacum dactyloides,Texas,2023-04-23 15:48:27,2023,4,23,29.675062,-96.273537,https://www.inaturalist.org/observations/156327461,NA,NA,
Tripsacum dactyloides,Texas,2023-04-22 9:52:08,2023,4,22,33.304138,-96.236922,https://www.inaturalist.org/observations/156173963,NA,NA,
Tripsacum dactyloides,Texas,2023-04-22 16:24:53,2023,4,22,33.062237,-96.980384,https://www.inaturalist.org/observations/156130512,NA,NA,
Tripsacum dactyloides,Texas,2023-04-22 12:23:20,2023,4,22,32.662731,-97.222928,https://www.inaturalist.org/observations/156082796,NA,NA,
Tripsacum dactyloides,Texas,2023-04-22 8:23:23,2023,4,22,33.047436,-96.84973,https://www.inaturalist.org/observations/156055365,NA,NA,
Tripsacum dactyloides,Texas,2023-04-13 15:36:09,2023,4,13,29.587138,-95.004592,https://www.inaturalist.org/observations/154745231,NA,NA,
Tripsacum dactyloides,Texas,2023-04-16 10:15:37,2023,4,16,29.281912,-103.33676,https://www.inaturalist.org/observations/155459585,NA,NA,
Tripsacum dactyloides,Texas,2023-04-11 13:51,2023,4,11,29.935908,-96.983885,https://www.inaturalist.org/observations/154780055,NA,NA,
Tripsacum dactyloides,Texas,2023-04-15 12:50,2023,4,15,29.804142,-97.66617,https://www.inaturalist.org/observations/155011384,NA,NA,
Tripsacum dactyloides,Texas,2023-04-16 15:04:11,2023,4,16,29.554191,-98.529043,https://www.inaturalist.org/observations/155212083,NA,NA,
Tripsacum dactyloides,Texas,2023-04-17 13:51,2023,4,17,30.838045,-99.2383,https://www.inaturalist.org/observations/155376856,NA,NA,
Tripsacum dactyloides,Texas,2023-04-13 11:54:21,2023,4,13,29.765822,-95.45277,https://www.inaturalist.org/observations/154717463,NA,NA,
Tripsacum dactyloides,Texas,2023-04-17 16:18,2023,4,17,33.258244,-96.656009,https://www.inaturalist.org/observations/155526250,NA,NA,
Tripsacum dactyloides,Texas,2023-04-15 17:23:25,2023,4,15,30.33917,-97.895133,https://www.inaturalist.org/observations/155168067,NA,NA,
Tripsacum dactyloides,Texas,2023-04-08 11:23:45,2023,4,8,33.133417,-96.350406,https://www.inaturalist.org/observations/155092432,NA,NA,
Tripsacum dactyloides,Texas,2023-04-12 18:48:40,2023,4,12,30.062356,-97.399308,https://www.inaturalist.org/observations/154635498,NA,NA,
Tripsacum dactyloides,Texas,2023-04-09 14:09:19,2023,4,9,29.554613,-98.529397,https://www.inaturalist.org/observations/154178973,NA,NA,
Tripsacum dactyloides,Texas,2023-04-10 16:18:33,2023,4,10,29.819446,-98.54081,https://www.inaturalist.org/observations/154351077,NA,NA,
Tripsacum dactyloides,Texas,2023-04-10 9:33:48,2023,4,10,29.766738,-95.431838,https://www.inaturalist.org/observations/154274658,NA,NA,
Tripsacum dactyloides,Texas,2023-04-09 14:07:50,2023,4,9,29.554828,-98.529603,https://www.inaturalist.org/observations/154178912,NA,NA,
Tripsacum dactyloides,Texas,2023-04-09 19:18:41,2023,4,9,29.756129,-96.408341,https://www.inaturalist.org/observations/154198439,NA,NA,
Tripsacum dactyloides,Texas,2023-04-08 11:54:04,2023,4,8,33.133348,-96.346634,https://www.inaturalist.org/observations/153960111,NA,NA,
Tripsacum dactyloides,Texas,2023-04-08 15:10,2023,4,8,29.557663,-98.527603,https://www.inaturalist.org/observations/153990879,NA,NA,
Tripsacum dactyloides,Texas,2023-03-26 11:31,2023,3,26,30.24545,-97.722833,https://www.inaturalist.org/observations/152448486,NA,NA,
Tripsacum dactyloides,Texas,2023-03-28 12:30:21,2023,3,28,33.062583,-96.985165,https://www.inaturalist.org/observations/152658074,NA,NA,
Tripsacum dactyloides,Texas,2023-03-25 11:54:15,2023,3,25,29.837238,-95.45603,https://www.inaturalist.org/observations/152272421,NA,NA,
Tripsacum dactyloides,Texas,2023-03-25 11:27:28,2023,3,25,33.240905,-97.374008,https://www.inaturalist.org/observations/152295207,NA,NA,
Tripsacum dactyloides,Texas,2023-03-26 11:38:41,2023,3,26,29.613888,-94.535637,https://www.inaturalist.org/observations/152897282,NA,NA,
Tripsacum dactyloides,Texas,2020-04-25 14:07:54,2020,4,25,29.534355,-98.840458,https://www.inaturalist.org/observations/43411775,NA,NA,
Tripsacum dactyloides,Texas,2023-03-10 10:30:27,2023,3,10,30.747989,-98.35944,https://www.inaturalist.org/observations/150998168,NA,NA,
Tripsacum dactyloides,Texas,2023-03-07 14:09:08,2023,3,7,29.764187,-95.429558,https://www.inaturalist.org/observations/150520242,NA,NA,
Tripsacum dactyloides,Texas,2023-03-01 18:02:22,2023,3,1,29.829415,-97.840027,https://www.inaturalist.org/observations/150018633,NA,NA,
Tripsacum dactyloides,Texas,2022-12-11 13:02:18,2022,12,11,32.773555,-97.373038,https://www.inaturalist.org/observations/144169830,NA,NA,
Tripsacum dactyloides,Texas,2019-04-26 16:01:53,2019,4,26,33.060085,-96.851128,https://www.inaturalist.org/observations/23222063,NA,NA,
Tripsacum dactyloides,Texas,2022-09-15 16:29,2022,9,15,29.596278,-98.539733,https://www.inaturalist.org/observations/146668030,NA,NA,
Tripsacum dactyloides,Texas,2022-12-29 13:43:25,2022,12,29,29.871919,-98.485191,https://www.inaturalist.org/observations/145382519,NA,NA,
Tripsacum dactyloides,Texas,2022-12-20 10:33:59,2022,12,20,29.666595,-98.601517,https://www.inaturalist.org/observations/144737720,NA,NA,
Tripsacum dactyloides,Texas,2019-04-11 11:04:55,2019,4,11,29.671825,-95.301173,https://www.inaturalist.org/observations/23430676,NA,NA,
Tripsacum dactyloides,Texas,2022-12-14 14:45:47,2022,12,14,29.85382,-99.279892,https://www.inaturalist.org/observations/144452219,NA,NA,
Tripsacum dactyloides,Texas,2022-04-16 9:08,2022,4,16,29.524702,-95.807586,https://www.inaturalist.org/observations/112041715,NA,NA,
Tripsacum dactyloides,Texas,2022-04-16 9:08,2022,4,16,29.524702,-95.807586,https://www.inaturalist.org/observations/112041714,NA,NA,
Tripsacum dactyloides,Texas,2022-12-17 16:46:46,2022,12,17,29.580633,-98.764725,https://www.inaturalist.org/observations/144589340,NA,NA,
Tripsacum dactyloides,Texas,2022-12-09 10:22:45,2022,12,9,29.290117,-103.376822,https://www.inaturalist.org/observations/144124303,NA,NA,
Tripsacum dactyloides,Texas,2022-12-03 11:44,2022,12,3,29.738133,-98.945497,https://www.inaturalist.org/observations/143923041,NA,NA,
Tripsacum dactyloides,Texas,2022-12-11 8:02:36,2022,12,11,29.680346,-98.294527,https://www.inaturalist.org/observations/144150218,NA,NA,
Tripsacum dactyloides,Texas,2022-12-05 11:13:19,2022,12,5,29.16591,-95.34754,https://www.inaturalist.org/observations/143790450,NA,NA,
Tripsacum dactyloides,Texas,2022-11-29 10:57,2022,11,29,30.508775,-97.759566,https://www.inaturalist.org/observations/143321594,NA,NA,
Tripsacum dactyloides,Texas,2022-11-27 14:09:06,2022,11,27,32.753578,-96.848625,https://www.inaturalist.org/observations/143087751,NA,NA,
Tripsacum dactyloides,Texas,2022-11-16 10:25,2022,11,16,30.098623,-97.173048,https://www.inaturalist.org/observations/142552252,NA,NA,
Tripsacum dactyloides,Texas,2022-11-29 11:58,2022,11,29,30.508481,-97.760247,https://www.inaturalist.org/observations/143324566,NA,NA,
Tripsacum dactyloides,Texas,2022-12-01 11:17:34,2022,12,1,29.762491,-95.449551,https://www.inaturalist.org/observations/143438215,NA,NA,
Tripsacum dactyloides,Texas,2022-12-04 13:57:54,2022,12,4,30.242627,-97.697482,https://www.inaturalist.org/observations/143667927,NA,NA,
Tripsacum dactyloides,Texas,2022-11-22 11:32:34,2022,11,22,30.493987,-98.125436,https://www.inaturalist.org/observations/142625910,NA,NA,
Tripsacum dactyloides,Texas,2022-11-23 10:24:28,2022,11,23,30.180972,-97.729791,https://www.inaturalist.org/observations/142680353,NA,NA,
Tripsacum dactyloides,Texas,2022-10-01 11:39:36,2022,10,1,29.611412,-95.866372,https://www.inaturalist.org/observations/142720633,NA,NA,
Tripsacum dactyloides,Texas,2022-11-18 14:24:24,2022,11,18,32.61451,-96.996593,https://www.inaturalist.org/observations/142338150,NA,NA,
Tripsacum dactyloides,Texas,2022-11-16 13:13:47,2022,11,16,29.893639,-97.930025,https://www.inaturalist.org/observations/142163882,NA,NA,
Tripsacum dactyloides,Texas,2022-11-10 10:59:35,2022,11,10,30.488021,-99.761485,https://www.inaturalist.org/observations/141622596,NA,NA,
Tripsacum dactyloides,Texas,2022-11-10 7:00:24,2022,11,10,29.679869,-98.29428,https://www.inaturalist.org/observations/141607629,NA,NA,
Tripsacum dactyloides,Texas,2022-11-09 16:21,2022,11,9,33.056918,-96.670108,https://www.inaturalist.org/observations/141574140,NA,NA,
Tripsacum dactyloides,Texas,2022-09-30 9:46,2022,9,30,30.504079,-98.82906,https://www.inaturalist.org/observations/141301278,NA,NA,
Tripsacum dactyloides,Texas,2022-11-02 14:13:53,2022,11,2,29.248673,-95.595829,https://www.inaturalist.org/observations/140969355,NA,NA,
Tripsacum dactyloides,Texas,2022-10-06 12:49:25,2022,10,6,31.22063,-98.549963,https://www.inaturalist.org/observations/137888287,NA,NA,
Tripsacum dactyloides,Texas,2022-10-29 9:40:21,2022,10,29,30.750914,-97.294207,https://www.inaturalist.org/observations/140394416,NA,NA,
Tripsacum dactyloides,Texas,2022-10-12 8:59:17,2022,10,12,30.488787,-99.759286,https://www.inaturalist.org/observations/138499023,NA,NA,
Tripsacum dactyloides,Texas,2022-10-15 9:16:21,2022,10,15,30.250624,-97.716477,https://www.inaturalist.org/observations/139002861,NA,NA,
Tripsacum dactyloides,Texas,2022-10-20 9:19:39,2022,10,20,29.859483,-95.159653,https://www.inaturalist.org/observations/139464514,NA,NA,
Tripsacum dactyloides,Texas,2022-10-21 9:36:31,2022,10,21,29.721205,-98.125892,https://www.inaturalist.org/observations/139526639,NA,NA,
Tripsacum dactyloides,Texas,2022-10-21 11:32:46,2022,10,21,29.913598,-98.088093,https://www.inaturalist.org/observations/139536305,NA,NA,
Tripsacum dactyloides,Texas,2022-10-13 17:02:12,2022,10,13,32.945607,-96.861492,https://www.inaturalist.org/observations/138667379,NA,NA,
Tripsacum dactyloides,Texas,2022-10-16 18:32:30,2022,10,16,29.894304,-100.995194,https://www.inaturalist.org/observations/139116796,NA,NA,
Tripsacum dactyloides,Texas,2022-10-23 18:12:28,2022,10,23,31.782726,-96.053374,https://www.inaturalist.org/observations/139841076,NA,NA,
Tripsacum dactyloides,Texas,2022-10-19 14:04:44,2022,10,19,33.056795,-96.670014,https://www.inaturalist.org/observations/139356525,NA,NA,
Tripsacum dactyloides,Texas,2022-10-20 10:22,2022,10,20,29.926955,-95.923284,https://www.inaturalist.org/observations/139752482,NA,NA,
Tripsacum dactyloides,Texas,2022-10-07 18:11:37,2022,10,7,29.720737,-99.0719,https://www.inaturalist.org/observations/137916356,NA,NA,
Tripsacum dactyloides,Texas,2022-10-11 11:33:52,2022,10,11,30.488221,-99.76111,https://www.inaturalist.org/observations/138400645,NA,NA,
Tripsacum dactyloides,Texas,2022-10-10 10:27:18,2022,10,10,33.206587,-97.160614,https://www.inaturalist.org/observations/138281657,NA,NA,
Tripsacum dactyloides,Texas,2022-10-09 9:04:49,2022,10,9,29.590926,-98.759605,https://www.inaturalist.org/observations/138118506,NA,NA,
Tripsacum dactyloides,Texas,2022-10-07 12:08:10,2022,10,7,29.928179,-95.922965,https://www.inaturalist.org/observations/137877321,NA,NA,
Tripsacum dactyloides,Texas,2022-10-08 7:46:34,2022,10,8,33.057416,-96.671082,https://www.inaturalist.org/observations/137967611,NA,NA,
Tripsacum dactyloides,Texas,2022-10-07 13:43:43,2022,10,7,30.240127,-98.632699,https://www.inaturalist.org/observations/138018868,NA,NA,
Tripsacum dactyloides,Texas,2022-10-03 10:51:26,2022,10,3,29.768526,-95.429223,https://www.inaturalist.org/observations/137423523,NA,NA,
Tripsacum dactyloides,Texas,2022-10-01 10:52:11,2022,10,1,29.766255,-95.450097,https://www.inaturalist.org/observations/137214736,NA,NA,
Tripsacum dactyloides,Texas,2022-09-29 13:01:22,2022,9,29,29.458066,-95.41536,https://www.inaturalist.org/observations/136944861,NA,NA,
Tripsacum dactyloides,Texas,2022-09-13 10:03:10,2022,9,13,29.718287,-95.392913,https://www.inaturalist.org/observations/134907556,NA,NA,
Tripsacum dactyloides,Texas,2022-10-01 10:48:06,2022,10,1,33.311879,-96.246721,https://www.inaturalist.org/observations/137226283,NA,NA,
Tripsacum dactyloides,Texas,2022-09-15 19:02,2022,9,15,32.235757,-99.88481,https://www.inaturalist.org/observations/136792204,NA,NA,
Tripsacum dactyloides,Texas,2022-09-29 11:07:57,2022,9,29,29.767,-95.450303,https://www.inaturalist.org/observations/136967621,NA,NA,
Tripsacum dactyloides,Texas,2022-09-29 11:57:57,2022,9,29,29.244788,-98.547856,https://www.inaturalist.org/observations/136932218,NA,NA,
Tripsacum dactyloides,Texas,2022-09-20 11:41,2022,9,20,29.280696,-103.330758,https://www.inaturalist.org/observations/136878662,NA,NA,
Tripsacum dactyloides,Texas,2022-09-30 10:14:09,2022,9,30,30.304337,-97.748855,https://www.inaturalist.org/observations/137037302,NA,NA,
Tripsacum dactyloides,Texas,2022-09-27 13:38:45,2022,9,27,29.767053,-95.42874,https://www.inaturalist.org/observations/136720257,NA,NA,
Tripsacum dactyloides,Texas,2022-09-27 13:41,2022,9,27,29.767963,-95.429022,https://www.inaturalist.org/observations/136720494,NA,NA,
Tripsacum dactyloides,Texas,2022-09-25 12:23,2022,9,25,29.574988,-98.510283,https://www.inaturalist.org/observations/136455595,NA,NA,
Tripsacum dactyloides,Texas,2022-09-24 18:32,2022,9,24,31.791172,-94.619434,https://www.inaturalist.org/observations/136371053,NA,NA,
Tripsacum dactyloides,Texas,2022-09-14 9:21:08,2022,9,14,29.94561,-95.433725,https://www.inaturalist.org/observations/134985773,NA,NA,
Tripsacum dactyloides,Texas,2022-09-24 10:45:17,2022,9,24,32.930992,-95.58103,https://www.inaturalist.org/observations/136290630,NA,NA,
Tripsacum dactyloides,Texas,2022-09-17 10:34:08,2022,9,17,30.504352,-98.817599,https://www.inaturalist.org/observations/135453533,NA,NA,
Tripsacum dactyloides,Texas,2022-09-15 18:42:16,2022,9,15,32.236412,-99.884353,https://www.inaturalist.org/observations/135564544,NA,NA,
Tripsacum dactyloides,Texas,2022-09-17 7:28,2022,9,17,29.519888,-99.699844,https://www.inaturalist.org/observations/135776335,NA,NA,
Tripsacum dactyloides,Texas,2022-09-16 17:28,2022,9,16,30.022906,-99.130356,https://www.inaturalist.org/observations/135827503,NA,NA,
Tripsacum dactyloides,Texas,2022-09-14 22:10,2022,9,14,31.760201,-94.64171,https://www.inaturalist.org/observations/135125673,NA,NA,
Tripsacum dactyloides,Texas,2022-09-14 17:16,2022,9,14,33.057373,-96.672473,https://www.inaturalist.org/observations/135170193,NA,NA,
Tripsacum dactyloides,Texas,2022-09-15 18:40:32,2022,9,15,32.236449,-99.884369,https://www.inaturalist.org/observations/135188897,NA,NA,
Tripsacum dactyloides,Texas,2022-09-10 9:02:12,2022,9,10,32.81985,-96.729939,https://www.inaturalist.org/observations/134421003,NA,NA,
Tripsacum dactyloides,Texas,2022-09-05 9:57:01,2022,9,5,32.638169,-96.958229,https://www.inaturalist.org/observations/133766302,NA,NA,
Tripsacum dactyloides,Texas,2022-09-10 9:52:57,2022,9,10,32.814682,-96.733112,https://www.inaturalist.org/observations/134427866,NA,NA,
Tripsacum dactyloides,Texas,2022-09-03 17:43,2022,9,3,31.498116,-94.743246,https://www.inaturalist.org/observations/133567345,NA,NA,
Tripsacum dactyloides,Texas,2022-09-10 9:02:09,2022,9,10,32.819825,-96.729938,https://www.inaturalist.org/observations/134462008,NA,NA,
Tripsacum dactyloides,Texas,2022-09-02 9:13:25,2022,9,2,29.742198,-98.224921,https://www.inaturalist.org/observations/133333787,NA,NA,
Tripsacum dactyloides,Texas,2022-09-01 18:05:08,2022,9,1,32.470177,-95.30204,https://www.inaturalist.org/observations/133277410,NA,NA,
Tripsacum dactyloides,Texas,2022-09-10 11:07:03,2022,9,10,29.690097,-99.754333,https://www.inaturalist.org/observations/134442844,NA,NA,
Tripsacum dactyloides,Texas,2022-08-26 11:21:21,2022,8,26,29.708149,-98.255789,https://www.inaturalist.org/observations/132431986,NA,NA,
Tripsacum dactyloides,Texas,2022-04-30 22:38,2022,4,30,30.628275,-96.322632,https://www.inaturalist.org/observations/131291599,NA,NA,
Tripsacum dactyloides,Texas,2022-09-12 18:51:05,2022,9,12,32.23657,-99.884308,https://www.inaturalist.org/observations/134808421,NA,NA,
Tripsacum dactyloides,Texas,2022-09-05 11:13:45,2022,9,5,29.837075,-95.456092,https://www.inaturalist.org/observations/133778163,NA,NA,
Tripsacum dactyloides,Texas,2022-08-21 19:03,2022,8,21,30.250597,-97.716826,https://www.inaturalist.org/observations/131836745,NA,NA,
Tripsacum dactyloides,Texas,2022-09-08 12:46:17,2022,9,8,30.130719,-97.839277,https://www.inaturalist.org/observations/134202739,NA,NA,
Tripsacum dactyloides,Texas,2022-09-09 15:13:46,2022,9,9,33.143822,-96.302156,https://www.inaturalist.org/observations/134530917,NA,NA,
Tripsacum dactyloides,Texas,2022-09-08 10:00:13,2022,9,8,33.173355,-96.814858,https://www.inaturalist.org/observations/134190456,NA,NA,
Tripsacum dactyloides,Texas,2022-07-13 16:01:07,2022,7,13,30.748543,-95.475605,https://www.inaturalist.org/observations/126118026,NA,NA,
Tripsacum dactyloides,Texas,2022-06-29 9:20:17,2022,6,29,29.826779,-98.800405,https://www.inaturalist.org/observations/123969242,NA,NA,
Tripsacum dactyloides,Texas,2022-06-04 10:20:51,2022,6,4,33.204833,-95.231545,https://www.inaturalist.org/observations/120170136,NA,NA,
Tripsacum dactyloides,Texas,2022-08-13 9:10,2022,8,13,29.259808,-98.573385,https://www.inaturalist.org/observations/130649594,NA,NA,
Tripsacum dactyloides,Texas,2022-08-13 10:18:02,2022,8,13,30.092908,-98.422573,https://www.inaturalist.org/observations/130636756,NA,NA,
Tripsacum dactyloides,Texas,2022-08-15 14:17,2022,8,15,29.876672,-97.93201,https://www.inaturalist.org/observations/131027901,NA,NA,
Tripsacum dactyloides,Texas,2022-08-02 19:04:13,2022,8,2,32.758761,-97.139348,https://www.inaturalist.org/observations/129217133,NA,NA,
Tripsacum dactyloides,Texas,2022-08-05 11:34:16,2022,8,5,29.498534,-95.541953,https://www.inaturalist.org/observations/129602097,NA,NA,
Tripsacum dactyloides,Texas,2022-07-30 11:41,2022,7,30,29.507416,-95.137868,https://www.inaturalist.org/observations/128684775,NA,NA,
Tripsacum dactyloides,Texas,2022-06-18 8:54,2022,6,18,33.056056,-96.670547,https://www.inaturalist.org/observations/126207748,NA,NA,
Tripsacum dactyloides,Texas,2022-07-08 9:37:23,2022,7,8,29.595246,-95.07059,https://www.inaturalist.org/observations/127032087,NA,NA,
Tripsacum dactyloides,Texas,2022-07-24 17:14,2022,7,24,29.5912,-95.544609,https://www.inaturalist.org/observations/128040634,NA,NA,
Tripsacum dactyloides,Texas,2022-07-22 15:17,2022,7,22,33.06126,-96.980141,https://www.inaturalist.org/observations/128056122,NA,NA,
Tripsacum dactyloides,Texas,2022-07-12 9:07:02,2022,7,12,32.222653,-94.724824,https://www.inaturalist.org/observations/125930986,NA,NA,
Tripsacum dactyloides,Texas,2022-07-08 10:01:39,2022,7,8,29.593918,-95.071146,https://www.inaturalist.org/observations/125318747,NA,NA,
Tripsacum dactyloides,Texas,2019-07-19 9:45:18,2019,7,19,33.03655,-96.666467,https://www.inaturalist.org/observations/29112841,NA,NA,
Tripsacum dactyloides,Texas,2022-04-19 19:16:04,2022,4,19,32.893263,-96.747612,https://www.inaturalist.org/observations/112102990,NA,NA,
Tripsacum dactyloides,Texas,2022-07-09 13:13:03,2022,7,9,35.510365,-102.22525,https://www.inaturalist.org/observations/125689504,NA,NA,
Tripsacum dactyloides,Texas,2022-07-13 13:22,2022,7,13,29.563567,-95.286047,https://www.inaturalist.org/observations/126097385,NA,NA,
Tripsacum dactyloides,Texas,2022-04-19 13:46,2022,4,19,33.273892,-96.299278,https://www.inaturalist.org/observations/126765674,NA,NA,
Tripsacum dactyloides,Texas,2022-07-19 10:48:39,2022,7,19,30.175095,-97.731055,https://www.inaturalist.org/observations/126992893,NA,NA,
Tripsacum dactyloides,Texas,2022-07-12 10:15:45,2022,7,12,29.817325,-99.576692,https://www.inaturalist.org/observations/126004381,NA,NA,
Tripsacum dactyloides,Texas,2022-06-19 10:54:14,2022,6,19,29.76666,-95.43263,https://www.inaturalist.org/observations/122500521,NA,NA,
Tripsacum dactyloides,Texas,2022-06-28 11:22:51,2022,6,28,29.571568,-95.21569,https://www.inaturalist.org/observations/123879050,NA,NA,
Tripsacum dactyloides,Texas,2022-06-13 15:00:44,2022,6,13,33.007575,-96.792275,https://www.inaturalist.org/observations/121644839,NA,NA,
Tripsacum dactyloides,Texas,2022-06-25 10:52:02,2022,6,25,30.241145,-97.699925,https://www.inaturalist.org/observations/123377828,NA,NA,
Tripsacum dactyloides,Texas,2022-07-02 15:13:03,2022,7,2,30.024016,-95.294177,https://www.inaturalist.org/observations/124470812,NA,NA,
Tripsacum dactyloides,Texas,2022-06-06 16:32:06,2022,6,6,29.768697,-95.428817,https://www.inaturalist.org/observations/120591161,NA,NA,
Tripsacum dactyloides,Texas,2022-06-04 10:20:49,2022,6,4,33.243514,-95.154221,https://www.inaturalist.org/observations/120565783,NA,NA,
Tripsacum dactyloides,Texas,2022-05-29 10:18:20,2022,5,29,29.581357,-95.416767,https://www.inaturalist.org/observations/119250614,NA,NA,
Tripsacum dactyloides,Texas,2022-06-02 10:35:59,2022,6,2,32.845787,-97.484787,https://www.inaturalist.org/observations/119924450,NA,NA,
Tripsacum dactyloides,Texas,2022-06-05 8:17:11,2022,6,5,30.339263,-97.895438,https://www.inaturalist.org/observations/120325044,NA,NA,
Tripsacum dactyloides,Texas,2022-06-13 10:11:29,2022,6,13,29.519941,-95.019734,https://www.inaturalist.org/observations/121593944,NA,NA,
Tripsacum dactyloides,Texas,2022-05-30 8:23:39,2022,5,30,29.849215,-98.063744,https://www.inaturalist.org/observations/119413656,NA,NA,
Tripsacum dactyloides,Texas,2022-06-08 20:20:04,2022,6,8,29.64785,-95.516196,https://www.inaturalist.org/observations/120905479,NA,NA,
Tripsacum dactyloides,Texas,2022-06-27 13:20:08,2022,6,27,32.482118,-94.534195,https://www.inaturalist.org/observations/123722445,NA,NA,
Tripsacum dactyloides,Texas,2022-05-30 16:05:19,2022,5,30,33.66569,-101.159353,https://www.inaturalist.org/observations/119486742,NA,NA,
Tripsacum dactyloides,Texas,2022-06-13 19:46:55,2022,6,13,32.864788,-96.722229,https://www.inaturalist.org/observations/121695596,NA,NA,
Tripsacum dactyloides,Texas,2022-07-03 7:45,2022,7,3,33.70295,-96.871003,https://www.inaturalist.org/observations/124543944,NA,NA,
Tripsacum dactyloides,Texas,2022-06-24 11:08:36,2022,6,24,29.721163,-98.12738,https://www.inaturalist.org/observations/124164793,NA,NA,
Tripsacum dactyloides,Texas,2022-06-08 20:20:03,2022,6,8,29.764061,-95.434165,https://www.inaturalist.org/observations/121020663,NA,NA,
Tripsacum dactyloides,Texas,2022-06-23 11:28:35,2022,6,23,31.911792,-95.897392,https://www.inaturalist.org/observations/123140901,NA,NA,
Tripsacum dactyloides,Texas,2022-06-04 11:08:34,2022,6,4,29.69928,-95.452046,https://www.inaturalist.org/observations/120174510,NA,NA,
Tripsacum dactyloides,Texas,2022-06-03 10:29:37,2022,6,3,33.737278,-96.751572,https://www.inaturalist.org/observations/120030812,NA,NA,
Tripsacum dactyloides,Texas,2022-05-30 10:05:44,2022,5,30,32.852482,-97.495918,https://www.inaturalist.org/observations/119427232,NA,NA,
Tripsacum dactyloides,Texas,2022-06-12 9:33:07,2022,6,12,30.274413,-97.844497,https://www.inaturalist.org/observations/121486094,NA,NA,
Tripsacum dactyloides,Texas,2022-06-15 10:12,2022,6,15,30.284716,-97.780855,https://www.inaturalist.org/observations/121957924,NA,NA,
Tripsacum dactyloides,Texas,2022-05-26 12:17,2022,5,26,32.635838,-95.460567,https://www.inaturalist.org/observations/118869993,NA,NA,
Tripsacum dactyloides,Texas,2022-04-30 8:55:32,2022,4,30,29.581288,-95.416892,https://www.inaturalist.org/observations/113788450,NA,NA,
Tripsacum dactyloides,Texas,2022-06-16 10:00:46,2022,6,16,33.508198,-97.484297,https://www.inaturalist.org/observations/122332550,NA,NA,
Tripsacum dactyloides,Texas,2022-07-01 20:08:11,2022,7,1,32.965622,-96.65795,https://www.inaturalist.org/observations/124349750,NA,NA,
Tripsacum dactyloides,Texas,2022-05-07 10:44,2022,5,7,30.189339,-96.698469,https://www.inaturalist.org/observations/118981897,NA,NA,
Tripsacum dactyloides,Texas,2022-05-10 11:30:33,2022,5,10,29.291275,-98.440545,https://www.inaturalist.org/observations/125087014,NA,NA,
Tripsacum dactyloides,Texas,2022-06-22 9:36:57,2022,6,22,32.753703,-96.849237,https://www.inaturalist.org/observations/123134722,NA,NA,
Tripsacum dactyloides,Texas,2022-06-17 16:44:16,2022,6,17,35.928716,-100.353764,https://www.inaturalist.org/observations/122598729,NA,NA,
Tripsacum dactyloides,Texas,2022-05-27 9:49:55,2022,5,27,29.554275,-98.529082,https://www.inaturalist.org/observations/118922597,NA,NA,
Tripsacum dactyloides,Texas,2022-05-02 18:09:56,2022,5,2,30.174442,-97.745278,https://www.inaturalist.org/observations/114921322,NA,NA,
Tripsacum dactyloides,Texas,2022-06-27 20:25:58,2022,6,27,32.864899,-96.722279,https://www.inaturalist.org/observations/123785886,NA,NA,
Tripsacum dactyloides,Texas,2022-06-25 10:51:31,2022,6,25,30.240935,-97.699558,https://www.inaturalist.org/observations/123377733,NA,NA,
Tripsacum dactyloides,Texas,2022-06-21 8:10:27,2022,6,21,33.047383,-96.849708,https://www.inaturalist.org/observations/123066361,NA,NA,
Tripsacum dactyloides,Texas,2022-06-25 8:19:38,2022,6,25,30.339583,-97.89547,https://www.inaturalist.org/observations/123453163,NA,NA,
Tripsacum dactyloides,Texas,2022-06-25 8:14:06,2022,6,25,30.338936,-97.895184,https://www.inaturalist.org/observations/123356503,NA,NA,
Tripsacum dactyloides,Texas,2022-05-16 20:14:33,2022,5,16,32.86364,-96.725593,https://www.inaturalist.org/observations/118999001,NA,NA,
Tripsacum dactyloides,Texas,2022-06-08 17:51:14,2022,6,8,30.310505,-98.24318,https://www.inaturalist.org/observations/120976823,NA,NA,
Tripsacum dactyloides,Texas,2022-06-04 9:50:45,2022,6,4,32.634335,-98.311091,https://www.inaturalist.org/observations/120279593,NA,NA,
Tripsacum dactyloides,Texas,2022-06-11 11:11,2022,6,11,32.471711,-95.303101,https://www.inaturalist.org/observations/121306878,NA,NA,
Tripsacum dactyloides,Texas,2022-06-08 18:57:43,2022,6,8,30.573747,-96.364448,https://www.inaturalist.org/observations/121098294,NA,NA,
Tripsacum dactyloides,Texas,2022-06-02 10:39:14,2022,6,2,32.845688,-97.48517,https://www.inaturalist.org/observations/119924099,NA,NA,
Tripsacum dactyloides,Texas,2022-06-06 9:12:03,2022,6,6,30.348993,-97.742657,https://www.inaturalist.org/observations/120620950,NA,NA,
Tripsacum dactyloides,Texas,2022-06-01 9:03:43,2022,6,1,32.2371,-99.882263,https://www.inaturalist.org/observations/119773842,NA,NA,
Tripsacum dactyloides,Texas,2022-05-07 17:16,2022,5,7,30.189339,-96.698469,https://www.inaturalist.org/observations/118979467,NA,NA,
Tripsacum dactyloides,Texas,2022-05-27 14:02:14,2022,5,27,29.042537,-95.474371,https://www.inaturalist.org/observations/119092377,NA,NA,
Tripsacum dactyloides,Texas,2019-10-31T09:18:35Z,2019,10,31,29.7508,-95.637049,https://www.inaturalist.org/observations/35133116,NA,NA,
Tripsacum dactyloides,Texas,2022-04-29 16:00,2022,4,29,32.782801,-97.126694,https://www.inaturalist.org/observations/114455645,NA,NA,
Tripsacum dactyloides,Texas,2021-06-10T09:13:07Z,2021,6,10,30.573673,-96.364588,https://www.inaturalist.org/observations/82420043,NA,NA,
Tripsacum dactyloides,Texas,2021-06-11 8:42:44,2021,6,11,33.912382,-98.513422,https://www.inaturalist.org/observations/82580087,NA,NA,
Tripsacum dactyloides,Texas,2021-05-13T10:00:50Z,2021,5,13,33.032492,-97.068695,https://www.inaturalist.org/observations/78580207,NA,NA,
Tripsacum dactyloides,Texas,2022-05-26 11:52:13,2022,5,26,32.967659,-97.0178,https://www.inaturalist.org/observations/118803674,NA,NA,
Tripsacum dactyloides,Texas,2022-05-20 14:04:31,2022,5,20,29.78022,-98.71028,https://www.inaturalist.org/observations/117916417,NA,NA,
Tripsacum dactyloides,Texas,2022-05-22 18:43:17,2022,5,22,32.249255,-97.810045,https://www.inaturalist.org/observations/118742114,NA,NA,
Tripsacum dactyloides,Texas,2022-05-20 8:10:30,2022,5,20,32.949262,-96.686058,https://www.inaturalist.org/observations/117869006,NA,NA,
Tripsacum dactyloides,Texas,2022-05-22 13:00:11,2022,5,22,32.753717,-96.849578,https://www.inaturalist.org/observations/118239657,NA,NA,
Tripsacum dactyloides,Texas,2022-05-22 8:36:08,2022,5,22,30.339497,-97.89547,https://www.inaturalist.org/observations/118269052,NA,NA,
Tripsacum dactyloides,Texas,2022-05-21 11:50,2022,5,21,30.303843,-97.608269,https://www.inaturalist.org/observations/118091335,NA,NA,
Tripsacum dactyloides,Texas,2022-05-25 16:17:36,2022,5,25,33.016764,-96.874609,https://www.inaturalist.org/observations/118727898,NA,NA,
Tripsacum dactyloides,Texas,2022-05-21 11:44:37,2022,5,21,33.309897,-96.238045,https://www.inaturalist.org/observations/118303054,NA,NA,
Tripsacum dactyloides,Texas,2022-05-23 8:12,2022,5,23,30.336424,-97.891283,https://www.inaturalist.org/observations/118517552,NA,NA,
Tripsacum dactyloides,Texas,2022-05-16 12:45:43,2022,5,16,29.781212,-98.709738,https://www.inaturalist.org/observations/118459647,NA,NA,
Tripsacum dactyloides,Texas,2022-05-21 15:17:41,2022,5,21,30.303921,-97.608165,https://www.inaturalist.org/observations/118102868,NA,NA,
Tripsacum dactyloides,Texas,2022-05-21 10:48:39,2022,5,21,29.893296,-97.93056,https://www.inaturalist.org/observations/118035587,NA,NA,
Tripsacum dactyloides,Texas,2022-05-22 15:23:02,2022,5,22,30.647477,-97.670771,https://www.inaturalist.org/observations/118273755,NA,NA,
Tripsacum dactyloides,Texas,2022-05-21 9:31:01,2022,5,21,33.311091,-96.24506,https://www.inaturalist.org/observations/118281963,NA,NA,
Tripsacum dactyloides,Texas,2022-05-24 13:21:10,2022,5,24,29.713495,-95.599491,https://www.inaturalist.org/observations/118551305,NA,NA,
Tripsacum dactyloides,Texas,2022-05-17 9:41:55,2022,5,17,30.165861,-97.444364,https://www.inaturalist.org/observations/117453134,NA,NA,
Tripsacum dactyloides,Texas,2022-05-16 12:14,2022,5,16,30.505711,-98.818121,https://www.inaturalist.org/observations/118167690,NA,NA,
Tripsacum dactyloides,Texas,2022-05-17 9:03:35,2022,5,17,30.746337,-99.238975,https://www.inaturalist.org/observations/117451570,NA,NA,
Tripsacum dactyloides,Texas,2022-05-17 9:44:45,2022,5,17,30.165676,-97.443825,https://www.inaturalist.org/observations/117453539,NA,NA,
Tripsacum dactyloides,Texas,2022-05-18 9:03:34,2022,5,18,29.52023,-95.020001,https://www.inaturalist.org/observations/117621510,NA,NA,
Tripsacum dactyloides,Texas,2022-05-14 17:44:45,2022,5,14,33.063296,-96.979451,https://www.inaturalist.org/observations/117065965,NA,NA,
Tripsacum dactyloides,Texas,2022-05-18 9:32,2022,5,18,29.524702,-95.807586,https://www.inaturalist.org/observations/117652029,NA,NA,
Tripsacum dactyloides,Texas,2022-05-14 9:47,2022,5,14,29.588442,-95.151848,https://www.inaturalist.org/observations/117041911,NA,NA,
Tripsacum dactyloides,Texas,2022-05-14 9:44:19,2022,5,14,33.310792,-96.242972,https://www.inaturalist.org/observations/117036666,NA,NA,
Tripsacum dactyloides,Texas,2022-05-18 10:28:43,2022,5,18,29.517503,-95.021631,https://www.inaturalist.org/observations/117622099,NA,NA,
Tripsacum dactyloides,Texas,2022-05-14 11:40:53,2022,5,14,29.87067,-98.482078,https://www.inaturalist.org/observations/117413112,NA,NA,
Tripsacum dactyloides,Texas,2022-05-14 11:33,2022,5,14,32.967631,-97.017409,https://www.inaturalist.org/observations/116992981,NA,NA,
Tripsacum dactyloides,Texas,2022-05-14 10:08:12,2022,5,14,29.572618,-94.390343,https://www.inaturalist.org/observations/116979584,NA,NA,
Tripsacum dactyloides,Texas,2022-05-18 18:05:38,2022,5,18,31.690928,-94.598397,https://www.inaturalist.org/observations/117680358,NA,NA,
Tripsacum dactyloides,Texas,2022-05-19 10:36:11,2022,5,19,30.024703,-98.692825,https://www.inaturalist.org/observations/117780315,NA,NA,
Tripsacum dactyloides,Texas,2022-05-16 19:32:59,2022,5,16,32.892472,-96.747292,https://www.inaturalist.org/observations/117412759,NA,NA,
Tripsacum dactyloides,Texas,2022-05-08 15:14,2022,5,8,29.81724,-99.576636,https://www.inaturalist.org/observations/117338505,NA,NA,
Tripsacum dactyloides,Texas,2022-05-15 9:47:06,2022,5,15,30.175075,-96.270017,https://www.inaturalist.org/observations/117144002,NA,NA,
Tripsacum dactyloides,Texas,2022-05-13 18:52:31,2022,5,13,29.766606,-95.432314,https://www.inaturalist.org/observations/116901927,NA,NA,
Tripsacum dactyloides,Texas,2022-05-13 9:31:58,2022,5,13,29.589283,-95.06363,https://www.inaturalist.org/observations/116833449,NA,NA,
Tripsacum dactyloides,Texas,2022-05-11 8:09:32,2022,5,11,33.316816,-95.602929,https://www.inaturalist.org/observations/116550839,NA,NA,
Tripsacum dactyloides,Texas,2022-05-02 9:10:08,2022,5,2,29.524335,-95.800009,https://www.inaturalist.org/observations/114721907,NA,NA,
Tripsacum dactyloides,Texas,2022-05-02 7:50:30,2022,5,2,33.063713,-96.936839,https://www.inaturalist.org/observations/114998070,NA,NA,
Tripsacum dactyloides,Texas,2022-05-10 19:10,2022,5,10,30.182209,-97.729012,https://www.inaturalist.org/observations/116725902,NA,NA,
Tripsacum dactyloides,Texas,2022-04-29 12:59,2022,4,29,30.41788,-97.758719,https://www.inaturalist.org/observations/114392234,NA,NA,
Tripsacum dactyloides,Texas,2022-05-11 17:17,2022,5,11,29.881674,-99.516416,https://www.inaturalist.org/observations/116751713,NA,NA,
Tripsacum dactyloides,Texas,2022-04-30 17:55,2022,4,30,29.686043,-94.976274,https://www.inaturalist.org/observations/115264642,NA,NA,
Tripsacum dactyloides,Texas,2022-05-06 10:46:12,2022,5,6,30.406447,-97.704133,https://www.inaturalist.org/observations/115767291,NA,NA,
Tripsacum dactyloides,Texas,2022-05-01 21:22,2022,5,1,33.258324,-96.655881,https://www.inaturalist.org/observations/114822242,NA,NA,
Tripsacum dactyloides,Texas,2022-04-30 16:11,2022,4,30,33.062524,-96.985932,https://www.inaturalist.org/observations/115580791,NA,NA,
Tripsacum dactyloides,Texas,2022-05-02 13:41:30,2022,5,2,29.392225,-98.496462,https://www.inaturalist.org/observations/114971501,NA,NA,
Tripsacum dactyloides,Texas,2022-05-01 17:28:02,2022,5,1,29.767593,-95.450981,https://www.inaturalist.org/observations/114433164,NA,NA,
Tripsacum dactyloides,Texas,2022-05-01 10:03,2022,5,1,33.056056,-96.670547,https://www.inaturalist.org/observations/116638984,NA,NA,
Tripsacum dactyloides,Texas,2022-04-30 15:19,2022,4,30,29.571021,-95.446588,https://www.inaturalist.org/observations/114504306,NA,NA,
Tripsacum dactyloides,Texas,2022-05-10 12:14:40,2022,5,10,29.927572,-95.808342,https://www.inaturalist.org/observations/116465388,NA,NA,
Tripsacum dactyloides,Texas,2022-05-01 16:46:44,2022,5,1,29.552823,-98.531435,https://www.inaturalist.org/observations/114415205,NA,NA,
Tripsacum dactyloides,Texas,2022-05-02 16:54:58,2022,5,2,30.146536,-96.602409,https://www.inaturalist.org/observations/114890394,NA,NA,
Tripsacum dactyloides,Texas,2022-05-01 10:59,2022,5,1,29.861228,-95.160749,https://www.inaturalist.org/observations/114500002,NA,NA,
Tripsacum dactyloides,Texas,2022-05-08 12:37:22,2022,5,8,33.057297,-96.670578,https://www.inaturalist.org/observations/116159027,NA,NA,
Tripsacum dactyloides,Texas,2022-05-10 9:16:58,2022,5,10,30.239997,-97.701287,https://www.inaturalist.org/observations/116493319,NA,NA,
Tripsacum dactyloides,Texas,2022-05-06 13:19:43,2022,5,6,33.022552,-96.870881,https://www.inaturalist.org/observations/115773067,NA,NA,
Tripsacum dactyloides,Texas,2022-04-30 13:15:51,2022,4,30,29.718487,-95.391517,https://www.inaturalist.org/observations/113901162,NA,NA,
Tripsacum dactyloides,Texas,2022-04-20 17:39:34,2022,4,20,29.5615,-98.444809,https://www.inaturalist.org/observations/113303025,NA,NA,
Tripsacum dactyloides,Texas,2022-04-30 9:39:33,2022,4,30,29.609636,-98.441333,https://www.inaturalist.org/observations/113939898,NA,NA,
Tripsacum dactyloides,Texas,2022-05-11 8:28:21,2022,5,11,29.671206,-95.299858,https://www.inaturalist.org/observations/116553434,NA,NA,
Tripsacum dactyloides,Texas,2022-05-01 11:22:25,2022,5,1,33.047513,-96.849742,https://www.inaturalist.org/observations/114281592,NA,NA,
Tripsacum dactyloides,Texas,2022-05-11 12:44,2022,5,11,29.524702,-95.807586,https://www.inaturalist.org/observations/116720211,NA,NA,
Tripsacum dactyloides,Texas,2022-05-08 8:51:11,2022,5,8,32.577242,-96.507819,https://www.inaturalist.org/observations/116087108,NA,NA,
Tripsacum dactyloides,Texas,2022-04-30 13:19:12,2022,4,30,29.767872,-95.428894,https://www.inaturalist.org/observations/113897605,NA,NA,
Tripsacum dactyloides,Texas,2022-04-30 14:26,2022,4,30,29.765224,-95.45207,https://www.inaturalist.org/observations/115236218,NA,NA,
Tripsacum dactyloides,Texas,2022-05-10 7:18,2022,5,10,30.336305,-97.891369,https://www.inaturalist.org/observations/116509870,NA,NA,
Tripsacum dactyloides,Texas,2022-04-29 10:43:22,2022,4,29,29.588355,-95.15055,https://www.inaturalist.org/observations/113529282,NA,NA,
Tripsacum dactyloides,Texas,2022-04-29 15:31:11,2022,4,29,29.769337,-95.428322,https://www.inaturalist.org/observations/113621384,NA,NA,
Tripsacum dactyloides,Texas,2022-05-06 17:13:12,2022,5,6,32.218582,-95.284631,https://www.inaturalist.org/observations/115806750,NA,NA,
Tripsacum dactyloides,Texas,2022-04-30 7:27:07,2022,4,30,29.747907,-98.457807,https://www.inaturalist.org/observations/113888967,NA,NA,
Tripsacum dactyloides,Texas,2022-04-29 9:09:41,2022,4,29,32.661566,-97.222851,https://www.inaturalist.org/observations/113412153,NA,NA,
Tripsacum dactyloides,Texas,2022-04-29 14:45:56,2022,4,29,29.424839,-94.959888,https://www.inaturalist.org/observations/113533620,NA,NA,
Tripsacum dactyloides,Texas,2022-05-01 8:51:27,2022,5,1,29.689486,-95.423418,https://www.inaturalist.org/observations/114211684,NA,NA,
Tripsacum dactyloides,Texas,2022-04-29 10:29:53,2022,4,29,29.76485,-95.453613,https://www.inaturalist.org/observations/113667840,NA,NA,
Tripsacum dactyloides,Texas,2022-05-01 18:43,2022,5,1,29.769216,-95.430903,https://www.inaturalist.org/observations/114969014,NA,NA,
Tripsacum dactyloides,Texas,2022-04-29 18:05:13,2022,4,29,29.815822,-95.537778,https://www.inaturalist.org/observations/113598202,NA,NA,
Tripsacum dactyloides,Texas,2022-04-30 19:21:07,2022,4,30,29.766358,-95.451967,https://www.inaturalist.org/observations/114035483,NA,NA,
Tripsacum dactyloides,Texas,2022-05-10 9:00:07,2022,5,10,32.967483,-97.017784,https://www.inaturalist.org/observations/116501611,NA,NA,
Tripsacum dactyloides,Texas,2022-04-29 10:36:44,2022,4,29,29.754533,-95.637504,https://www.inaturalist.org/observations/114891383,NA,NA,
Tripsacum dactyloides,Texas,2022-05-03 18:30:06,2022,5,3,32.753338,-97.366487,https://www.inaturalist.org/observations/116483908,NA,NA,
Tripsacum dactyloides,Texas,2022-04-30 15:54,2022,4,30,32.468542,-95.303064,https://www.inaturalist.org/observations/115288498,NA,NA,
Tripsacum dactyloides,Texas,2022-04-30 11:41,2022,4,30,30.712938,-97.731295,https://www.inaturalist.org/observations/114726678,NA,NA,
Tripsacum dactyloides,Texas,2022-04-29 10:51:54,2022,4,29,29.477398,-95.4902,https://www.inaturalist.org/observations/113524371,NA,NA,
Tripsacum dactyloides,Texas,2022-05-01 11:30:40,2022,5,1,33.060656,-96.988729,https://www.inaturalist.org/observations/114497839,NA,NA,
Tripsacum dactyloides,Texas,2022-05-01 15:11:01,2022,5,1,29.707514,-95.384948,https://www.inaturalist.org/observations/114374655,NA,NA,
Tripsacum dactyloides,Texas,2022-04-30 11:27:53,2022,4,30,29.858258,-95.161178,https://www.inaturalist.org/observations/113875868,NA,NA,
Tripsacum dactyloides,Texas,2022-04-29 15:32:47,2022,4,29,29.613264,-95.570264,https://www.inaturalist.org/observations/113600707,NA,NA,
Tripsacum dactyloides,Texas,2022-04-29 12:13,2022,4,29,29.764858,-95.453584,https://www.inaturalist.org/observations/113590313,NA,NA,
Tripsacum dactyloides,Texas,2022-04-29 10:23:07,2022,4,29,29.766275,-95.428643,https://www.inaturalist.org/observations/113431693,NA,NA,
Tripsacum dactyloides,Texas,2022-05-05 10:34:09,2022,5,5,30.311432,-97.774019,https://www.inaturalist.org/observations/115585142,NA,NA,
Tripsacum dactyloides,Texas,2022-05-05 9:17:38,2022,5,5,30.187232,-97.872348,https://www.inaturalist.org/observations/115609038,NA,NA,
Tripsacum dactyloides,Texas,2022-04-29 13:07:45,2022,4,29,33.064047,-96.93603,https://www.inaturalist.org/observations/113491686,NA,NA,
Tripsacum dactyloides,Texas,2022-04-30 8:25:13,2022,4,30,29.43557,-95.291978,https://www.inaturalist.org/observations/114081199,NA,NA,
Tripsacum dactyloides,Texas,2022-05-04 7:40:56,2022,5,4,29.741895,-98.225253,https://www.inaturalist.org/observations/115342488,NA,NA,
Tripsacum dactyloides,Texas,2022-05-02 10:19:17,2022,5,2,29.552402,-98.526834,https://www.inaturalist.org/observations/114715961,NA,NA,
Tripsacum dactyloides,Texas,2022-05-10 13:47:21,2022,5,10,29.782205,-98.712892,https://www.inaturalist.org/observations/116461307,NA,NA,
Tripsacum dactyloides,Texas,2022-04-27 8:17,2022,4,27,29.691424,-98.443615,https://www.inaturalist.org/observations/116175431,NA,NA,
Tripsacum dactyloides,Texas,2022-05-01 14:57:57,2022,5,1,29.643566,-99.193762,https://www.inaturalist.org/observations/114513894,NA,NA,
Tripsacum dactyloides,Texas,2022-05-01 12:08:06,2022,5,1,33.064842,-96.977162,https://www.inaturalist.org/observations/114499523,NA,NA,
Tripsacum dactyloides,Texas,2022-04-30 15:41,2022,4,30,29.554568,-98.529463,https://www.inaturalist.org/observations/114368034,NA,NA,
Tripsacum dactyloides,Texas,2022-05-10 8:22,2022,5,10,29.572313,-94.38915,https://www.inaturalist.org/observations/116610670,NA,NA,
Tripsacum dactyloides,Texas,2022-05-08 11:40,2022,5,8,30.250711,-97.758467,https://www.inaturalist.org/observations/116283241,NA,NA,
Tripsacum dactyloides,Texas,2022-05-12 12:32:39,2022,5,12,31.62837,-94.646213,https://www.inaturalist.org/observations/116718596,NA,NA,
Tripsacum dactyloides,Texas,2022-05-02 10:20:50,2022,5,2,29.459553,-98.457375,https://www.inaturalist.org/observations/114966463,NA,NA,
Tripsacum dactyloides,Texas,2022-04-29 14:49,2022,4,29,29.591888,-95.073502,https://www.inaturalist.org/observations/115827625,NA,NA,
Tripsacum dactyloides,Texas,2022-05-07 8:33,2022,5,7,32.975642,-96.889964,https://www.inaturalist.org/observations/115938385,NA,NA,
Tripsacum dactyloides,Texas,2022-05-02 11:05,2022,5,2,32.480732,-95.295711,https://www.inaturalist.org/observations/115086938,NA,NA,
Tripsacum dactyloides,Texas,2022-04-29 13:36:22,2022,4,29,32.58844,-97.092738,https://www.inaturalist.org/observations/113503821,NA,NA,
Tripsacum dactyloides,Texas,2022-04-24 9:46:29,2022,4,24,33.046866,-96.848278,https://www.inaturalist.org/observations/113368059,NA,NA,
Tripsacum dactyloides,Texas,2022-04-20 17:39:49,2022,4,20,29.562575,-98.445725,https://www.inaturalist.org/observations/112355109,NA,NA,
Tripsacum dactyloides,Texas,2022-04-28 13:53:44,2022,4,28,30.646068,-98.068113,https://www.inaturalist.org/observations/113284625,NA,NA,
Tripsacum dactyloides,Texas,2022-04-24 9:46:29,2022,4,24,33.046845,-96.848278,https://www.inaturalist.org/observations/112722949,NA,NA,
Tripsacum dactyloides,Texas,2022-04-28 12:31:32,2022,4,28,33.315849,-95.606367,https://www.inaturalist.org/observations/113241687,NA,NA,
Tripsacum dactyloides,Texas,2022-04-25 9:27:14,2022,4,25,29.766403,-95.452447,https://www.inaturalist.org/observations/112842811,NA,NA,
Tripsacum dactyloides,Texas,2022-04-24 9:46:29,2022,4,24,33.046845,-96.848278,https://www.inaturalist.org/observations/112747115,NA,NA,
Tripsacum dactyloides,Texas,2022-04-21 15:05,2022,4,21,32.47002,-95.302434,https://www.inaturalist.org/observations/113028281,NA,NA,
Tripsacum dactyloides,Texas,2022-04-24 10:04:20,2022,4,24,33.048064,-96.851678,https://www.inaturalist.org/observations/112735733,NA,NA,
Tripsacum dactyloides,Texas,2022-04-24 9:34,2022,4,24,33.050411,-96.852958,https://www.inaturalist.org/observations/112739088,NA,NA,
Tripsacum dactyloides,Texas,2022-04-24 9:38,2022,4,24,33.050411,-96.852958,https://www.inaturalist.org/observations/112739670,NA,NA,
Tripsacum dactyloides,Texas,2022-03-30T13:29Z,2022,3,30,32.790434,-97.100217,https://www.inaturalist.org/observations/109940821,NA,NA,
Tripsacum dactyloides,Texas,2022-03-30T13:27:46Z,2022,3,30,32.79053,-97.100319,https://www.inaturalist.org/observations/110190073,NA,NA,
Tripsacum dactyloides,Texas,2022-04-17 11:20:31,2022,4,17,29.616109,-98.907716,https://www.inaturalist.org/observations/111797351,NA,NA,
Tripsacum dactyloides,Texas,2022-04-15 18:33:16,2022,4,15,29.594213,-97.587753,https://www.inaturalist.org/observations/111585504,NA,NA,
Tripsacum dactyloides,Texas,2022-03-30 13:28:39,2022,3,30,32.790343,-97.100217,https://www.inaturalist.org/observations/109940798,NA,NA,
Tripsacum dactyloides,Texas,2022-04-14 11:41:46,2022,4,14,29.713987,-95.338088,https://www.inaturalist.org/observations/111428004,NA,NA,
Tripsacum dactyloides,Texas,2022-03-30T13:28:57Z,2022,3,30,32.790408,-97.100228,https://www.inaturalist.org/observations/109956555,NA,NA,
Tripsacum dactyloides,Texas,2022-04-20 10:52:53,2022,4,20,29.764467,-95.429672,https://www.inaturalist.org/observations/112174396,NA,NA,
Tripsacum dactyloides,Texas,2022-04-01 9:48:57,2022,4,1,32.237625,-99.883402,https://www.inaturalist.org/observations/110095755,NA,NA,
Tripsacum dactyloides,Texas,2022-04-19 11:23:11,2022,4,19,29.763925,-95.437912,https://www.inaturalist.org/observations/112080453,NA,NA,
Tripsacum dactyloides,Texas,2022-04-15 9:12:41,2022,4,15,29.219397,-97.935347,https://www.inaturalist.org/observations/111580234,NA,NA,
Tripsacum dactyloides,Texas,2022-04-02 10:34:01,2022,4,2,33.274188,-96.299033,https://www.inaturalist.org/observations/110349737,NA,NA,
Tripsacum dactyloides,Texas,2021-12-04 18:33,2021,12,4,29.721213,-98.12545,https://www.inaturalist.org/observations/105939452,NA,NA,
Tripsacum dactyloides,Texas,2022-02-11 16:53,2022,2,11,29.789892,-98.584111,https://www.inaturalist.org/observations/106615650,NA,NA,
Tripsacum dactyloides,Texas,2021-12-04 18:33,2021,12,4,29.721213,-98.12545,https://www.inaturalist.org/observations/105939449,NA,NA,
Tripsacum dactyloides,Texas,2021-12-04 18:33,2021,12,4,29.721213,-98.12545,https://www.inaturalist.org/observations/105939451,NA,NA,
Tripsacum dactyloides,Texas,2021-07-08 13:31,2021,7,8,33.542538,-96.145313,https://www.inaturalist.org/observations/103282286,NA,NA,
Tripsacum dactyloides,Texas,2021-12-07T09:52Z,2021,12,7,30.969259,-97.173182,https://www.inaturalist.org/observations/102664066,NA,NA,
Tripsacum dactyloides,Texas,2021-11-20 13:19:43,2021,11,20,29.677566,-98.976031,https://www.inaturalist.org/observations/101744616,NA,NA,
Tripsacum dactyloides,Texas,2021-11-11 8:40:18,2021,11,11,29.598853,-98.539763,https://www.inaturalist.org/observations/100863429,NA,NA,
Tripsacum dactyloides,Texas,2021-10-10T12:34:56Z,2021,10,10,29.554248,-98.529074,https://www.inaturalist.org/observations/97792980,NA,NA,
Tripsacum dactyloides,Texas,2021-10-26 13:54,2021,10,26,29.824097,-99.574893,https://www.inaturalist.org/observations/102240713,NA,NA,
Tripsacum dactyloides,Texas,2021-12-07 10:31:15,2021,12,7,29.282963,-103.341631,https://www.inaturalist.org/observations/102676358,NA,NA,
Tripsacum dactyloides,Texas,2021-12-16 13:24:07,2021,12,16,29.97884,-95.846959,https://www.inaturalist.org/observations/103158630,NA,NA,
Tripsacum dactyloides,Texas,2022-01-01 11:13:31,2022,1,1,32.479303,-96.539795,https://www.inaturalist.org/observations/104144482,NA,NA,
Tripsacum dactyloides,Texas,2021-12-26 11:01:46,2021,12,26,33.737421,-96.752056,https://www.inaturalist.org/observations/103727880,NA,NA,
Tripsacum dactyloides,Texas,2021-12-12 11:31:56,2021,12,12,29.92704,-97.895813,https://www.inaturalist.org/observations/102937660,NA,NA,
Tripsacum dactyloides,Texas,2021-12-23 14:14:01,2021,12,23,29.556555,-98.504424,https://www.inaturalist.org/observations/103546549,NA,NA,
Tripsacum dactyloides,Texas,2022-01-16 15:39:22,2022,1,16,29.395294,-98.494423,https://www.inaturalist.org/observations/105068545,NA,NA,
Tripsacum dactyloides,Texas,2021-05-06T13:30:31Z,2021,5,6,32.892442,-96.747812,https://www.inaturalist.org/observations/77670283,NA,NA,
Tripsacum dactyloides,Texas,2020-08-29T10:29:38Z,2020,8,29,32.236494,-99.881915,https://www.inaturalist.org/observations/58022755,NA,NA,
Tripsacum dactyloides,Texas,2021-11-14 17:23,2021,11,14,29.894862,-100.995234,https://www.inaturalist.org/observations/102317778,NA,NA,
Tripsacum dactyloides,Texas,2021-12-27 12:41:57,2021,12,27,29.543517,-98.548739,https://www.inaturalist.org/observations/103787404,NA,NA,
Tripsacum dactyloides,Texas,2021-10-25T13:03:09Z,2021,10,25,30.104825,-97.38505,https://www.inaturalist.org/observations/99380461,NA,NA,
Tripsacum dactyloides,Texas,2021-11-26 11:50:25,2021,11,26,29.395219,-98.494242,https://www.inaturalist.org/observations/101950224,NA,NA,
Tripsacum dactyloides,Texas,2021-11-28 9:30:44,2021,11,28,30.242505,-97.697495,https://www.inaturalist.org/observations/102133261,NA,NA,
Tripsacum dactyloides,Texas,2021-12-05 15:08:59,2021,12,5,29.794128,-98.225203,https://www.inaturalist.org/observations/102565952,NA,NA,
Tripsacum dactyloides,Texas,2021-12-04 11:05:14,2021,12,4,29.861103,-95.160952,https://www.inaturalist.org/observations/102476181,NA,NA,
Tripsacum dactyloides,Texas,2020-05-01T11:09:25Z,2020,5,1,29.817342,-99.576745,https://www.inaturalist.org/observations/44542349,NA,NA,
Tripsacum dactyloides,Texas,2021-11-19 16:03:20,2021,11,19,30.401113,-97.68477,https://www.inaturalist.org/observations/101595352,NA,NA,
Tripsacum dactyloides,Texas,2012-04-18 10:30,2012,4,18,29.66328,-98.356121,https://www.inaturalist.org/observations/101278659,NA,NA,
Tripsacum dactyloides,Texas,2021-11-13 14:50:58,2021,11,13,29.89301,-99.105027,https://www.inaturalist.org/observations/101039858,NA,NA,
Tripsacum dactyloides,Texas,2021-11-16 11:42:46,2021,11,16,29.643883,-99.19358,https://www.inaturalist.org/observations/101668650,NA,NA,
Tripsacum dactyloides,Texas,2021-11-16 11:08,2021,11,16,29.81761,-99.577169,https://www.inaturalist.org/observations/101902464,NA,NA,
Tripsacum dactyloides,Texas,2021-11-16 10:48,2021,11,16,29.817057,-99.576489,https://www.inaturalist.org/observations/101902465,NA,NA,
Tripsacum dactyloides,Texas,2021-11-19 17:12:41,2021,11,19,30.395228,-97.682213,https://www.inaturalist.org/observations/101623581,NA,NA,
Tripsacum dactyloides,Texas,2021-11-19 17:11:48,2021,11,19,30.395237,-97.682167,https://www.inaturalist.org/observations/101623487,NA,NA,
Tripsacum dactyloides,Texas,2021-11-19T11:25:10Z,2021,11,19,29.554672,-98.530503,https://www.inaturalist.org/observations/101473130,NA,NA,
Tripsacum dactyloides,Texas,2021-10-18 18:07:53,2021,10,18,30.23463,-97.886878,https://www.inaturalist.org/observations/98668339,NA,NA,
Tripsacum dactyloides,Texas,2021-10-31T13:48Z,2021,10,31,32.479282,-96.539683,https://www.inaturalist.org/observations/99901968,NA,NA,
Tripsacum dactyloides,Texas,2021-10-30 11:50:20,2021,10,30,29.622159,-98.626846,https://www.inaturalist.org/observations/99836167,NA,NA,
Tripsacum dactyloides,Texas,2021-11-01 17:57:08,2021,11,1,32.891818,-96.747125,https://www.inaturalist.org/observations/100037003,NA,NA,
Tripsacum dactyloides,Texas,2021-10-18T09:56:49Z,2021,10,18,29.776076,-98.709721,https://www.inaturalist.org/observations/98609916,NA,NA,
Tripsacum dactyloides,Texas,2021-10-25 11:55:50,2021,10,25,29.815593,-95.537688,https://www.inaturalist.org/observations/99361965,NA,NA,
Tripsacum dactyloides,Texas,2021-10-25T08:03:02Z,2021,10,25,30.10482,-97.385054,https://www.inaturalist.org/observations/99380920,NA,NA,
Tripsacum dactyloides,Texas,2021-10-20 14:59,2021,10,20,30.225085,-98.931947,https://www.inaturalist.org/observations/98915043,NA,NA,
Tripsacum dactyloides,Texas,2021-10-09 10:28,2021,10,9,32.891569,-96.748494,https://www.inaturalist.org/observations/98637355,NA,NA,
Tripsacum dactyloides,Texas,2021-10-05 15:11,2021,10,5,29.580251,-95.415368,https://www.inaturalist.org/observations/99286516,NA,NA,
Tripsacum dactyloides,Texas,2021-10-15 15:44:18,2021,10,15,33.05748,-96.670738,https://www.inaturalist.org/observations/98320760,NA,NA,
Tripsacum dactyloides,Texas,2021-10-26T12:09:34Z,2021,10,26,29.927401,-95.922843,https://www.inaturalist.org/observations/99470900,NA,NA,
Tripsacum dactyloides,Texas,2021-10-19 10:14:17,2021,10,19,29.558613,-98.522279,https://www.inaturalist.org/observations/99048085,NA,NA,
Tripsacum dactyloides,Texas,2021-10-21T14:29:37Z,2021,10,21,30.586901,-97.847311,https://www.inaturalist.org/observations/98908372,NA,NA,
Tripsacum dactyloides,Texas,2021-10-24T05:04:52Z,2021,10,24,30.187325,-97.719747,https://www.inaturalist.org/observations/99261627,NA,NA,
Tripsacum dactyloides,Texas,2021-10-11 11:09:15,2021,10,11,29.764,-95.430992,https://www.inaturalist.org/observations/97904643,NA,NA,
Tripsacum dactyloides,Texas,2021-10-08 7:47,2021,10,8,29.765224,-95.45207,https://www.inaturalist.org/observations/97614345,NA,NA,
Tripsacum dactyloides,Texas,2021-10-08 10:44:27,2021,10,8,29.553645,-98.628922,https://www.inaturalist.org/observations/97824342,NA,NA,
Tripsacum dactyloides,Texas,2021-10-12T10:51Z,2021,10,12,30.240112,-97.701233,https://www.inaturalist.org/observations/98035787,NA,NA,
Tripsacum dactyloides,Texas,2021-10-13 9:13,2021,10,13,29.580772,-95.416516,https://www.inaturalist.org/observations/98202565,NA,NA,
Tripsacum dactyloides,Texas,2021-10-09T15:18:33Z,2021,10,9,33.057388,-96.671165,https://www.inaturalist.org/observations/97690045,NA,NA,
Tripsacum dactyloides,Texas,2021-10-07 10:34,2021,10,7,29.486071,-95.507999,https://www.inaturalist.org/observations/97542306,NA,NA,
Tripsacum dactyloides,Texas,2021-10-10 9:40,2021,10,10,29.524702,-95.807586,https://www.inaturalist.org/observations/97859223,NA,NA,
Tripsacum dactyloides,Texas,2021-10-11 10:43:14,2021,10,11,29.624097,-98.578763,https://www.inaturalist.org/observations/97965538,NA,NA,
Tripsacum dactyloides,Texas,2021-08-21 12:20,2021,8,21,29.570322,-98.526427,https://www.inaturalist.org/observations/97217081,NA,NA,
Tripsacum dactyloides,Texas,2021-09-19 9:43:40,2021,9,19,30.186425,-97.874925,https://www.inaturalist.org/observations/95419856,NA,NA,
Tripsacum dactyloides,Texas,2021-09-23 9:47:01,2021,9,23,33.07314,-96.006728,https://www.inaturalist.org/observations/95884511,NA,NA,
Tripsacum dactyloides,Texas,2021-09-19T15:31:54Z,2021,9,19,32.192483,-95.096969,https://www.inaturalist.org/observations/95473074,NA,NA,
Tripsacum dactyloides,Texas,2021-09-19T10:30:49Z,2021,9,19,31.911788,-95.897378,https://www.inaturalist.org/observations/95463994,NA,NA,
Tripsacum dactyloides,Texas,2021-09-16T10:10:10Z,2021,9,16,29.643943,-95.337514,https://www.inaturalist.org/observations/95041661,NA,NA,
Tripsacum dactyloides,Texas,2021-09-16 10:43:40,2021,9,16,29.554043,-98.528986,https://www.inaturalist.org/observations/95041924,NA,NA,
Tripsacum dactyloides,Texas,2021-09-25 12:54:35,2021,9,25,33.101683,-101.031237,https://www.inaturalist.org/observations/96370828,NA,NA,
Tripsacum dactyloides,Texas,2021-10-05 16:17:22,2021,10,5,29.556592,-98.504417,https://www.inaturalist.org/observations/97316422,NA,NA,
Tripsacum dactyloides,Texas,2021-09-12 9:40:21,2021,9,12,30.184467,-97.723342,https://www.inaturalist.org/observations/94602640,NA,NA,
Tripsacum dactyloides,Texas,2021-10-03 17:04:39,2021,10,3,29.391829,-98.497668,https://www.inaturalist.org/observations/97084052,NA,NA,
Tripsacum dactyloides,Texas,2021-09-11T15:02:16Z,2021,9,11,33.05717,-96.672826,https://www.inaturalist.org/observations/94531747,NA,NA,
Tripsacum dactyloides,Texas,2021-09-20 11:54:39,2021,9,20,29.563997,-98.527106,https://www.inaturalist.org/observations/95552531,NA,NA,
Tripsacum dactyloides,Texas,2021-09-21T19:16:38Z,2021,9,21,29.56798,-99.723787,https://www.inaturalist.org/observations/95715950,NA,NA,
Tripsacum dactyloides,Texas,2021-09-08T19:35:20Z,2021,9,8,33.056375,-96.672777,https://www.inaturalist.org/observations/94389552,NA,NA,
Tripsacum dactyloides,Texas,2021-07-24 6:34:40,2021,7,24,29.69033,-95.436745,https://www.inaturalist.org/observations/88373178,NA,NA,
Tripsacum dactyloides,Texas,2021-06-03T10:02:19Z,2021,6,3,33.031459,-97.069199,https://www.inaturalist.org/observations/81436946,NA,NA,
Tripsacum dactyloides,Texas,2021-10-07 9:32,2021,10,7,29.454149,-95.527559,https://www.inaturalist.org/observations/97467080,NA,NA,
Tripsacum dactyloides,Texas,2021-09-29 10:21:08,2021,9,29,30.331812,-98.267792,https://www.inaturalist.org/observations/96830464,NA,NA,
Tripsacum dactyloides,Texas,2021-09-24 14:45:33,2021,9,24,32.933075,-95.581763,https://www.inaturalist.org/observations/96013352,NA,NA,
Tripsacum dactyloides,Texas,2017-05-11 9:33:09,2017,5,11,29.750909,-95.636926,https://www.inaturalist.org/observations/6169755,NA,NA,
Tripsacum dactyloides,Texas,2021-10-01T12:48:45Z,2021,10,1,33.216858,-94.66703,https://www.inaturalist.org/observations/96805891,NA,NA,
Tripsacum dactyloides,Texas,2021-09-19 9:19:48,2021,9,19,29.874853,-97.975937,https://www.inaturalist.org/observations/95532752,NA,NA,
Tripsacum dactyloides,Texas,2021-08-23 9:51,2021,8,23,29.572609,-94.390432,https://www.inaturalist.org/observations/94566649,NA,NA,
Tripsacum dactyloides,Texas,2017-05-11 10:05:38,2017,5,11,29.750973,-95.637234,https://www.inaturalist.org/observations/6170138,NA,NA,
Tripsacum dactyloides,Texas,2021-09-19 10:27:18,2021,9,19,31.911705,-95.897737,https://www.inaturalist.org/observations/95461438,NA,NA,
Tripsacum dactyloides,Texas,2021-09-09 7:43:54,2021,9,9,32.753637,-96.849258,https://www.inaturalist.org/observations/94285904,NA,NA,
Tripsacum dactyloides,Texas,2021-09-13 19:19:16,2021,9,13,29.893883,-97.94507,https://www.inaturalist.org/observations/94772524,NA,NA,
Tripsacum dactyloides,Texas,2021-10-06 13:38:09,2021,10,6,29.419426,-95.56323,https://www.inaturalist.org/observations/97385504,NA,NA,
Tripsacum dactyloides,Texas,2021-09-16T08:31:46Z,2021,9,16,30.193003,-95.507353,https://www.inaturalist.org/observations/95061917,NA,NA,
Tripsacum dactyloides,Texas,2021-10-04 10:46,2021,10,4,30.712941,-97.731295,https://www.inaturalist.org/observations/97153682,NA,NA,
Tripsacum dactyloides,Texas,2021-09-09 9:40,2021,9,9,30.865015,-95.394598,https://www.inaturalist.org/observations/94363954,NA,NA,
Tripsacum dactyloides,Texas,2018-05-12 9:47:40,2018,5,12,33.309571,-96.243151,https://www.inaturalist.org/observations/12380039,NA,NA,
Tripsacum dactyloides,Texas,2018-04-28 17:21:46,2018,4,28,32.661794,-97.223266,https://www.inaturalist.org/observations/11676232,NA,NA,
Tripsacum dactyloides,Texas,2021-04-28T10:59:32Z,2021,4,28,29.766037,-95.428818,https://www.inaturalist.org/observations/75551009,NA,NA,
Tripsacum dactyloides,Texas,2015-05-16 12:54:01,2015,5,16,30.548292,-96.389421,https://www.inaturalist.org/observations/1498075,NA,NA,
Tripsacum dactyloides,Texas,2019-04-28T12:22Z,2019,4,28,32.891975,-96.747581,https://www.inaturalist.org/observations/24240277,NA,NA,
Tripsacum dactyloides,Texas,2021-09-03 10:04:29,2021,9,3,33.054173,-96.936223,https://www.inaturalist.org/observations/93495737,NA,NA,
Tripsacum dactyloides,Texas,2021-09-06T05:28:09Z,2021,9,6,33.086319,-96.702526,https://www.inaturalist.org/observations/93902244,NA,NA,
Tripsacum dactyloides,Texas,2021-09-05T05:13:56Z,2021,9,5,29.581389,-95.416694,https://www.inaturalist.org/observations/93723640,NA,NA,
Tripsacum dactyloides,Texas,2021-09-08 18:31:37,2021,9,8,33.055874,-96.672656,https://www.inaturalist.org/observations/94210394,NA,NA,
Tripsacum dactyloides,Texas,2021-08-27 16:14:24,2021,8,27,32.611648,-96.988867,https://www.inaturalist.org/observations/92719168,NA,NA,
Tripsacum dactyloides,Texas,2021-09-09 9:37:10,2021,9,9,29.679293,-98.294667,https://www.inaturalist.org/observations/94214955,NA,NA,
Tripsacum dactyloides,Texas,2021-09-08 18:31:05,2021,9,8,33.055861,-96.672613,https://www.inaturalist.org/observations/94179104,NA,NA,
Tripsacum dactyloides,Texas,2021-09-02T15:11:29Z,2021,9,2,31.628392,-94.646079,https://www.inaturalist.org/observations/93401859,NA,NA,
Tripsacum dactyloides,Texas,2021-09-02T19:05:28Z,2021,9,2,29.504122,-98.29933,https://www.inaturalist.org/observations/93443870,NA,NA,
Tripsacum dactyloides,Texas,2021-09-05 13:42,2021,9,5,29.554675,-98.530502,https://www.inaturalist.org/observations/93787750,NA,NA,
Tripsacum dactyloides,Texas,2021-08-16 11:13,2021,8,16,30.185489,-97.873265,https://www.inaturalist.org/observations/92593999,NA,NA,
Tripsacum dactyloides,Texas,2021-08-24T07:33:55Z,2021,8,24,30.441983,-98.010606,https://www.inaturalist.org/observations/92464048,NA,NA,
Tripsacum dactyloides,Texas,2021-08-20 9:53:28,2021,8,20,29.40355,-98.488503,https://www.inaturalist.org/observations/91862291,NA,NA,
Tripsacum dactyloides,Texas,2021-08-24 10:35:33,2021,8,24,29.640524,-98.471481,https://www.inaturalist.org/observations/92385981,NA,NA,
Tripsacum dactyloides,Texas,2019-06-17 12:44:57,2019,6,17,29.713806,-95.400722,https://www.inaturalist.org/observations/27182504,NA,NA,
Tripsacum dactyloides,Texas,2021-08-14 9:59:25,2021,8,14,33.019286,-96.873553,https://www.inaturalist.org/observations/91191473,NA,NA,
Tripsacum dactyloides,Texas,2021-08-11 9:23,2021,8,11,33.054188,-96.935768,https://www.inaturalist.org/observations/90809234,NA,NA,
Tripsacum dactyloides,Texas,2021-06-03T09:35:54Z,2021,6,3,33.03229,-97.068723,https://www.inaturalist.org/observations/81433753,NA,NA,
Tripsacum dactyloides,Texas,2021-08-13 10:11:45,2021,8,13,29.596044,-95.071258,https://www.inaturalist.org/observations/91004693,NA,NA,
Tripsacum dactyloides,Texas,2021-08-11 9:27:20,2021,8,11,33.054233,-96.936233,https://www.inaturalist.org/observations/90834180,NA,NA,
Tripsacum dactyloides,Texas,2021-08-14 9:59:29,2021,8,14,33.019293,-96.873552,https://www.inaturalist.org/observations/91177355,NA,NA,
Tripsacum dactyloides,Texas,2021-08-10 17:03:46,2021,8,10,29.890873,-98.274749,https://www.inaturalist.org/observations/90710047,NA,NA,
Tripsacum dactyloides,Texas,2021-05-13 19:44,2021,5,13,29.807623,-99.570607,https://www.inaturalist.org/observations/89909170,NA,NA,
Tripsacum dactyloides,Texas,2021-07-29 9:36,2021,7,29,30.183649,-97.722194,https://www.inaturalist.org/observations/90204798,NA,NA,
Tripsacum dactyloides,Texas,2021-06-22T12:23:33Z,2021,6,22,29.554595,-98.529495,https://www.inaturalist.org/observations/84074886,NA,NA,
Tripsacum dactyloides,Texas,2021-07-31 14:28:53,2021,7,31,29.767484,-95.44971,https://www.inaturalist.org/observations/89395028,NA,NA,
Tripsacum dactyloides,Texas,2021-07-31 1:35,2021,7,31,31.674125,-94.756882,https://www.inaturalist.org/observations/89540472,NA,NA,
Tripsacum dactyloides,Texas,2021-08-01 9:28:56,2021,8,1,29.81753,-99.577067,https://www.inaturalist.org/observations/89545503,NA,NA,
Tripsacum dactyloides,Texas,2021-07-31 11:55:47,2021,7,31,33.736211,-95.973743,https://www.inaturalist.org/observations/89398194,NA,NA,
Tripsacum dactyloides,Texas,2021-07-28T10:38:16Z,2021,7,28,30.18687,-97.872612,https://www.inaturalist.org/observations/88974141,NA,NA,
Tripsacum dactyloides,Texas,2021-07-26 6:59:44,2021,7,26,32.75878,-97.139443,https://www.inaturalist.org/observations/88681240,NA,NA,
Tripsacum dactyloides,Texas,2021-07-26 18:10,2021,7,26,30.005892,-96.739135,https://www.inaturalist.org/observations/88896696,NA,NA,
Tripsacum dactyloides,Texas,2021-07-23 10:24,2021,7,23,29.554025,-98.529034,https://www.inaturalist.org/observations/88298439,NA,NA,
Tripsacum dactyloides,Texas,2021-07-26T09:47:51Z,2021,7,26,30.182737,-97.728653,https://www.inaturalist.org/observations/88694824,NA,NA,
Tripsacum dactyloides,Texas,2021-07-24 18:42:43,2021,7,24,29.766353,-95.452055,https://www.inaturalist.org/observations/88468695,NA,NA,
Tripsacum dactyloides,Texas,2021-07-16 12:02:27,2021,7,16,30.618767,-98.072739,https://www.inaturalist.org/observations/87323085,NA,NA,
Tripsacum dactyloides,Texas,2021-07-16T10:09:45Z,2021,7,16,29.553641,-98.528915,https://www.inaturalist.org/observations/87275100,NA,NA,
Tripsacum dactyloides,Texas,2021-07-16T11:40:53Z,2021,7,16,28.87235,-95.667205,https://www.inaturalist.org/observations/87286552,NA,NA,
Tripsacum dactyloides,Texas,2021-07-21 7:41,2021,7,21,29.160562,-98.129858,https://www.inaturalist.org/observations/88049467,NA,NA,
Tripsacum dactyloides,Texas,2021-07-18 20:06:17,2021,7,18,29.410649,-97.426844,https://www.inaturalist.org/observations/87929738,NA,NA,
Tripsacum dactyloides,Texas,2021-05-04T11:42:22Z,2021,5,4,29.554488,-98.529413,https://www.inaturalist.org/observations/77298255,NA,NA,
Tripsacum dactyloides,Texas,2021-07-17 19:52,2021,7,17,29.486071,-95.507999,https://www.inaturalist.org/observations/87602754,NA,NA,
Tripsacum dactyloides,Texas,2021-07-17 19:13:52,2021,7,17,29.779514,-98.709263,https://www.inaturalist.org/observations/87493710,NA,NA,
Tripsacum dactyloides,Texas,2021-07-16 8:51:39,2021,7,16,30.250597,-97.716198,https://www.inaturalist.org/observations/87266886,NA,NA,
Tripsacum dactyloides,Texas,2021-07-18 10:35:42,2021,7,18,29.971186,-98.835258,https://www.inaturalist.org/observations/87624429,NA,NA,
Tripsacum dactyloides,Texas,2021-07-14 12:25:08,2021,7,14,29.563697,-98.526237,https://www.inaturalist.org/observations/87027903,NA,NA,
Tripsacum dactyloides,Texas,2021-07-11 17:36:09,2021,7,11,29.67491,-95.448048,https://www.inaturalist.org/observations/86638633,NA,NA,
Tripsacum dactyloides,Texas,2021-07-15 17:12:21,2021,7,15,32.758704,-97.139488,https://www.inaturalist.org/observations/87203648,NA,NA,
Tripsacum dactyloides,Texas,2021-07-11 11:55:40,2021,7,11,30.176327,-97.737328,https://www.inaturalist.org/observations/86585809,NA,NA,
Tripsacum dactyloides,Texas,2021-07-08T04:49:17Z,2021,7,8,33.086316,-96.702607,https://www.inaturalist.org/observations/86172690,NA,NA,
Tripsacum dactyloides,Texas,2021-05-12 13:01,2021,5,12,29.95304,-96.819434,https://www.inaturalist.org/observations/86156637,NA,NA,
Tripsacum dactyloides,Texas,2021-06-30 10:41,2021,6,30,29.617826,-99.296534,https://www.inaturalist.org/observations/86199383,NA,NA,
Tripsacum dactyloides,Texas,2021-07-04 11:12:47,2021,7,4,30.05578,-99.471552,https://www.inaturalist.org/observations/85760881,NA,NA,
Tripsacum dactyloides,Texas,2021-06-24 9:00,2021,6,24,32.469868,-95.30264,https://www.inaturalist.org/observations/85288930,NA,NA,
Tripsacum dactyloides,Texas,2021-07-05 18:51,2021,7,5,29.5632,-95.123041,https://www.inaturalist.org/observations/85860321,NA,NA,
Tripsacum dactyloides,Texas,2021-07-03T09:12:13Z,2021,7,3,32.967523,-97.017964,https://www.inaturalist.org/observations/85468054,NA,NA,
Tripsacum dactyloides,Texas,2021-07-01 19:52:10,2021,7,1,31.690892,-94.598463,https://www.inaturalist.org/observations/85292510,NA,NA,
Tripsacum dactyloides,Texas,2021-07-04 8:30:58,2021,7,4,33.34897,-95.25958,https://www.inaturalist.org/observations/85711522,NA,NA,
Tripsacum dactyloides,Texas,2021-06-24 11:31,2021,6,24,29.553829,-98.530269,https://www.inaturalist.org/observations/84454643,NA,NA,
Tripsacum dactyloides,Texas,2020-05-14 9:35:51,2020,5,14,33.167227,-96.879365,https://www.inaturalist.org/observations/45906830,NA,NA,
Tripsacum dactyloides,Texas,2020-05-18 11:09:37,2020,5,18,33.030161,-96.984156,https://www.inaturalist.org/observations/46420467,NA,NA,
Tripsacum dactyloides,Texas,2020-05-18 10:41:37,2020,5,18,33.185274,-96.994369,https://www.inaturalist.org/observations/46417232,NA,NA,
Tripsacum dactyloides,Texas,2021-06-30 15:23:26,2021,6,30,29.763895,-95.430887,https://www.inaturalist.org/observations/85148494,NA,NA,
Tripsacum dactyloides,Texas,2020-05-18 10:34:42,2020,5,18,33.015187,-96.897595,https://www.inaturalist.org/observations/46416444,NA,NA,
Tripsacum dactyloides,Texas,2021-06-19 8:19,2021,6,19,32.235607,-99.884771,https://www.inaturalist.org/observations/83701569,NA,NA,
Tripsacum dactyloides,Texas,2021-06-25 10:39:29,2021,6,25,30.262215,-97.744273,https://www.inaturalist.org/observations/84449305,NA,NA,
Tripsacum dactyloides,Texas,2021-06-08 12:03,2021,6,8,34.448187,-101.106439,https://www.inaturalist.org/observations/84938537,NA,NA,
Tripsacum dactyloides,Texas,2021-06-08 12:01,2021,6,8,34.448187,-101.106439,https://www.inaturalist.org/observations/84938535,NA,NA,
Tripsacum dactyloides,Texas,2020-05-26 11:25:03,2020,5,26,33.199834,-96.806065,https://www.inaturalist.org/observations/47524286,NA,NA,
Tripsacum dactyloides,Texas,2020-05-23 8:16:19,2020,5,23,33.086923,-96.94005,https://www.inaturalist.org/observations/47043264,NA,NA,
Tripsacum dactyloides,Texas,2020-05-14 11:51:26,2020,5,14,33.012898,-96.804326,https://www.inaturalist.org/observations/45935024,NA,NA,
Tripsacum dactyloides,Texas,2021-06-13 7:55,2021,6,13,33.165344,-96.242111,https://www.inaturalist.org/observations/84725504,NA,NA,
Tripsacum dactyloides,Texas,2020-05-18 11:08:33,2020,5,18,33.122744,-96.841753,https://www.inaturalist.org/observations/46420423,NA,NA,
Tripsacum dactyloides,Texas,2020-05-14 9:28:43,2020,5,14,33.050534,-96.984579,https://www.inaturalist.org/observations/45906598,NA,NA,
Tripsacum dactyloides,Texas,2020-05-14 9:30:07,2020,5,14,33.125708,-96.889827,https://www.inaturalist.org/observations/45906729,NA,NA,
Tripsacum dactyloides,Texas,2020-05-14 9:28:47,2020,5,14,33.037518,-96.974857,https://www.inaturalist.org/observations/45906636,NA,NA,
Tripsacum dactyloides,Texas,2021-06-17T11:47:51Z,2021,6,17,30.138334,-99.141251,https://www.inaturalist.org/observations/83509911,NA,NA,
Tripsacum dactyloides,Texas,2021-06-23 10:21:06,2021,6,23,33.161156,-96.614888,https://www.inaturalist.org/observations/84320687,NA,NA,
Tripsacum dactyloides,Texas,2021-06-21 17:54:41,2021,6,21,30.40573,-97.701845,https://www.inaturalist.org/observations/84001441,NA,NA,
Tripsacum dactyloides,Texas,2021-06-17T11:47:37Z,2021,6,17,30.138334,-99.141251,https://www.inaturalist.org/observations/83509849,NA,NA,
Tripsacum dactyloides,Texas,2021-05-06 10:44:11,2021,5,6,33.128889,-96.810644,https://www.inaturalist.org/observations/77767153,NA,NA,
Tripsacum dactyloides,Texas,2021-04-24 10:41:35,2021,4,24,33.017439,-96.885175,https://www.inaturalist.org/observations/75202219,NA,NA,
Tripsacum dactyloides,Texas,2020-09-23 13:16,2020,9,23,33.004447,-96.947205,https://www.inaturalist.org/observations/61183912,NA,NA,
Tripsacum dactyloides,Texas,2020-08-23 15:11:38,2020,8,23,33.118423,-97.02925,https://www.inaturalist.org/observations/57392053,NA,NA,
Tripsacum dactyloides,Texas,2021-06-19 13:30:19,2021,6,19,33.557728,-97.382963,https://www.inaturalist.org/observations/83725500,NA,NA,
Tripsacum dactyloides,Texas,2021-06-01 10:15:01,2021,6,1,29.782797,-98.711174,https://www.inaturalist.org/observations/81181363,NA,NA,
Tripsacum dactyloides,Texas,2021-06-17T11:48:44Z,2021,6,17,29.979241,-99.101897,https://www.inaturalist.org/observations/83896885,NA,NA,
Tripsacum dactyloides,Texas,2021-06-19T15:22:54Z,2021,6,19,35.535099,-102.244949,https://www.inaturalist.org/observations/83689026,NA,NA,
Tripsacum dactyloides,Texas,2021-06-19 9:16:13,2021,6,19,32.613762,-96.500786,https://www.inaturalist.org/observations/83636011,NA,NA,
Tripsacum dactyloides,Texas,2021-06-18 11:44,2021,6,18,30.365469,-97.686865,https://www.inaturalist.org/observations/83565771,NA,NA,
Tripsacum dactyloides,Texas,2021-06-17 13:00:44,2021,6,17,30.066491,-99.191555,https://www.inaturalist.org/observations/83412826,NA,NA,
Tripsacum dactyloides,Texas,2021-06-16 10:49:18,2021,6,16,32.76401,-97.508905,https://www.inaturalist.org/observations/83273209,NA,NA,
Tripsacum dactyloides,Texas,2021-06-14 8:33,2021,6,14,33.047135,-96.849648,https://www.inaturalist.org/observations/83032554,NA,NA,
Tripsacum dactyloides,Texas,2021-06-10 20:22:16,2021,6,10,33.056317,-96.672838,https://www.inaturalist.org/observations/82495751,NA,NA,
Tripsacum dactyloides,Texas,2021-06-14 8:27:45,2021,6,14,33.047135,-96.849643,https://www.inaturalist.org/observations/83320468,NA,NA,
Tripsacum dactyloides,Texas,2021-06-11T10:43:04Z,2021,6,11,33.087062,-96.704987,https://www.inaturalist.org/observations/82607710,NA,NA,
Tripsacum dactyloides,Texas,2021-06-10T11:49:51Z,2021,6,10,29.920299,-97.52167,https://www.inaturalist.org/observations/82507896,NA,NA,
Tripsacum dactyloides,Texas,2021-06-14 19:10:20,2021,6,14,29.902722,-97.897408,https://www.inaturalist.org/observations/83081184,NA,NA,
Tripsacum dactyloides,Texas,2021-06-13 20:01:12,2021,6,13,30.302983,-97.69722,https://www.inaturalist.org/observations/82957311,NA,NA,
Tripsacum dactyloides,Texas,2021-06-13 7:13,2021,6,13,33.050411,-96.852958,https://www.inaturalist.org/observations/82857449,NA,NA,
Tripsacum dactyloides,Texas,2021-06-11T05:45:40Z,2021,6,11,33.087091,-96.704042,https://www.inaturalist.org/observations/82610567,NA,NA,
Tripsacum dactyloides,Texas,2021-06-07T07:51Z,2021,6,7,29.767567,-95.432301,https://www.inaturalist.org/observations/82829794,NA,NA,
Tripsacum dactyloides,Texas,2021-06-11T12:18:46Z,2021,6,11,30.122289,-97.938247,https://www.inaturalist.org/observations/82569733,NA,NA,
Tripsacum dactyloides,Texas,2021-06-01 10:17:17,2021,6,1,29.897083,-100.996478,https://www.inaturalist.org/observations/82221652,NA,NA,
Tripsacum dactyloides,Texas,2021-06-01 11:09:32,2021,6,1,32.661812,-97.223298,https://www.inaturalist.org/observations/81188767,NA,NA,
Tripsacum dactyloides,Texas,2021-06-05 15:52:39,2021,6,5,30.081702,-99.502678,https://www.inaturalist.org/observations/81954217,NA,NA,
Tripsacum dactyloides,Texas,2021-05-18 0:50:43,2021,5,18,29.768289,-95.430293,https://www.inaturalist.org/observations/79243085,NA,NA,
Tripsacum dactyloides,Texas,2021-06-02 12:50:55,2021,6,2,30.292662,-97.711722,https://www.inaturalist.org/observations/81391120,NA,NA,
Tripsacum dactyloides,Texas,2021-06-05T10:25:12Z,2021,6,5,29.721178,-98.127415,https://www.inaturalist.org/observations/81714223,NA,NA,
Tripsacum dactyloides,Texas,2021-06-05 19:38:17,2021,6,5,30.519418,-97.976119,https://www.inaturalist.org/observations/81793436,NA,NA,
Tripsacum dactyloides,Texas,2021-06-10 8:23:37,2021,6,10,31.911701,-95.897741,https://www.inaturalist.org/observations/82470718,NA,NA,
Tripsacum dactyloides,Texas,2021-05-26 9:38:37,2021,5,26,29.742753,-95.078395,https://www.inaturalist.org/observations/81550012,NA,NA,
Tripsacum dactyloides,Texas,2021-04-20 11:54,2021,4,20,33.275611,-96.298561,https://www.inaturalist.org/observations/75389174,NA,NA,
Tripsacum dactyloides,Texas,2021-05-23T14:09:43Z,2021,5,23,33.040874,-96.991121,https://www.inaturalist.org/observations/79996942,NA,NA,
Tripsacum dactyloides,Texas,2021-06-04 9:45:06,2021,6,4,33.301303,-97.391258,https://www.inaturalist.org/observations/81563747,NA,NA,
Tripsacum dactyloides,Texas,2021-05-29 9:53:09,2021,5,29,32.865199,-97.076119,https://www.inaturalist.org/observations/80756904,NA,NA,
Tripsacum dactyloides,Texas,2021-05-30 8:43:56,2021,5,30,33.050585,-96.936555,https://www.inaturalist.org/observations/81027064,NA,NA,
Tripsacum dactyloides,Texas,2021-06-01T12:59:17Z,2021,6,1,30.181699,-95.561819,https://www.inaturalist.org/observations/81243671,NA,NA,
Tripsacum dactyloides,Texas,2021-05-31 12:28:05,2021,5,31,32.609017,-96.991893,https://www.inaturalist.org/observations/81059333,NA,NA,
Tripsacum dactyloides,Texas,2021-06-07 16:54:40,2021,6,7,30.406122,-97.699905,https://www.inaturalist.org/observations/82087158,NA,NA,
Tripsacum dactyloides,Texas,2021-05-27 9:14:09,2021,5,27,33.308263,-96.232556,https://www.inaturalist.org/observations/81516691,NA,NA,
Tripsacum dactyloides,Texas,2021-06-03 11:52:06,2021,6,3,33.047074,-96.849326,https://www.inaturalist.org/observations/81450506,NA,NA,
Tripsacum dactyloides,Texas,2021-06-10 8:14:02,2021,6,10,33.061781,-96.957107,https://www.inaturalist.org/observations/82459065,NA,NA,
Tripsacum dactyloides,Texas,2021-06-03 17:26:08,2021,6,3,30.216587,-98.728653,https://www.inaturalist.org/observations/81554625,NA,NA,
Tripsacum dactyloides,Texas,2021-05-08 8:03:46,2021,5,8,33.06515,-96.976924,https://www.inaturalist.org/observations/77887231,NA,NA,
Tripsacum dactyloides,Texas,2021-06-04 11:50:14,2021,6,4,33.246304,-96.278907,https://www.inaturalist.org/observations/81580454,NA,NA,
Tripsacum dactyloides,Texas,2021-05-28 11:06:17,2021,5,28,32.253186,-97.818323,https://www.inaturalist.org/observations/80622731,NA,NA,
Tripsacum dactyloides,Texas,2021-05-29 13:30:13,2021,5,29,30.119073,-98.515003,https://www.inaturalist.org/observations/80984153,NA,NA,
Tripsacum dactyloides,Texas,2020-11-08 11:27:27,2020,11,8,29.766284,-95.452214,https://www.inaturalist.org/observations/64449482,NA,NA,
Tripsacum dactyloides,Texas,2021-06-01 14:06,2021,6,1,29.335513,-100.53372,https://www.inaturalist.org/observations/81634773,NA,NA,
Tripsacum dactyloides,Texas,2021-06-03 14:17:50,2021,6,3,29.677597,-95.449203,https://www.inaturalist.org/observations/82472435,NA,NA,
Tripsacum dactyloides,Texas,2021-05-22 10:37,2021,5,22,33.037526,-96.667445,https://www.inaturalist.org/observations/82240772,NA,NA,
Tripsacum dactyloides,Texas,2021-05-31 8:52:59,2021,5,31,29.764144,-95.453396,https://www.inaturalist.org/observations/81028417,NA,NA,
Tripsacum dactyloides,Texas,2021-06-06 20:04:47,2021,6,6,33.312762,-96.246774,https://www.inaturalist.org/observations/82030193,NA,NA,
Tripsacum dactyloides,Texas,2021-05-27 13:16:14,2021,5,27,29.764746,-95.452644,https://www.inaturalist.org/observations/80507748,NA,NA,
Tripsacum dactyloides,Texas,2021-05-27 9:57:21,2021,5,27,29.721213,-98.12748,https://www.inaturalist.org/observations/80486728,NA,NA,
Tripsacum dactyloides,Texas,2021-05-24 7:56:21,2021,5,24,32.846508,-97.475603,https://www.inaturalist.org/observations/80131059,NA,NA,
Tripsacum dactyloides,Texas,2021-05-26 11:22:07,2021,5,26,29.708212,-98.255755,https://www.inaturalist.org/observations/80377755,NA,NA,
Tripsacum dactyloides,Texas,2021-05-22 13:29:30,2021,5,22,33.705799,-96.984447,https://www.inaturalist.org/observations/79868143,NA,NA,
Tripsacum dactyloides,Texas,2021-05-23 11:10:03,2021,5,23,30.256349,-97.788847,https://www.inaturalist.org/observations/80021067,NA,NA,
Tripsacum dactyloides,Texas,2021-05-22T17:19:50Z,2021,5,22,33.085393,-96.703989,https://www.inaturalist.org/observations/79854988,NA,NA,
Tripsacum dactyloides,Texas,2021-05-27T12:27:52Z,2021,5,27,29.91239,-97.958538,https://www.inaturalist.org/observations/80502072,NA,NA,
Tripsacum dactyloides,Texas,2021-05-21 17:28:33,2021,5,21,29.229849,-97.941945,https://www.inaturalist.org/observations/79703323,NA,NA,
Tripsacum dactyloides,Texas,2021-05-21 14:38:44,2021,5,21,33.047461,-96.849717,https://www.inaturalist.org/observations/79685806,NA,NA,
Tripsacum dactyloides,Texas,2021-05-21 14:53:18,2021,5,21,29.678169,-95.448199,https://www.inaturalist.org/observations/79686568,NA,NA,
Tripsacum dactyloides,Texas,2021-05-22 18:51,2021,5,22,32.470032,-95.300437,https://www.inaturalist.org/observations/79999182,NA,NA,
Tripsacum dactyloides,Texas,2021-05-22 13:20:30,2021,5,22,33.705703,-96.984428,https://www.inaturalist.org/observations/79885452,NA,NA,
Tripsacum dactyloides,Texas,2021-05-17T09:09:34Z,2021,5,17,29.676556,-95.448683,https://www.inaturalist.org/observations/79148812,NA,NA,
Tripsacum dactyloides,Texas,2021-05-23 10:48,2021,5,23,32.754047,-96.848328,https://www.inaturalist.org/observations/80023171,NA,NA,
Tripsacum dactyloides,Texas,2021-05-21 10:52:42,2021,5,21,32.614554,-96.99663,https://www.inaturalist.org/observations/79658631,NA,NA,
Tripsacum dactyloides,Texas,2021-05-27 7:51:57,2021,5,27,29.424817,-94.959878,https://www.inaturalist.org/observations/80473999,NA,NA,
Tripsacum dactyloides,Texas,2021-05-19 20:16:41,2021,5,19,33.005078,-96.644656,https://www.inaturalist.org/observations/79533309,NA,NA,
Tripsacum dactyloides,Texas,2021-05-17 13:31:37,2021,5,17,29.67743,-95.446966,https://www.inaturalist.org/observations/79222084,NA,NA,
Tripsacum dactyloides,Texas,2021-05-20 14:02:33,2021,5,20,29.613793,-94.534377,https://www.inaturalist.org/observations/79578545,NA,NA,
Tripsacum dactyloides,Texas,2021-05-12 14:07,2021,5,12,30.492837,-97.203189,https://www.inaturalist.org/observations/78926829,NA,NA,
Tripsacum dactyloides,Texas,2021-05-14 8:58,2021,5,14,33.06163,-96.980233,https://www.inaturalist.org/observations/78780086,NA,NA,
Tripsacum dactyloides,Texas,2021-05-17T09:09:34Z,2021,5,17,29.676542,-95.448731,https://www.inaturalist.org/observations/79148754,NA,NA,
Tripsacum dactyloides,Texas,2021-05-15 10:18:20,2021,5,15,28.974481,-98.108506,https://www.inaturalist.org/observations/78841433,NA,NA,
Tripsacum dactyloides,Texas,2021-05-19 15:41:56,2021,5,19,33.063892,-96.938378,https://www.inaturalist.org/observations/79510426,NA,NA,
Tripsacum dactyloides,Texas,2021-05-14T11:19:18Z,2021,5,14,32.662075,-97.223038,https://www.inaturalist.org/observations/78983700,NA,NA,
Tripsacum dactyloides,Texas,2021-05-15 12:05:11,2021,5,15,30.506113,-98.82232,https://www.inaturalist.org/observations/78917701,NA,NA,
Tripsacum dactyloides,Texas,2021-05-20T12:43:33Z,2021,5,20,29.913879,-97.522722,https://www.inaturalist.org/observations/79587101,NA,NA,
Tripsacum dactyloides,Texas,2021-05-13 10:07:48,2021,5,13,30.250647,-97.758475,https://www.inaturalist.org/observations/78653362,NA,NA,
Tripsacum dactyloides,Texas,2021-05-14 10:42:52,2021,5,14,29.563033,-95.119462,https://www.inaturalist.org/observations/78708584,NA,NA,
Tripsacum dactyloides,Texas,2021-05-14 12:40:01,2021,5,14,30.362393,-99.889583,https://www.inaturalist.org/observations/78775852,NA,NA,
Tripsacum dactyloides,Texas,2021-05-16 8:17:56,2021,5,16,30.265894,-97.82308,https://www.inaturalist.org/observations/79069552,NA,NA,
Tripsacum dactyloides,Texas,2021-05-13 9:09,2021,5,13,30.251547,-97.754306,https://www.inaturalist.org/observations/78973704,NA,NA,
Tripsacum dactyloides,Texas,2021-05-14 16:44:38,2021,5,14,30.340332,-97.892392,https://www.inaturalist.org/observations/78761224,NA,NA,
Tripsacum dactyloides,Texas,2021-05-15 14:58:30,2021,5,15,31.598963,-97.29783,https://www.inaturalist.org/observations/78883189,NA,NA,
Tripsacum dactyloides,Texas,2021-05-11T16:09:36Z,2021,5,11,29.392744,-98.493996,https://www.inaturalist.org/observations/78392263,NA,NA,
Tripsacum dactyloides,Texas,2021-05-07 11:35:28,2021,5,7,29.330662,-97.921614,https://www.inaturalist.org/observations/78191558,NA,NA,
Tripsacum dactyloides,Texas,2021-04-30 17:12:46,2021,4,30,29.931442,-95.210708,https://www.inaturalist.org/observations/77943189,NA,NA,
Tripsacum dactyloides,Texas,2021-05-12T16:59:36Z,2021,5,12,29.7826,-98.711137,https://www.inaturalist.org/observations/78536247,NA,NA,
Tripsacum dactyloides,Texas,2021-05-13 16:08:42,2021,5,13,29.393136,-98.497202,https://www.inaturalist.org/observations/78625542,NA,NA,
Tripsacum dactyloides,Texas,2021-05-13 10:34,2021,5,13,29.765022,-95.453261,https://www.inaturalist.org/observations/78611556,NA,NA,
Tripsacum dactyloides,Texas,2021-05-11 9:54:50,2021,5,11,30.241045,-97.698037,https://www.inaturalist.org/observations/78379133,NA,NA,
Tripsacum dactyloides,Texas,2021-04-30 17:26,2021,4,30,29.512702,-95.576356,https://www.inaturalist.org/observations/78189807,NA,NA,
Tripsacum dactyloides,Texas,2021-05-03T10:53Z,2021,5,3,29.290523,-95.734671,https://www.inaturalist.org/observations/77799766,NA,NA,
Tripsacum dactyloides,Texas,2021-05-08 10:13:52,2021,5,8,29.72113,-98.127478,https://www.inaturalist.org/observations/77905995,NA,NA,
Tripsacum dactyloides,Texas,2021-05-06 12:43:25,2021,5,6,31.930717,-95.921317,https://www.inaturalist.org/observations/77704890,NA,NA,
Tripsacum dactyloides,Texas,2021-05-01 10:57,2021,5,1,33.276368,-96.300659,https://www.inaturalist.org/observations/77299985,NA,NA,
Tripsacum dactyloides,Texas,2021-05-03 11:06:09,2021,5,3,33.308175,-96.240774,https://www.inaturalist.org/observations/76978229,NA,NA,
Tripsacum dactyloides,Texas,2021-05-02 10:55:14,2021,5,2,33.057579,-96.673665,https://www.inaturalist.org/observations/76638554,NA,NA,
Tripsacum dactyloides,Texas,2021-05-03 12:57:38,2021,5,3,33.063692,-96.936679,https://www.inaturalist.org/observations/77142211,NA,NA,
Tripsacum dactyloides,Texas,2021-05-04 19:18:39,2021,5,4,30.573373,-96.364393,https://www.inaturalist.org/observations/77401036,NA,NA,
Tripsacum dactyloides,Texas,2021-05-02 8:53,2021,5,2,29.766328,-95.449982,https://www.inaturalist.org/observations/76851280,NA,NA,
Tripsacum dactyloides,Texas,2021-05-05 12:11:58,2021,5,5,30.748295,-98.358289,https://www.inaturalist.org/observations/77515036,NA,NA,
Tripsacum dactyloides,Texas,2021-05-02 15:12,2021,5,2,33.017856,-96.874131,https://www.inaturalist.org/observations/77538091,NA,NA,
Tripsacum dactyloides,Texas,2021-05-04 16:43:08,2021,5,4,30.400267,-97.690012,https://www.inaturalist.org/observations/77447247,NA,NA,
Tripsacum dactyloides,Texas,2021-05-02 12:15:41,2021,5,2,29.524028,-95.800089,https://www.inaturalist.org/observations/76605411,NA,NA,
Tripsacum dactyloides,Texas,2021-04-30 20:00,2021,4,30,30.286026,-95.661559,https://www.inaturalist.org/observations/77630907,NA,NA,
Tripsacum dactyloides,Texas,2021-05-03 15:06:47,2021,5,3,29.524324,-95.800017,https://www.inaturalist.org/observations/77057403,NA,NA,
Tripsacum dactyloides,Texas,2021-05-01T11:09Z,2021,5,1,29.689395,-95.497799,https://www.inaturalist.org/observations/77087392,NA,NA,
Tripsacum dactyloides,Texas,2021-05-03 10:45:33,2021,5,3,29.425507,-94.95827,https://www.inaturalist.org/observations/77024268,NA,NA,
Tripsacum dactyloides,Texas,2021-05-03T10:02:43Z,2021,5,3,29.684188,-98.3512,https://www.inaturalist.org/observations/77107226,NA,NA,
Tripsacum dactyloides,Texas,2021-05-01 12:53:48,2021,5,1,29.680364,-95.442308,https://www.inaturalist.org/observations/76379046,NA,NA,
Tripsacum dactyloides,Texas,2021-04-30 13:38:14,2021,4,30,29.765858,-95.45282,https://www.inaturalist.org/observations/75961114,NA,NA,
Tripsacum dactyloides,Texas,2021-04-30T16:10:27Z,2021,4,30,32.753822,-96.848367,https://www.inaturalist.org/observations/75986670,NA,NA,
Tripsacum dactyloides,Texas,2021-04-30 15:15:22,2021,4,30,33.065842,-96.93428,https://www.inaturalist.org/observations/75985721,NA,NA,
Tripsacum dactyloides,Texas,2021-04-30 15:43:19,2021,4,30,29.708051,-95.384228,https://www.inaturalist.org/observations/75993102,NA,NA,
Tripsacum dactyloides,Texas,2021-05-02 14:21:25,2021,5,2,29.766791,-95.451067,https://www.inaturalist.org/observations/76655079,NA,NA,
Tripsacum dactyloides,Texas,2021-05-01 14:21,2021,5,1,33.047458,-96.849717,https://www.inaturalist.org/observations/77477472,NA,NA,
Tripsacum dactyloides,Texas,2021-05-03 13:09:24,2021,5,3,33.063691,-96.938263,https://www.inaturalist.org/observations/77142498,NA,NA,
Tripsacum dactyloides,Texas,2021-04-30 10:45,2021,4,30,33.050411,-96.852958,https://www.inaturalist.org/observations/77143278,NA,NA,
Tripsacum dactyloides,Texas,2021-05-01 15:11:13,2021,5,1,29.71837,-95.391525,https://www.inaturalist.org/observations/76324464,NA,NA,
Tripsacum dactyloides,Texas,2021-04-15 12:32:10,2021,4,15,29.781405,-95.392158,https://www.inaturalist.org/observations/74395012,NA,NA,
Tripsacum dactyloides,Texas,2021-04-30 11:14,2021,4,30,29.554393,-98.530556,https://www.inaturalist.org/observations/75994299,NA,NA,
Tripsacum dactyloides,Texas,2021-05-03 17:51:19,2021,5,3,29.699393,-95.451949,https://www.inaturalist.org/observations/77110462,NA,NA,
Tripsacum dactyloides,Texas,2021-05-03 12:16:38,2021,5,3,29.563103,-95.123041,https://www.inaturalist.org/observations/77001157,NA,NA,
Tripsacum dactyloides,Texas,2021-05-04T11:41:38Z,2021,5,4,29.554579,-98.529495,https://www.inaturalist.org/observations/77298191,NA,NA,
Tripsacum dactyloides,Texas,2021-05-03 18:20:40,2021,5,3,29.554545,-98.529427,https://www.inaturalist.org/observations/77168602,NA,NA,
Tripsacum dactyloides,Texas,2021-05-03T12:42:43Z,2021,5,3,29.69948,-95.451788,https://www.inaturalist.org/observations/77017886,NA,NA,
Tripsacum dactyloides,Texas,2021-04-30 11:09,2021,4,30,33.050411,-96.852958,https://www.inaturalist.org/observations/77165223,NA,NA,
Tripsacum dactyloides,Texas,2021-05-01 14:42:52,2021,5,1,33.059357,-96.968582,https://www.inaturalist.org/observations/76426958,NA,NA,
Tripsacum dactyloides,Texas,2021-05-03 10:45:38,2021,5,3,29.425545,-94.958235,https://www.inaturalist.org/observations/77097955,NA,NA,
Tripsacum dactyloides,Texas,2021-04-30T12:30:44Z,2021,4,30,29.586428,-95.097353,https://www.inaturalist.org/observations/75874059,NA,NA,
Tripsacum dactyloides,Texas,2021-05-01T11:07Z,2021,5,1,29.689395,-95.497799,https://www.inaturalist.org/observations/77087369,NA,NA,
Tripsacum dactyloides,Texas,2021-05-01T13:30:41Z,2021,5,1,29.5894,-95.151261,https://www.inaturalist.org/observations/76256410,NA,NA,
Tripsacum dactyloides,Texas,2021-05-01T15:16:34Z,2021,5,1,29.765176,-95.454037,https://www.inaturalist.org/observations/76272283,NA,NA,
Tripsacum dactyloides,Texas,2021-04-30 16:48:50,2021,4,30,29.815736,-95.537724,https://www.inaturalist.org/observations/75945035,NA,NA,
Tripsacum dactyloides,Texas,2021-04-30 10:47,2021,4,30,33.047972,-96.85073,https://www.inaturalist.org/observations/75998615,NA,NA,
Tripsacum dactyloides,Texas,2021-04-30 9:09:26,2021,4,30,29.689525,-95.423532,https://www.inaturalist.org/observations/75819237,NA,NA,
Tripsacum dactyloides,Texas,2021-05-01 13:09:10,2021,5,1,29.765013,-95.452613,https://www.inaturalist.org/observations/76405270,NA,NA,
Tripsacum dactyloides,Texas,2021-04-30 9:24:59,2021,4,30,29.764947,-95.452583,https://www.inaturalist.org/observations/77378129,NA,NA,
Tripsacum dactyloides,Texas,2021-05-02T11:58:18Z,2021,5,2,30.138558,-95.167045,https://www.inaturalist.org/observations/76616028,NA,NA,
Tripsacum dactyloides,Texas,2021-05-03 10:38:49,2021,5,3,30.18532,-97.874668,https://www.inaturalist.org/observations/76969070,NA,NA,
Tripsacum dactyloides,Texas,2021-05-02T11:59:24Z,2021,5,2,30.538183,-95.784788,https://www.inaturalist.org/observations/76635314,NA,NA,
Tripsacum dactyloides,Texas,2021-04-30 13:35,2021,4,30,33.062364,-96.938483,https://www.inaturalist.org/observations/77267320,NA,NA,
Tripsacum dactyloides,Texas,2021-04-30 12:01,2021,4,30,33.047872,-96.852088,https://www.inaturalist.org/observations/75901308,NA,NA,
Tripsacum dactyloides,Texas,2021-04-30 17:23:06,2021,4,30,29.406475,-95.429169,https://www.inaturalist.org/observations/75989893,NA,NA,
Tripsacum dactyloides,Texas,2021-04-30 15:56:25,2021,4,30,30.153453,-99.350083,https://www.inaturalist.org/observations/76202015,NA,NA,
Tripsacum dactyloides,Texas,2021-04-30 10:33:31,2021,4,30,32.786633,-97.413758,https://www.inaturalist.org/observations/75860550,NA,NA,
Tripsacum dactyloides,Texas,2021-05-01T13:30:50Z,2021,5,1,29.58943,-95.151244,https://www.inaturalist.org/observations/76255775,NA,NA,
Tripsacum dactyloides,Texas,2021-04-30 11:25:24,2021,4,30,33.047695,-96.84979,https://www.inaturalist.org/observations/75899164,NA,NA,
Tripsacum dactyloides,Texas,2021-04-30 19:12:38,2021,4,30,29.662053,-95.545923,https://www.inaturalist.org/observations/76081092,NA,NA,
Tripsacum dactyloides,Texas,2021-04-30 16:41,2021,4,30,29.794661,-94.954401,https://www.inaturalist.org/observations/76019047,NA,NA,
Tripsacum dactyloides,Texas,2021-05-01 7:38,2021,5,1,30.023789,-95.29431,https://www.inaturalist.org/observations/76116446,NA,NA,
Tripsacum dactyloides,Texas,2021-05-01 12:59:27,2021,5,1,33.066058,-96.974421,https://www.inaturalist.org/observations/76426031,NA,NA,
Tripsacum dactyloides,Texas,2021-05-01 8:16:33,2021,5,1,30.024073,-95.294448,https://www.inaturalist.org/observations/76141437,NA,NA,
Tripsacum dactyloides,Texas,2021-04-30 10:23:02,2021,4,30,33.046344,-96.849599,https://www.inaturalist.org/observations/75998394,NA,NA,
Tripsacum dactyloides,Texas,2021-04-30 16:06:35,2021,4,30,30.290285,-97.730984,https://www.inaturalist.org/observations/75933723,NA,NA,
Tripsacum dactyloides,Texas,2021-05-01T13:22:24Z,2021,5,1,29.589495,-95.152114,https://www.inaturalist.org/observations/76262861,NA,NA,
Tripsacum dactyloides,Texas,2021-04-25 20:06:43,2021,4,25,29.424778,-94.959878,https://www.inaturalist.org/observations/75318780,NA,NA,
Tripsacum dactyloides,Texas,2021-04-20 11:27,2021,4,20,33.275497,-96.298697,https://www.inaturalist.org/observations/75388186,NA,NA,
Tripsacum dactyloides,Texas,2021-04-27T09:38:21Z,2021,4,27,29.818696,-98.105545,https://www.inaturalist.org/observations/75427884,NA,NA,
Tripsacum dactyloides,Texas,2021-04-20 11:15,2021,4,20,33.273544,-96.299256,https://www.inaturalist.org/observations/75388173,NA,NA,
Tripsacum dactyloides,Texas,2021-04-16 10:22:28,2021,4,16,30.229,-98.823495,https://www.inaturalist.org/observations/74195674,NA,NA,
Tripsacum dactyloides,Texas,2021-04-15 10:25:14,2021,4,15,29.779435,-95.624094,https://www.inaturalist.org/observations/74048240,NA,NA,
Tripsacum dactyloides,Texas,2021-04-18 7:59:32,2021,4,18,30.241673,-97.698059,https://www.inaturalist.org/observations/74449462,NA,NA,
Tripsacum dactyloides,Texas,2021-04-18 15:04:05,2021,4,18,33.273595,-96.295913,https://www.inaturalist.org/observations/74457129,NA,NA,
Tripsacum dactyloides,Texas,2021-04-10 19:13,2021,4,10,30.067706,-99.293145,https://www.inaturalist.org/observations/73725031,NA,NA,
Tripsacum dactyloides,Texas,2021-04-15 9:32:48,2021,4,15,30.501587,-98.814278,https://www.inaturalist.org/observations/74062967,NA,NA,
Tripsacum dactyloides,Texas,2021-04-13 10:34:31,2021,4,13,32.967652,-97.017694,https://www.inaturalist.org/observations/73875712,NA,NA,
Tripsacum dactyloides,Texas,2018-05-10 8:21:50,2018,5,10,30.254117,-97.739058,https://www.inaturalist.org/observations/12323894,NA,NA,
Tripsacum dactyloides,Texas,2020-06-22 9:24:01,2020,6,22,30.1914,-97.716103,https://www.inaturalist.org/observations/50593470,NA,NA,
Tripsacum dactyloides,Texas,2020-07-09 10:57:26,2020,7,9,30.507795,-98.823067,https://www.inaturalist.org/observations/52788125,NA,NA,
Tripsacum dactyloides,Texas,2018-08-01 10:15:46,2018,8,1,30.186867,-97.872567,https://www.inaturalist.org/observations/15032862,NA,NA,
Tripsacum dactyloides,Texas,2021-04-13 10:28:58,2021,4,13,32.967523,-97.017785,https://www.inaturalist.org/observations/73875545,NA,NA,
Tripsacum dactyloides,Texas,2020-07-21 9:42:14,2020,7,21,30.23803,-98.63565,https://www.inaturalist.org/observations/54214153,NA,NA,
Tripsacum dactyloides,Texas,2020-06-25 10:05:24,2020,6,25,30.231025,-97.749847,https://www.inaturalist.org/observations/50891902,NA,NA,
Tripsacum dactyloides,Texas,2019-09-30 12:59:02,2019,9,30,30.311475,-97.77558,https://www.inaturalist.org/observations/33664950,NA,NA,
Tripsacum dactyloides,Texas,2019-10-04 18:39:56,2019,10,4,33.684954,-96.784764,https://www.inaturalist.org/observations/33874581,NA,NA,
Tripsacum dactyloides,Texas,2021-04-08T10:34:02Z,2021,4,8,29.765002,-95.453232,https://www.inaturalist.org/observations/73305894,NA,NA,
Tripsacum dactyloides,Texas,2021-04-03 15:16,2021,4,3,32.562029,-96.581362,https://www.inaturalist.org/observations/73074893,NA,NA,
Tripsacum dactyloides,Texas,2019-06-03 12:21:10,2019,6,3,32.705082,-96.704912,https://www.inaturalist.org/observations/26370022,NA,NA,
Tripsacum dactyloides,Texas,2020-04-10 11:11:24,2020,4,10,29.668683,-96.26223,https://www.inaturalist.org/observations/41857022,NA,NA,
Tripsacum dactyloides,Texas,2018-04-27 9:58,2018,4,27,32.703643,-96.705379,https://www.inaturalist.org/observations/12056713,NA,NA,
Tripsacum dactyloides,Texas,2020-09-20 12:00:19,2020,9,20,33.275658,-96.298547,https://www.inaturalist.org/observations/60267729,NA,NA,
Tripsacum dactyloides,Texas,2020-09-20 11:43:47,2020,9,20,33.274608,-96.303833,https://www.inaturalist.org/observations/60275569,NA,NA,
Tripsacum dactyloides,Texas,2020-08-10T10:26:06Z,2020,8,10,31.661145,-94.661087,https://www.inaturalist.org/observations/56036039,NA,NA,
Tripsacum dactyloides,Texas,2020-04-27T15:53:57Z,2020,4,27,29.553649,-98.528907,https://www.inaturalist.org/observations/43986775,NA,NA,
Tripsacum dactyloides,Texas,2018-04-22 11:16,2018,4,22,30.267815,-98.573112,https://www.inaturalist.org/observations/12185572,NA,NA,
Tripsacum dactyloides,Texas,2019-06-16 10:52:21,2019,6,16,30.286267,-97.753212,https://www.inaturalist.org/observations/27094509,NA,NA,
Tripsacum dactyloides,Texas,2019-09-04T09:40:11Z,2019,9,4,29.554485,-98.529497,https://www.inaturalist.org/observations/32106171,NA,NA,
Tripsacum dactyloides,Texas,2020-05-06 9:45:22,2020,5,6,29.174347,-95.466545,https://www.inaturalist.org/observations/45118671,NA,NA,
Tripsacum dactyloides,Texas,2020-05-01 16:04:43,2020,5,1,32.851445,-95.812753,https://www.inaturalist.org/observations/44583743,NA,NA,
Tripsacum dactyloides,Texas,2020-06-24 12:01:50,2020,6,24,32.854075,-95.811942,https://www.inaturalist.org/observations/50841061,NA,NA,
Tripsacum dactyloides,Texas,2020-08-19 16:15:47,2020,8,19,33.040748,-95.192605,https://www.inaturalist.org/observations/56970413,NA,NA,
Tripsacum dactyloides,Texas,2020-05-23 10:53:06,2020,5,23,32.85278,-95.810363,https://www.inaturalist.org/observations/47167845,NA,NA,
Tripsacum dactyloides,Texas,2021-03-18 10:48:10,2021,3,18,30.023985,-95.294129,https://www.inaturalist.org/observations/71493421,NA,NA,
Tripsacum dactyloides,Texas,2020-06-20 17:39:17,2020,6,20,30.733225,-98.36978,https://www.inaturalist.org/observations/54472515,NA,NA,
Tripsacum dactyloides,Texas,2021-02-21 10:26,2021,2,21,29.659806,-98.466336,https://www.inaturalist.org/observations/70016878,NA,NA,
Tripsacum dactyloides,Texas,2021-02-07 12:08:03,2021,2,7,29.611584,-98.441303,https://www.inaturalist.org/observations/69222466,NA,NA,
Tripsacum dactyloides,Texas,2021-02-06 13:51:19,2021,2,6,30.305542,-97.947804,https://www.inaturalist.org/observations/69169695,NA,NA,
Tripsacum dactyloides,Texas,2020-04-26T11:20:18Z,2020,4,26,29.63733,-95.495241,https://www.inaturalist.org/observations/43798214,NA,NA,
Tripsacum dactyloides,Texas,2021-01-18 13:55:13,2021,1,18,29.561002,-98.504017,https://www.inaturalist.org/observations/68289212,NA,NA,
Tripsacum dactyloides,Texas,2017-10-29 11:53,2017,10,29,30.187254,-97.719759,https://www.inaturalist.org/observations/8601991,NA,NA,
Tripsacum dactyloides,Texas,2020-11-23 16:26:40,2020,11,23,30.031895,-99.132789,https://www.inaturalist.org/observations/65495546,NA,NA,
Tripsacum dactyloides,Texas,2020-10-24T11:35:31Z,2020,10,24,29.976272,-98.269099,https://www.inaturalist.org/observations/63401120,NA,NA,
Tripsacum dactyloides,Texas,2018-09-16 17:34:53,2018,9,16,30.243925,-97.717675,https://www.inaturalist.org/observations/16608312,NA,NA,
Tripsacum dactyloides,Texas,2020-04-24T09:27:06Z,2020,4,24,29.5527,-98.529128,https://www.inaturalist.org/observations/43167356,NA,NA,
Tripsacum dactyloides,Texas,2020-04-26 18:37:31,2020,4,26,29.554725,-98.530555,https://www.inaturalist.org/observations/43773175,NA,NA,
Tripsacum dactyloides,Texas,2021-01-23 11:19,2021,1,23,29.553922,-98.488776,https://www.inaturalist.org/observations/68513570,NA,NA,
Tripsacum dactyloides,Texas,2020-06-13T17:35:30Z,2020,6,13,29.86604,-98.683624,https://www.inaturalist.org/observations/67824200,NA,NA,
Tripsacum dactyloides,Texas,2020-04-26 18:47:13,2020,4,26,29.553959,-98.529031,https://www.inaturalist.org/observations/43775261,NA,NA,
Tripsacum dactyloides,Texas,2020-05-06T11:32:43Z,2020,5,6,29.554073,-98.529009,https://www.inaturalist.org/observations/45081541,NA,NA,
Tripsacum dactyloides,Texas,2020-04-29 19:33,2020,4,29,29.683671,-98.35209,https://www.inaturalist.org/observations/45495296,NA,NA,
Tripsacum dactyloides,Texas,2018-04-30 17:09:31,2018,4,30,30.266546,-97.712891,https://www.inaturalist.org/observations/11927620,NA,NA,
Tripsacum dactyloides,Texas,10/3/19,2019,10,3,30.238776,-97.703434,https://www.inaturalist.org/observations/35177584,NA,NA,
Tripsacum dactyloides,Texas,2016-04-23 8:59:54,2016,4,23,29.459525,-98.457354,https://www.inaturalist.org/observations/3010800,NA,NA,
Tripsacum dactyloides,Texas,2020-06-21 19:03:46,2020,6,21,29.554215,-98.529224,https://www.inaturalist.org/observations/50491651,NA,NA,
Tripsacum dactyloides,Texas,2020-03-29 14:01:14,2020,3,29,29.554555,-98.529506,https://www.inaturalist.org/observations/40980231,NA,NA,
Tripsacum dactyloides,Texas,2018-10-13 11:42,2018,10,13,30.310578,-98.250897,https://www.inaturalist.org/observations/49512552,NA,NA,
Tripsacum dactyloides,Texas,2020-05-21 12:04,2020,5,21,29.841925,-96.942273,https://www.inaturalist.org/observations/67530802,NA,NA,
Tripsacum dactyloides,Texas,2020-12-24 17:47,2020,12,24,29.70844,-98.582944,https://www.inaturalist.org/observations/67029485,NA,NA,
Tripsacum dactyloides,Texas,2020-05-23 8:21:51,2020,5,23,29.764142,-95.453903,https://www.inaturalist.org/observations/47045417,NA,NA,
Tripsacum dactyloides,Texas,2020-07-21 10:53:16,2020,7,21,30.285081,-97.674109,https://www.inaturalist.org/observations/53854633,NA,NA,
Tripsacum dactyloides,Texas,2020-08-14 17:20:16,2020,8,14,33.503043,-94.407866,https://www.inaturalist.org/observations/56567238,NA,NA,
Tripsacum dactyloides,Texas,2020-12-14 16:58,2020,12,14,29.74565,-98.4619,https://www.inaturalist.org/observations/66596139,NA,NA,
Tripsacum dactyloides,Texas,2020-09-25 17:14,2020,9,25,29.600818,-98.4507,https://www.inaturalist.org/observations/60777203,NA,NA,
Tripsacum dactyloides,Texas,2020-12-12 10:55:23,2020,12,12,30.514616,-99.708286,https://www.inaturalist.org/observations/66471386,NA,NA,
Tripsacum dactyloides,Texas,2018-09-15 15:49:37,2018,9,15,30.284144,-97.781256,https://www.inaturalist.org/observations/16565779,NA,NA,
Tripsacum dactyloides,Texas,2020-12-08 17:12,2020,12,8,29.673503,-98.46888,https://www.inaturalist.org/observations/66319441,NA,NA,
Tripsacum dactyloides,Texas,2020-12-01 10:53:58,2020,12,1,29.714793,-98.15877,https://www.inaturalist.org/observations/65978442,NA,NA,
Tripsacum dactyloides,Texas,2020-10-24 17:12:25,2020,10,24,32.235343,-99.884091,https://www.inaturalist.org/observations/63457726,NA,NA,
Tripsacum dactyloides,Texas,2020-11-24 12:37,2020,11,24,33.234295,-94.242239,https://www.inaturalist.org/observations/65801361,NA,NA,
Tripsacum dactyloides,Texas,2020-11-20 11:55:18,2020,11,20,29.571036,-94.389573,https://www.inaturalist.org/observations/65284372,NA,NA,
Tripsacum dactyloides,Texas,2020-04-27 12:01:23,2020,4,27,29.705919,-95.402398,https://www.inaturalist.org/observations/43929781,NA,NA,
Tripsacum dactyloides,Texas,2020-11-09 9:51:56,2020,11,9,29.718769,-95.419416,https://www.inaturalist.org/observations/64525650,NA,NA,
Tripsacum dactyloides,Texas,2020-10-18 9:35:45,2020,10,18,29.81581,-95.537662,https://www.inaturalist.org/observations/62897861,NA,NA,
Tripsacum dactyloides,Texas,2020-11-08 13:13:22,2020,11,8,29.165311,-95.346558,https://www.inaturalist.org/observations/64464072,NA,NA,
Tripsacum dactyloides,Texas,2020-10-28 12:36,2020,10,28,30.45039,-99.805216,https://www.inaturalist.org/observations/63908837,NA,NA,
Tripsacum dactyloides,Texas,2018-07-20 8:19:38,2018,7,20,31.660163,-100.739922,https://www.inaturalist.org/observations/14569401,NA,NA,
Tripsacum dactyloides,Texas,2020-11-01 11:09:52,2020,11,1,30.223583,-96.475612,https://www.inaturalist.org/observations/63975159,NA,NA,
Tripsacum dactyloides,Texas,2020-11-01 11:10:55,2020,11,1,30.223666,-96.475073,https://www.inaturalist.org/observations/63975179,NA,NA,
Tripsacum dactyloides,Texas,2020-11-01 10:36:58,2020,11,1,30.338753,-97.89528,https://www.inaturalist.org/observations/64215808,NA,NA,
Tripsacum dactyloides,Texas,2020-10-27T15:00:51Z,2020,10,27,29.769805,-95.428238,https://www.inaturalist.org/observations/63680503,NA,NA,
Tripsacum dactyloides,Texas,2020-06-19T16:18:58Z,2020,6,19,30.164347,-99.241212,https://www.inaturalist.org/observations/50539088,NA,NA,
Tripsacum dactyloides,Texas,2017-04-14 10:35:59,2017,4,14,29.724278,-95.345192,https://www.inaturalist.org/observations/5689293,NA,NA,
Tripsacum dactyloides,Texas,2020-10-24 16:33:30,2020,10,24,29.424562,-94.959992,https://www.inaturalist.org/observations/63436595,NA,NA,
Tripsacum dactyloides,Texas,2017-06-03 14:28:52,2017,6,3,30.711631,-97.32275,https://www.inaturalist.org/observations/6486388,NA,NA,
Tripsacum dactyloides,Texas,2020-10-22 17:46:55,2020,10,22,30.2889,-97.703778,https://www.inaturalist.org/observations/63282480,NA,NA,
Tripsacum dactyloides,Texas,2020-10-19 17:06:21,2020,10,19,29.76527,-95.453942,https://www.inaturalist.org/observations/63118196,NA,NA,
Tripsacum dactyloides,Texas,2020-10-18 10:38:59,2020,10,18,30.742057,-99.226928,https://www.inaturalist.org/observations/62905537,NA,NA,
Tripsacum dactyloides,Texas,2020-10-20 11:43:20,2020,10,20,32.613834,-96.9969,https://www.inaturalist.org/observations/63114232,NA,NA,
Tripsacum dactyloides,Texas,2020-10-19 16:58:44,2020,10,19,29.764695,-95.454392,https://www.inaturalist.org/observations/63121246,NA,NA,
Tripsacum dactyloides,Texas,2020-09-13T17:11:20Z,2020,9,13,30.179871,-97.730117,https://www.inaturalist.org/observations/59509175,NA,NA,
Tripsacum dactyloides,Texas,2020-10-11 11:01:54,2020,10,11,30.225638,-96.475723,https://www.inaturalist.org/observations/62307841,NA,NA,
Tripsacum dactyloides,Texas,2020-10-13T11:25:41Z,2020,10,13,29.5636,-98.519203,https://www.inaturalist.org/observations/62491911,NA,NA,
Tripsacum dactyloides,Texas,2020-10-03 10:29:23,2020,10,3,29.88157,-95.170171,https://www.inaturalist.org/observations/61789595,NA,NA,
Tripsacum dactyloides,Texas,2020-09-19 11:57,2020,9,19,33.037526,-96.667445,https://www.inaturalist.org/observations/61720277,NA,NA,
Tripsacum dactyloides,Texas,2020-09-24T12:11:20Z,2020,9,24,30.245878,-98.589645,https://www.inaturalist.org/observations/61881970,NA,NA,
Tripsacum dactyloides,Texas,2020-10-02T13:10:46Z,2020,10,2,29.58058,-98.764687,https://www.inaturalist.org/observations/61529121,NA,NA,
Tripsacum dactyloides,Texas,2020-09-30 10:36:04,2020,9,30,30.319656,-97.723771,https://www.inaturalist.org/observations/61368419,NA,NA,
Tripsacum dactyloides,Texas,2020-09-24 10:17:22,2020,9,24,30.288972,-97.70343,https://www.inaturalist.org/observations/60860284,NA,NA,
Tripsacum dactyloides,Texas,2018-04-18 10:44,2018,4,18,29.613576,-94.53664,https://www.inaturalist.org/observations/60747248,NA,NA,
Tripsacum dactyloides,Texas,2020-09-14 17:26,2020,9,14,30.097033,-98.517206,https://www.inaturalist.org/observations/60863677,NA,NA,
Tripsacum dactyloides,Texas,2020-09-14 14:21,2020,9,14,30.096864,-98.516918,https://www.inaturalist.org/observations/60863675,NA,NA,
Tripsacum dactyloides,Texas,2020-09-25 11:08:53,2020,9,25,29.739961,-98.923237,https://www.inaturalist.org/observations/60786410,NA,NA,
Tripsacum dactyloides,Texas,2020-09-23 11:57:06,2020,9,23,29.880654,-98.613092,https://www.inaturalist.org/observations/60526939,NA,NA,
Tripsacum dactyloides,Texas,2020-09-19T08:12:18Z,2020,9,19,32.235442,-99.883889,https://www.inaturalist.org/observations/60087505,NA,NA,
Tripsacum dactyloides,Texas,2020-09-17 18:10:20,2020,9,17,29.815861,-95.537559,https://www.inaturalist.org/observations/59923127,NA,NA,
Tripsacum dactyloides,Texas,2020-09-19 17:56:31,2020,9,19,30.288893,-97.703775,https://www.inaturalist.org/observations/60135353,NA,NA,
Tripsacum dactyloides,Texas,2020-09-12 8:30:05,2020,9,12,32.753637,-96.84925,https://www.inaturalist.org/observations/59347336,NA,NA,
Tripsacum dactyloides,Texas,2020-09-17 9:45:54,2020,9,17,30.184647,-97.72632,https://www.inaturalist.org/observations/59914723,NA,NA,
Tripsacum dactyloides,Texas,2020-09-17 9:40:59,2020,9,17,30.18425,-97.726792,https://www.inaturalist.org/observations/59874923,NA,NA,
Tripsacum dactyloides,Texas,2020-09-06 14:36:28,2020,9,6,33.057732,-96.983528,https://www.inaturalist.org/observations/58755299,NA,NA,
Tripsacum dactyloides,Texas,2020-08-21 11:11,2020,8,21,29.87333,-98.484047,https://www.inaturalist.org/observations/57242880,NA,NA,
Tripsacum dactyloides,Texas,2020-08-24T09:25:44Z,2020,8,24,29.767229,-95.432892,https://www.inaturalist.org/observations/57445515,NA,NA,
Tripsacum dactyloides,Texas,2020-08-20 9:55,2020,8,20,29.526929,-95.800875,https://www.inaturalist.org/observations/57072922,NA,NA,
Tripsacum dactyloides,Texas,2020-08-07 7:40:25,2020,8,7,33.440573,-97.559357,https://www.inaturalist.org/observations/55726500,NA,NA,
Tripsacum dactyloides,Texas,2020-08-09 13:32:52,2020,8,9,29.406874,-95.428645,https://www.inaturalist.org/observations/55949142,NA,NA,
Tripsacum dactyloides,Texas,2020-04-25 9:00,2020,4,25,30.336305,-97.891369,https://www.inaturalist.org/observations/43441187,NA,NA,
Tripsacum dactyloides,Texas,2020-04-26T11:00:56Z,2020,4,26,29.975917,-96.526722,https://www.inaturalist.org/observations/43646442,NA,NA,
Tripsacum dactyloides,Texas,2020-08-14 9:59,2020,8,14,29.76675,-95.441047,https://www.inaturalist.org/observations/56641778,NA,NA,
Tripsacum dactyloides,Texas,2020-08-14 13:04:09,2020,8,14,29.763862,-95.430922,https://www.inaturalist.org/observations/56452261,NA,NA,
Tripsacum dactyloides,Texas,2020-08-05 9:55,2020,8,5,29.390836,-95.040083,https://www.inaturalist.org/observations/55526561,NA,NA,
Tripsacum dactyloides,Texas,2020-04-24T10:24:57Z,2020,4,24,29.554462,-98.52945,https://www.inaturalist.org/observations/43149866,NA,NA,
Tripsacum dactyloides,Texas,2018-09-13 17:21:27,2018,9,13,32.236254,-99.882399,https://www.inaturalist.org/observations/16505123,NA,NA,
Tripsacum dactyloides,Texas,2020-05-29 11:38:45,2020,5,29,33.172887,-96.827797,https://www.inaturalist.org/observations/47749118,NA,NA,
Tripsacum dactyloides,Texas,2020-04-24T10:27Z,2020,4,24,29.553942,-98.529053,https://www.inaturalist.org/observations/43149239,NA,NA,
Tripsacum dactyloides,Texas,2019-06-13 9:16:19,2019,6,13,30.23458,-97.841963,https://www.inaturalist.org/observations/26925452,NA,NA,
Tripsacum dactyloides,Texas,2018-12-31 13:06:30,2018,12,31,31.018689,-95.271325,https://www.inaturalist.org/observations/19474281,NA,NA,
Tripsacum dactyloides,Texas,2020-04-30 14:27:19,2020,4,30,33.275609,-96.298508,https://www.inaturalist.org/observations/44434647,NA,NA,
Tripsacum dactyloides,Texas,2020-04-30 6:49,2020,4,30,32.862506,-96.720272,https://www.inaturalist.org/observations/44416395,NA,NA,
Tripsacum dactyloides,Texas,2020-01-01 16:40:26,2020,1,1,29.861063,-98.482583,https://www.inaturalist.org/observations/37284507,NA,NA,
Tripsacum dactyloides,Texas,2018-10-06 12:17:26,2018,10,6,32.469307,-95.301992,https://www.inaturalist.org/observations/17428759,NA,NA,
Tripsacum dactyloides,Texas,2017-04-18 15:52:58,2017,4,18,32.842142,-97.482808,https://www.inaturalist.org/observations/5831030,NA,NA,
Tripsacum dactyloides,Texas,2020-05-14 15:49:48,2020,5,14,30.019135,-98.344989,https://www.inaturalist.org/observations/46047532,NA,NA,
Tripsacum dactyloides,Texas,2019-11-15 10:11:38,2019,11,15,29.750226,-95.083173,https://www.inaturalist.org/observations/35704287,NA,NA,
Tripsacum dactyloides,Texas,2020-04-08T09:38:21Z,2020,4,8,29.838288,-95.456077,https://www.inaturalist.org/observations/41687880,NA,NA,
Tripsacum dactyloides,Texas,2020-04-12 13:32:46,2020,4,12,29.733074,-98.466964,https://www.inaturalist.org/observations/42018633,NA,NA,
Tripsacum dactyloides,Texas,10/24/19,2019,10,24,30.183649,-97.722194,https://www.inaturalist.org/observations/34992146,NA,NA,
Tripsacum dactyloides,Texas,2020-05-30 9:35,2020,5,30,29.8918,-98.644501,https://www.inaturalist.org/observations/47867869,NA,NA,
Tripsacum dactyloides,Texas,2020-05-02T07:20:52Z,2020,5,2,29.575236,-98.61645,https://www.inaturalist.org/observations/44585647,NA,NA,
Tripsacum dactyloides,Texas,2020-05-18 17:37:20,2020,5,18,32.747956,-97.197424,https://www.inaturalist.org/observations/46429607,NA,NA,
Tripsacum dactyloides,Texas,2020-05-17T16:29:36Z,2020,5,17,30.225125,-99.015228,https://www.inaturalist.org/observations/46481446,NA,NA,
Tripsacum dactyloides,Texas,2018-10-16 10:18:25,2018,10,16,29.771526,-95.570019,https://www.inaturalist.org/observations/17565980,NA,NA,
Tripsacum dactyloides,Texas,2020-02-29T11:14:02Z,2020,2,29,29.523655,-95.801059,https://www.inaturalist.org/observations/39358878,NA,NA,
Tripsacum dactyloides,Texas,2020-05-22 10:20:27,2020,5,22,29.766144,-95.452312,https://www.inaturalist.org/observations/46955976,NA,NA,
Tripsacum dactyloides,Texas,2019-09-27T16:13:06Z,2019,9,27,30.21206,-95.264711,https://www.inaturalist.org/observations/33499282,NA,NA,
Tripsacum dactyloides,Texas,2015-10-16 16:03:30,2015,10,16,29.704989,-95.402733,https://www.inaturalist.org/observations/2188487,NA,NA,
Tripsacum dactyloides,Texas,2020-05-20T15:40:06Z,2020,5,20,29.766027,-95.428799,https://www.inaturalist.org/observations/46645410,NA,NA,
Tripsacum dactyloides,Texas,2020-05-20 15:09:11,2020,5,20,29.661803,-94.558531,https://www.inaturalist.org/observations/46654416,NA,NA,
Tripsacum dactyloides,Texas,2018-04-28 14:00:07,2018,4,28,30.677772,-97.7675,https://www.inaturalist.org/observations/11649123,NA,NA,
Tripsacum dactyloides,Texas,2019-10-26 10:45:54,2019,10,26,29.587815,-95.154248,https://www.inaturalist.org/observations/34916210,NA,NA,
Tripsacum dactyloides,Texas,2020-04-23T13:54:22Z,2020,4,23,30.554836,-96.284281,https://www.inaturalist.org/observations/42992689,NA,NA,
Tripsacum dactyloides,Texas,2020-04-19 12:32:02,2020,4,19,30.492313,-98.200502,https://www.inaturalist.org/observations/42602945,NA,NA,
Tripsacum dactyloides,Texas,2020-05-25T10:47:10Z,2020,5,25,29.861351,-95.158824,https://www.inaturalist.org/observations/47277538,NA,NA,
Tripsacum dactyloides,Texas,2020-07-21 17:35:58,2020,7,21,29.978641,-95.846219,https://www.inaturalist.org/observations/53891780,NA,NA,
Tripsacum dactyloides,Texas,7/8/20,2020,7,8,29.59623,-95.07167,https://www.inaturalist.org/observations/52415231,NA,NA,
Tripsacum dactyloides,Texas,2020-07-22 9:25:39,2020,7,22,33.061829,-96.957024,https://www.inaturalist.org/observations/53950429,NA,NA,
Tripsacum dactyloides,Texas,2020-07-20 19:55:08,2020,7,20,29.827495,-99.592438,https://www.inaturalist.org/observations/53813901,NA,NA,
Tripsacum dactyloides,Texas,7/14/20,2020,7,14,29.52322,-95.801155,https://www.inaturalist.org/observations/53223578,NA,NA,
Tripsacum dactyloides,Texas,2020-07-11 8:39:19,2020,7,11,29.699422,-95.451989,https://www.inaturalist.org/observations/52673855,NA,NA,
Tripsacum dactyloides,Texas,2020-06-21T10:16:32Z,2020,6,21,29.554853,-95.210838,https://www.inaturalist.org/observations/51633826,NA,NA,
Tripsacum dactyloides,Texas,2020-06-30 8:59:29,2020,6,30,33.386893,-97.579336,https://www.inaturalist.org/observations/51500165,NA,NA,
Tripsacum dactyloides,Texas,2020-07-09 9:26,2020,7,9,30.297225,-97.897406,https://www.inaturalist.org/observations/52507983,NA,NA,
Tripsacum dactyloides,Texas,2020-04-30 12:29,2020,4,30,30.285254,-95.65797,https://www.inaturalist.org/observations/50954759,NA,NA,
Tripsacum dactyloides,Texas,2020-07-03 10:01:01,2020,7,3,29.186113,-99.794862,https://www.inaturalist.org/observations/51841572,NA,NA,
Tripsacum dactyloides,Texas,2020-06-29 12:01:23,2020,6,29,29.761675,-95.449142,https://www.inaturalist.org/observations/51384300,NA,NA,
Tripsacum dactyloides,Texas,2020-07-07 12:29:05,2020,7,7,29.674933,-95.448045,https://www.inaturalist.org/observations/52294358,NA,NA,
Tripsacum dactyloides,Texas,2020-06-30 19:48:35,2020,6,30,29.674902,-95.448029,https://www.inaturalist.org/observations/51535580,NA,NA,
Tripsacum dactyloides,Texas,2020-06-30 8:55:45,2020,6,30,33.38681,-97.579232,https://www.inaturalist.org/observations/51564573,NA,NA,
Tripsacum dactyloides,Texas,2020-07-04 10:13,2020,7,4,29.692095,-98.581103,https://www.inaturalist.org/observations/51950438,NA,NA,
Tripsacum dactyloides,Texas,2020-06-30 9:00:33,2020,6,30,33.386877,-97.579413,https://www.inaturalist.org/observations/51500186,NA,NA,
Tripsacum dactyloides,Texas,2020-06-24 12:41:22,2020,6,24,30.241158,-97.698112,https://www.inaturalist.org/observations/50960261,NA,NA,
Tripsacum dactyloides,Texas,2020-06-26T14:32:34Z,2020,6,26,29.378952,-95.020271,https://www.inaturalist.org/observations/51017648,NA,NA,
Tripsacum dactyloides,Texas,2020-06-23T18:04:29Z,2020,6,23,33.259647,-96.523842,https://www.inaturalist.org/observations/50741529,NA,NA,
Tripsacum dactyloides,Texas,2020-06-14T19:42:53Z,2020,6,14,30.535009,-104.063461,https://www.inaturalist.org/observations/49711558,NA,NA,
Tripsacum dactyloides,Texas,2020-06-08 7:11:24,2020,6,8,33.306535,-96.241851,https://www.inaturalist.org/observations/49866053,NA,NA,
Tripsacum dactyloides,Texas,2020-06-17 17:42:52,2020,6,17,29.67113,-95.447241,https://www.inaturalist.org/observations/49992098,NA,NA,
Tripsacum dactyloides,Texas,2020-06-16 16:57:05,2020,6,16,33.814752,-95.857421,https://www.inaturalist.org/observations/49899289,NA,NA,
Tripsacum dactyloides,Texas,2020-05-30 15:20,2020,5,30,34.44676,-101.102005,https://www.inaturalist.org/observations/49534188,NA,NA,
Tripsacum dactyloides,Texas,2020-05-20 8:33:10,2020,5,20,29.720402,-98.540652,https://www.inaturalist.org/observations/46731544,NA,NA,
Tripsacum dactyloides,Texas,2020-04-25 13:55:32,2020,4,25,29.735702,-98.470005,https://www.inaturalist.org/observations/43407439,NA,NA,
Tripsacum dactyloides,Texas,2020-04-28T10:24:25Z,2020,4,28,32.756197,-96.610895,https://www.inaturalist.org/observations/44138195,NA,NA,
Tripsacum dactyloides,Texas,2020-06-14 10:30:31,2020,6,14,29.880672,-98.613033,https://www.inaturalist.org/observations/49587824,NA,NA,
Tripsacum dactyloides,Texas,2020-06-01 8:16:30,2020,6,1,35.912005,-100.296967,https://www.inaturalist.org/observations/48340854,NA,NA,
Tripsacum dactyloides,Texas,2020-05-18T17:24:13Z,2020,5,18,30.22525,-99.016769,https://www.inaturalist.org/observations/46480130,NA,NA,
Tripsacum dactyloides,Texas,2020-05-24 7:40:47,2020,5,24,30.341113,-97.838753,https://www.inaturalist.org/observations/47189736,NA,NA,
Tripsacum dactyloides,Texas,2020-06-06T08:59:01Z,2020,6,6,29.659097,-98.364304,https://www.inaturalist.org/observations/49241185,NA,NA,
Tripsacum dactyloides,Texas,2020-06-09 17:43:32,2020,6,9,29.873347,-98.495384,https://www.inaturalist.org/observations/49105663,NA,NA,
Tripsacum dactyloides,Texas,2020-06-09T09:28Z,2020,6,9,30.263463,-97.770652,https://www.inaturalist.org/observations/49059436,NA,NA,
Tripsacum dactyloides,Texas,2020-06-02 19:02:08,2020,6,2,29.714538,-95.401212,https://www.inaturalist.org/observations/48610941,NA,NA,
Tripsacum dactyloides,Texas,2020-06-10 15:39:29,2020,6,10,28.803885,-97.049021,https://www.inaturalist.org/observations/49160574,NA,NA,
Tripsacum dactyloides,Texas,2020-05-30 10:30:51,2020,5,30,33.662791,-96.803488,https://www.inaturalist.org/observations/48853320,NA,NA,
Tripsacum dactyloides,Texas,2020-06-01 8:20,2020,6,1,35.910638,-100.300883,https://www.inaturalist.org/observations/49169397,NA,NA,
Tripsacum dactyloides,Texas,2020-06-02 15:32:16,2020,6,2,30.626463,-97.66272,https://www.inaturalist.org/observations/48272932,NA,NA,
Tripsacum dactyloides,Texas,2020-05-30T09:40:12Z,2020,5,30,29.523195,-95.801161,https://www.inaturalist.org/observations/48151568,NA,NA,
Tripsacum dactyloides,Texas,2020-04-26 11:29:29,2020,4,26,29.783563,-98.713703,https://www.inaturalist.org/observations/43653433,NA,NA,
Tripsacum dactyloides,Texas,2020-05-30 16:05:18,2020,5,30,29.761902,-95.383332,https://www.inaturalist.org/observations/47933521,NA,NA,
Tripsacum dactyloides,Texas,2020-05-30 8:19:27,2020,5,30,30.48534,-98.309744,https://www.inaturalist.org/observations/47845333,NA,NA,
Tripsacum dactyloides,Texas,2020-05-31 11:53:41,2020,5,31,29.860983,-95.159347,https://www.inaturalist.org/observations/48052817,NA,NA,
Tripsacum dactyloides,Texas,2020-02-15 11:41:13,2020,2,15,29.779863,-98.709374,https://www.inaturalist.org/observations/38674945,NA,NA,
Tripsacum dactyloides,Texas,2020-05-21 18:25:13,2020,5,21,30.525738,-99.847917,https://www.inaturalist.org/observations/46801992,NA,NA,
Tripsacum dactyloides,Texas,2020-05-22 9:53:23,2020,5,22,29.958412,-95.210883,https://www.inaturalist.org/observations/46960975,NA,NA,
Tripsacum dactyloides,Texas,2020-06-03 19:33:24,2020,6,3,29.781659,-98.710828,https://www.inaturalist.org/observations/48406691,NA,NA,
Tripsacum dactyloides,Texas,2020-06-01T17:04:16Z,2020,6,1,30.24118,-97.698112,https://www.inaturalist.org/observations/48198868,NA,NA,
Tripsacum dactyloides,Texas,2020-05-06T09:51:02Z,2020,5,6,29.640883,-98.625725,https://www.inaturalist.org/observations/47939488,NA,NA,
Tripsacum dactyloides,Texas,2020-05-30 15:06:17,2020,5,30,29.670044,-95.106223,https://www.inaturalist.org/observations/47903967,NA,NA,
Tripsacum dactyloides,Texas,2020-06-01 17:10:20,2020,6,1,33.665722,-101.159408,https://www.inaturalist.org/observations/48230076,NA,NA,
Tripsacum dactyloides,Texas,2020-05-17 19:53:43,2020,5,17,32.84687,-96.7033,https://www.inaturalist.org/observations/46331348,NA,NA,
Tripsacum dactyloides,Texas,2020-04-25 13:13:19,2020,4,25,29.239229,-97.986309,https://www.inaturalist.org/observations/43394412,NA,NA,
Tripsacum dactyloides,Texas,2020-04-09T18:02:04Z,2020,4,9,29.764402,-95.457509,https://www.inaturalist.org/observations/41793320,NA,NA,
Tripsacum dactyloides,Texas,2020-05-10 10:26:24,2020,5,10,29.517853,-95.579543,https://www.inaturalist.org/observations/45485354,NA,NA,
Tripsacum dactyloides,Texas,2020-05-09 19:21:39,2020,5,9,29.590715,-95.255206,https://www.inaturalist.org/observations/45445505,NA,NA,
Tripsacum dactyloides,Texas,2020-05-18 16:00:04,2020,5,18,32.779135,-96.705284,https://www.inaturalist.org/observations/46422424,NA,NA,
Tripsacum dactyloides,Texas,2020-05-17T13:15:48Z,2020,5,17,32.753826,-96.848383,https://www.inaturalist.org/observations/46284121,NA,NA,
Tripsacum dactyloides,Texas,2020-05-19T15:02:52Z,2020,5,19,32.753887,-96.848312,https://www.inaturalist.org/observations/46533756,NA,NA,
Tripsacum dactyloides,Texas,2020-05-13 15:08:54,2020,5,13,33.405997,-97.048133,https://www.inaturalist.org/observations/45824582,NA,NA,
Tripsacum dactyloides,Texas,2018-05-06T00:00Z,2018,5,6,29.691748,-98.444669,https://www.inaturalist.org/observations/45499071,NA,NA,
Tripsacum dactyloides,Texas,2020-05-03T09:44:10Z,2020,5,3,29.664583,-99.537925,https://www.inaturalist.org/observations/44737365,NA,NA,
Tripsacum dactyloides,Texas,2020-05-21 13:06:55,2020,5,21,32.721183,-96.74568,https://www.inaturalist.org/observations/46788255,NA,NA,
Tripsacum dactyloides,Texas,2020-05-09 18:00:23,2020,5,9,30.003614,-99.391276,https://www.inaturalist.org/observations/45432539,NA,NA,
Tripsacum dactyloides,Texas,2020-05-21 10:37:41,2020,5,21,32.715574,-96.740856,https://www.inaturalist.org/observations/46733553,NA,NA,
Tripsacum dactyloides,Texas,5/20/20,2020,5,20,33.057882,-96.671448,https://www.inaturalist.org/observations/46757494,NA,NA,
Tripsacum dactyloides,Texas,2020-05-11 11:02,2020,5,11,30.498939,-98.817092,https://www.inaturalist.org/observations/45604394,NA,NA,
Tripsacum dactyloides,Texas,2020-05-11T09:26:23Z,2020,5,11,29.821996,-98.103918,https://www.inaturalist.org/observations/45590126,NA,NA,
Tripsacum dactyloides,Texas,2020-05-16T23:23:30Z,2020,5,16,29.550363,-98.52996,https://www.inaturalist.org/observations/46160329,NA,NA,
Tripsacum dactyloides,Texas,2020-05-03 12:01:41,2020,5,3,33.08693,-96.705082,https://www.inaturalist.org/observations/44753983,NA,NA,
Tripsacum dactyloides,Texas,2020-05-09 14:31:20,2020,5,9,29.229703,-97.941605,https://www.inaturalist.org/observations/45399435,NA,NA,
Tripsacum dactyloides,Texas,2020-05-19 9:36:40,2020,5,19,33.046356,-96.849541,https://www.inaturalist.org/observations/46627187,NA,NA,
Tripsacum dactyloides,Texas,2020-05-08 9:43:10,2020,5,8,29.763953,-95.431105,https://www.inaturalist.org/observations/45267794,NA,NA,
Tripsacum dactyloides,Texas,2020-05-21 10:37:34,2020,5,21,32.715599,-96.740906,https://www.inaturalist.org/observations/46751170,NA,NA,
Tripsacum dactyloides,Texas,2020-05-08T12:42:02Z,2020,5,8,30.106152,-96.593072,https://www.inaturalist.org/observations/45285645,NA,NA,
Tripsacum dactyloides,Texas,2020-05-05 7:12:55,2020,5,5,30.626408,-97.66268,https://www.inaturalist.org/observations/45003712,NA,NA,
Tripsacum dactyloides,Texas,2020-04-26 8:33,2020,4,26,33.057699,-96.67129,https://www.inaturalist.org/observations/44838442,NA,NA,
Tripsacum dactyloides,Texas,2020-04-26T12:13:18Z,2020,4,26,29.826723,-98.769763,https://www.inaturalist.org/observations/43665431,NA,NA,
Tripsacum dactyloides,Texas,2020-04-25 13:07,2020,4,25,32.666071,-96.480131,https://www.inaturalist.org/observations/43471785,NA,NA,
Tripsacum dactyloides,Texas,2020-04-26 10:20,2020,4,26,33.021881,-96.871369,https://www.inaturalist.org/observations/44661502,NA,NA,
Tripsacum dactyloides,Texas,2020-04-25 9:08,2020,4,25,29.640501,-98.625143,https://www.inaturalist.org/observations/43417544,NA,NA,
Tripsacum dactyloides,Texas,2020-04-26 14:45,2020,4,26,33.052917,-96.857496,https://www.inaturalist.org/observations/44809294,NA,NA,
Tripsacum dactyloides,Texas,2020-04-25 11:39:26,2020,4,25,29.382203,-95.03951,https://www.inaturalist.org/observations/43364971,NA,NA,
Tripsacum dactyloides,Texas,2020-04-26 10:42:59,2020,4,26,29.424811,-94.959815,https://www.inaturalist.org/observations/43651416,NA,NA,
Tripsacum dactyloides,Texas,2020-04-25T16:49:54Z,2020,4,25,29.485645,-98.643344,https://www.inaturalist.org/observations/43540133,NA,NA,
Tripsacum dactyloides,Texas,2020-04-26 9:59:37,2020,4,26,29.699463,-95.45195,https://www.inaturalist.org/observations/43824505,NA,NA,
Tripsacum dactyloides,Texas,2020-04-26T17:20:32Z,2020,4,26,29.307486,-97.985651,https://www.inaturalist.org/observations/43975746,NA,NA,
Tripsacum dactyloides,Texas,2020-04-26T12:10:01Z,2020,4,26,29.827045,-98.770079,https://www.inaturalist.org/observations/43664733,NA,NA,
Tripsacum dactyloides,Texas,2020-04-27 10:20,2020,4,27,32.885341,-96.755059,https://www.inaturalist.org/observations/44166256,NA,NA,
Tripsacum dactyloides,Texas,2020-04-27 17:37:03,2020,4,27,30.075768,-98.854616,https://www.inaturalist.org/observations/44075672,NA,NA,
Tripsacum dactyloides,Texas,2020-04-24T10:24:43Z,2020,4,24,29.554505,-98.529472,https://www.inaturalist.org/observations/43150039,NA,NA,
Tripsacum dactyloides,Texas,2020-04-24 12:35:25,2020,4,24,29.637322,-95.495103,https://www.inaturalist.org/observations/43171222,NA,NA,
Tripsacum dactyloides,Texas,2020-04-25 7:31,2020,4,25,33.020471,-96.872881,https://www.inaturalist.org/observations/44039710,NA,NA,
Tripsacum dactyloides,Texas,2020-04-24 9:39:38,2020,4,24,29.762266,-95.449783,https://www.inaturalist.org/observations/43472929,NA,NA,
Tripsacum dactyloides,Texas,2020-04-27 12:35,2020,4,27,29.822489,-98.771524,https://www.inaturalist.org/observations/44063475,NA,NA,
Tripsacum dactyloides,Texas,2020-04-27 16:29:38,2020,4,27,29.794437,-94.954798,https://www.inaturalist.org/observations/43994690,NA,NA,
Tripsacum dactyloides,Texas,2020-04-24 7:56:14,2020,4,24,29.763613,-95.453809,https://www.inaturalist.org/observations/43748805,NA,NA,
Tripsacum dactyloides,Texas,2020-04-24 14:03,2020,4,24,30.417972,-97.758536,https://www.inaturalist.org/observations/44213000,NA,NA,
Tripsacum dactyloides,Texas,2020-04-26 16:13:02,2020,4,26,29.428188,-94.962507,https://www.inaturalist.org/observations/43750590,NA,NA,
Tripsacum dactyloides,Texas,2020-04-25 11:15:41,2020,4,25,29.554638,-98.529836,https://www.inaturalist.org/observations/43391539,NA,NA,
Tripsacum dactyloides,Texas,2020-04-25 11:28:23,2020,4,25,29.381962,-95.039508,https://www.inaturalist.org/observations/43361339,NA,NA,
Tripsacum dactyloides,Texas,2020-04-26 20:13:41,2020,4,26,32.846863,-96.703201,https://www.inaturalist.org/observations/43807108,NA,NA,
Tripsacum dactyloides,Texas,2020-04-27 10:16:11,2020,4,27,29.524449,-95.800014,https://www.inaturalist.org/observations/43906422,NA,NA,
Tripsacum dactyloides,Texas,2020-04-25T16:50:56Z,2020,4,25,30.212083,-95.264486,https://www.inaturalist.org/observations/43460528,NA,NA,
Tripsacum dactyloides,Texas,2020-04-24 7:42:06,2020,4,24,29.689497,-95.423487,https://www.inaturalist.org/observations/43064216,NA,NA,
Tripsacum dactyloides,Texas,2020-04-27 13:41,2020,4,27,29.764558,-95.457442,https://www.inaturalist.org/observations/44095603,NA,NA,
Tripsacum dactyloides,Texas,2020-04-27 10:19:25,2020,4,27,29.524189,-95.799997,https://www.inaturalist.org/observations/43907361,NA,NA,
Tripsacum dactyloides,Texas,2020-04-24 17:11:13,2020,4,24,29.998936,-95.711937,https://www.inaturalist.org/observations/43189250,NA,NA,
Tripsacum dactyloides,Texas,2020-04-18 9:23:02,2020,4,18,29.554673,-98.529509,https://www.inaturalist.org/observations/42517928,NA,NA,
Tripsacum dactyloides,Texas,2020-04-21 0:45,2020,4,21,33.161859,-96.616616,https://www.inaturalist.org/observations/42888522,NA,NA,
Tripsacum dactyloides,Texas,2016-11-03 14:14:31,2016,11,3,29.807574,-97.666646,https://www.inaturalist.org/observations/4488583,NA,NA,
Tripsacum dactyloides,Texas,2020-04-21 8:43,2020,4,21,30.348803,-97.741961,https://www.inaturalist.org/observations/42775487,NA,NA,
Tripsacum dactyloides,Texas,2020-04-17 11:03:20,2020,4,17,29.764958,-95.453516,https://www.inaturalist.org/observations/42489760,NA,NA,
Tripsacum dactyloides,Texas,2020-04-17 14:51,2020,4,17,30.497692,-98.818558,https://www.inaturalist.org/observations/42420406,NA,NA,
Tripsacum dactyloides,Texas,5/19/19,2019,5,19,29.690918,-98.444116,https://www.inaturalist.org/observations/42125027,NA,NA,
Tripsacum dactyloides,Texas,2019-04-21 10:59:04,2019,4,21,29.813171,-98.07743,https://www.inaturalist.org/observations/22824505,NA,NA,
Tripsacum dactyloides,Texas,2020-03-30 12:00:41,2020,3,30,29.788625,-95.49115,https://www.inaturalist.org/observations/41205836,NA,NA,
Tripsacum dactyloides,Texas,2020-03-25 8:57:55,2020,3,25,29.554762,-98.529743,https://www.inaturalist.org/observations/40694973,NA,NA,
Tripsacum dactyloides,Texas,2019-05-29 9:32:59,2019,5,29,29.750304,-95.083381,https://www.inaturalist.org/observations/25999055,NA,NA,
Tripsacum dactyloides,Texas,2018-04-27 18:42,2018,4,27,30.502158,-98.814072,https://www.inaturalist.org/observations/40529389,NA,NA,
Tripsacum dactyloides,Texas,2020-03-29 15:37:58,2020,3,29,30.253446,-97.738327,https://www.inaturalist.org/observations/40988278,NA,NA,
Tripsacum dactyloides,Texas,2020-03-21 8:46:03,2020,3,21,29.714577,-95.40162,https://www.inaturalist.org/observations/40366033,NA,NA,
Tripsacum dactyloides,Texas,2020-03-14 8:46:12,2020,3,14,30.085417,-96.640529,https://www.inaturalist.org/observations/39966031,NA,NA,
Tripsacum dactyloides,Texas,2019-06-02T14:27:43Z,2019,6,2,29.700305,-95.45184,https://www.inaturalist.org/observations/26273072,NA,NA,
Tripsacum dactyloides,Texas,2019-06-03 18:40,2019,6,3,29.048481,-95.475942,https://www.inaturalist.org/observations/26366667,NA,NA,
Tripsacum dactyloides,Texas,2019-07-10 19:39:12,2019,7,10,29.873042,-98.494527,https://www.inaturalist.org/observations/28597437,NA,NA,
Tripsacum dactyloides,Texas,2019-09-16 16:49:15,2019,9,16,32.433492,-99.691192,https://www.inaturalist.org/observations/32872272,NA,NA,
Tripsacum dactyloides,Texas,2016-11-06 16:12:57,2016,11,6,29.574083,-98.528942,https://www.inaturalist.org/observations/4508241,NA,NA,
Tripsacum dactyloides,Texas,2020-02-20 12:31,2020,2,20,29.666218,-98.57511,https://www.inaturalist.org/observations/38920291,NA,NA,
Tripsacum dactyloides,Texas,2019-08-19 10:56:50,2019,8,19,29.76279,-95.449499,https://www.inaturalist.org/observations/31132731,NA,NA,
Tripsacum dactyloides,Texas,2019-06-04 9:31:03,2019,6,4,30.239405,-98.911308,https://www.inaturalist.org/observations/26397069,NA,NA,
Tripsacum dactyloides,Texas,2019-06-09 11:30:50,2019,6,9,29.673008,-95.106408,https://www.inaturalist.org/observations/26744002,NA,NA,
Tripsacum dactyloides,Texas,2020-02-16 11:08:21,2020,2,16,29.55473,-98.530589,https://www.inaturalist.org/observations/38714825,NA,NA,
Tripsacum dactyloides,Texas,2020-02-15T11:41:44Z,2020,2,15,29.779918,-98.709454,https://www.inaturalist.org/observations/38675941,NA,NA,
Tripsacum dactyloides,Texas,2019-07-09 18:53:25,2019,7,9,29.783255,-98.70993,https://www.inaturalist.org/observations/28683099,NA,NA,
Tripsacum dactyloides,Texas,2019-07-20 7:30:06,2019,7,20,29.707395,-95.384966,https://www.inaturalist.org/observations/29166940,NA,NA,
Tripsacum dactyloides,Texas,2018-05-15 9:36,2018,5,15,30.502372,-98.813614,https://www.inaturalist.org/observations/33219995,NA,NA,
Tripsacum dactyloides,Texas,2019-05-22 9:01:22,2019,5,22,29.74531,-95.260094,https://www.inaturalist.org/observations/25558912,NA,NA,
Tripsacum dactyloides,Texas,2019-05-30 12:39:23,2019,5,30,33.551496,-97.255723,https://www.inaturalist.org/observations/26076370,NA,NA,
Tripsacum dactyloides,Texas,2019-06-27 9:35:38,2019,6,27,33.91231,-98.513543,https://www.inaturalist.org/observations/27814253,NA,NA,
Tripsacum dactyloides,Texas,2019-10-08 15:05,2019,10,8,29.699704,-95.451739,https://www.inaturalist.org/observations/34133575,NA,NA,
Tripsacum dactyloides,Texas,2020-01-28 17:03:46,2020,1,28,29.553109,-98.52912,https://www.inaturalist.org/observations/38072323,NA,NA,
Tripsacum dactyloides,Texas,2019-06-24 18:40,2019,6,24,33.0208,-96.87217,https://www.inaturalist.org/observations/27611550,NA,NA,
Tripsacum dactyloides,Texas,2018-04-26 12:17,2018,4,26,29.127487,-103.242538,https://www.inaturalist.org/observations/12334405,NA,NA,
Tripsacum dactyloides,Texas,2016-11-09 13:42:44,2016,11,9,29.355504,-95.984907,https://www.inaturalist.org/observations/4524243,NA,NA,
Tripsacum dactyloides,Texas,2019-09-06 17:53:10,2019,9,6,29.162631,-98.125733,https://www.inaturalist.org/observations/32242090,NA,NA,
Tripsacum dactyloides,Texas,2011-01-01 1:02,2011,1,1,29.794675,-94.95457,https://www.inaturalist.org/observations/36004207,NA,NA,
Tripsacum dactyloides,Texas,2019-11-24 15:59:32,2019,11,24,29.635617,-98.448598,https://www.inaturalist.org/observations/36043512,NA,NA,
Tripsacum dactyloides,Texas,2019-11-05 15:47,2019,11,5,29.162725,-98.125817,https://www.inaturalist.org/observations/35385335,NA,NA,
Tripsacum dactyloides,Texas,2013-06-15 19:30,2013,6,15,29.981233,-95.842637,https://www.inaturalist.org/observations/35020048,NA,NA,
Tripsacum dactyloides,Texas,2019-10-27 15:32,2019,10,27,30.224969,-98.931653,https://www.inaturalist.org/observations/34991263,NA,NA,
Tripsacum dactyloides,Texas,2019-10-23 16:36:17,2019,10,23,29.42421,-94.960079,https://www.inaturalist.org/observations/34806822,NA,NA,
Tripsacum dactyloides,Texas,2019-10-23 17:37:21,2019,10,23,30.741782,-99.227043,https://www.inaturalist.org/observations/34804948,NA,NA,
Tripsacum dactyloides,Texas,2019-10-20 16:29,2019,10,20,29.794649,-94.954554,https://www.inaturalist.org/observations/34676465,NA,NA,
Tripsacum dactyloides,Texas,2019-10-20 10:57:52,2019,10,20,32.666079,-96.480391,https://www.inaturalist.org/observations/34648074,NA,NA,
Tripsacum dactyloides,Texas,2019-10-18 10:44,2019,10,18,30.052539,-99.450858,https://www.inaturalist.org/observations/34674522,NA,NA,
Tripsacum dactyloides,Texas,2019-10-16 12:26:10,2019,10,16,32.812346,-98.043864,https://www.inaturalist.org/observations/34475336,NA,NA,
Tripsacum dactyloides,Texas,2019-10-14 19:01:55,2019,10,14,29.699461,-95.452082,https://www.inaturalist.org/observations/34386665,NA,NA,
Tripsacum dactyloides,Texas,2019-10-14 11:38:40,2019,10,14,29.699422,-95.451932,https://www.inaturalist.org/observations/34365672,NA,NA,
Tripsacum dactyloides,Texas,2019-10-12T11:12:41Z,2019,10,12,29.779145,-98.709081,https://www.inaturalist.org/observations/34254290,NA,NA,
Tripsacum dactyloides,Texas,2019-10-12T11:14:38Z,2019,10,12,29.779429,-98.709209,https://www.inaturalist.org/observations/34253714,NA,NA,
Tripsacum dactyloides,Texas,2019-10-06 10:41,2019,10,6,29.708473,-95.384224,https://www.inaturalist.org/observations/33964733,NA,NA,
Tripsacum dactyloides,Texas,2019-10-05T10:31:16Z,2019,10,5,29.554425,-98.529387,https://www.inaturalist.org/observations/33893492,NA,NA,
Tripsacum dactyloides,Texas,2019-10-04 19:05,2019,10,4,32.666468,-96.479221,https://www.inaturalist.org/observations/33875222,NA,NA,
Tripsacum dactyloides,Texas,2019-06-01 9:47,2019,6,1,33.258765,-97.063096,https://www.inaturalist.org/observations/26233585,NA,NA,
Tripsacum dactyloides,Texas,2018-05-15 10:06,2018,5,15,30.503139,-98.811622,https://www.inaturalist.org/observations/33219997,NA,NA,
Tripsacum dactyloides,Texas,2019-09-21 8:55,2019,9,21,33.057699,-96.67129,https://www.inaturalist.org/observations/33220377,NA,NA,
Tripsacum dactyloides,Texas,2019-09-16 14:56:54,2019,9,16,33.647663,-96.598937,https://www.inaturalist.org/observations/32852315,NA,NA,
Tripsacum dactyloides,Texas,2019-09-08 13:03,2019,9,8,33.057699,-96.67129,https://www.inaturalist.org/observations/32371019,NA,NA,
Tripsacum dactyloides,Texas,2019-09-01 15:30:11,2019,9,1,35.527953,-101.760413,https://www.inaturalist.org/observations/32030023,NA,NA,
Tripsacum dactyloides,Texas,2019-08-21 9:22,2019,8,21,30.418023,-97.759427,https://www.inaturalist.org/observations/31943602,NA,NA,
Tripsacum dactyloides,Texas,2019-08-22 13:00:21,2019,8,22,29.612399,-99.529266,https://www.inaturalist.org/observations/31316285,NA,NA,
Tripsacum dactyloides,Texas,2019-08-08 8:47,2019,8,8,29.991655,-95.031889,https://www.inaturalist.org/observations/30989476,NA,NA,
Tripsacum dactyloides,Texas,2019-08-01T15:30:14Z,2019,8,1,30.741821,-98.365508,https://www.inaturalist.org/observations/30001108,NA,NA,
Tripsacum dactyloides,Texas,2019-07-26 12:24:36,2019,7,26,29.554037,-98.529014,https://www.inaturalist.org/observations/29584005,NA,NA,
Tripsacum dactyloides,Texas,2013-09-18 10:23,2013,9,18,30.684061,-97.639893,https://www.inaturalist.org/observations/26033647,NA,NA,
Tripsacum dactyloides,Texas,2018-08-08 16:02:43,2018,8,8,32.731205,-99.286025,https://www.inaturalist.org/observations/29173655,NA,NA,
Tripsacum dactyloides,Texas,2019-05-28 15:49:06,2019,5,28,29.72183,-99.188245,https://www.inaturalist.org/observations/27674259,NA,NA,
Tripsacum dactyloides,Texas,2019-05-09 9:11:35,2019,5,9,29.860222,-95.159467,https://www.inaturalist.org/observations/24886968,NA,NA,
Tripsacum dactyloides,Texas,2019-06-14 10:01:50,2019,6,14,33.028298,-95.268828,https://www.inaturalist.org/observations/26967254,NA,NA,
Tripsacum dactyloides,Texas,2019-06-10 16:27:58,2019,6,10,30.038222,-99.138175,https://www.inaturalist.org/observations/26773938,NA,NA,
Tripsacum dactyloides,Texas,2017-06-22 8:48,2017,6,22,30.660913,-97.392876,https://www.inaturalist.org/observations/6947439,NA,NA,
Tripsacum dactyloides,Texas,2017-05-12 9:08,2017,5,12,33.700053,-95.650694,https://www.inaturalist.org/observations/6468854,NA,NA,
Tripsacum dactyloides,Texas,2017-05-20 7:02:23,2017,5,20,33.303537,-96.287459,https://www.inaturalist.org/observations/6300469,NA,NA,
Tripsacum dactyloides,Texas,2017-04-27 11:20:49,2017,4,27,32.753595,-96.849236,https://www.inaturalist.org/observations/5984134,NA,NA,
Tripsacum dactyloides,Texas,2017-04-17 12:19,2017,4,17,29.68326,-96.286172,https://www.inaturalist.org/observations/5828319,NA,NA,
Tripsacum dactyloides,Texas,2017-04-16 8:58,2017,4,16,33.04995,-96.855361,https://www.inaturalist.org/observations/5770380,NA,NA,
Tripsacum dactyloides,Texas,2016-07-23 10:13,2016,7,23,31.075138,-94.235787,https://www.inaturalist.org/observations/3743183,NA,NA,
Tripsacum dactyloides,Texas,2016-05-16 15:23:37,2016,5,16,33.416461,-97.859115,https://www.inaturalist.org/observations/3192043,NA,NA,
Tripsacum dactyloides,Texas,2019-06-06 10:23:22,2019,6,6,29.683729,-98.351198,https://www.inaturalist.org/observations/26496891,NA,NA,
Tripsacum dactyloides,Texas,2019-06-01 11:07,2019,6,1,30.310817,-97.593464,https://www.inaturalist.org/observations/26228546,NA,NA,
Tripsacum dactyloides,Texas,2019-05-29 13:12:09,2019,5,29,32.970377,-96.894357,https://www.inaturalist.org/observations/26012729,NA,NA,
Tripsacum dactyloides,Texas,2019-05-28 19:26:26,2019,5,28,30.241528,-97.698045,https://www.inaturalist.org/observations/26005680,NA,NA,
Tripsacum dactyloides,Texas,2019-05-29 9:53:53,2019,5,29,29.751463,-95.08634,https://www.inaturalist.org/observations/26000076,NA,NA,
Tripsacum dactyloides,Texas,2019-05-27 8:06:39,2019,5,27,30.626487,-97.662912,https://www.inaturalist.org/observations/25941862,NA,NA,
Tripsacum dactyloides,Texas,2019-05-27T15:41:23Z,2019,5,27,32.231984,-99.885744,https://www.inaturalist.org/observations/25903111,NA,NA,
Tripsacum dactyloides,Texas,2019-05-26 19:11:52,2019,5,26,30.245842,-97.710021,https://www.inaturalist.org/observations/25844744,NA,NA,
Tripsacum dactyloides,Texas,2019-05-25 10:38:08,2019,5,25,30.233783,-97.816949,https://www.inaturalist.org/observations/25738570,NA,NA,
Tripsacum dactyloides,Texas,2019-05-19 14:17:26,2019,5,19,30.49755,-98.818397,https://www.inaturalist.org/observations/25410696,NA,NA,
Tripsacum dactyloides,Texas,2019-05-19 14:32:04,2019,5,19,30.497622,-98.8181,https://www.inaturalist.org/observations/25410629,NA,NA,
Tripsacum dactyloides,Texas,2019-05-16 17:27,2019,5,16,30.498178,-98.817353,https://www.inaturalist.org/observations/25344192,NA,NA,
Tripsacum dactyloides,Texas,2019-05-18 9:37:16,2019,5,18,33.06363,-96.938185,https://www.inaturalist.org/observations/25315886,NA,NA,
Tripsacum dactyloides,Texas,2019-05-16 10:30:16,2019,5,16,33.440531,-97.557706,https://www.inaturalist.org/observations/25268927,NA,NA,
Tripsacum dactyloides,Texas,2019-05-16 16:24:03,2019,5,16,33.057111,-96.672203,https://www.inaturalist.org/observations/25262706,NA,NA,
Tripsacum dactyloides,Texas,2019-05-09 9:31:48,2019,5,9,29.85912,-95.15945,https://www.inaturalist.org/observations/24901291,NA,NA,
Tripsacum dactyloides,Texas,2019-05-06 15:05:23,2019,5,6,29.699157,-95.45242,https://www.inaturalist.org/observations/24686154,NA,NA,
Tripsacum dactyloides,Texas,2019-05-04T10:29:08Z,2019,5,4,33.273377,-96.296137,https://www.inaturalist.org/observations/24517186,NA,NA,
Tripsacum dactyloides,Texas,2019-05-04 9:53:03,2019,5,4,33.063797,-96.936764,https://www.inaturalist.org/observations/24512851,NA,NA,
Tripsacum dactyloides,Texas,2019-04-29 9:10:30,2019,4,29,33.317457,-95.603023,https://www.inaturalist.org/observations/23918888,NA,NA,
Tripsacum dactyloides,Texas,2019-04-27T10:09:39Z,2019,4,27,29.554716,-98.529816,https://www.inaturalist.org/observations/23507392,NA,NA,
Tripsacum dactyloides,Texas,2019-04-06 10:29:46,2019,4,6,29.699397,-95.451971,https://www.inaturalist.org/observations/22089118,NA,NA,
Tripsacum dactyloides,Texas,2018-10-12 16:48:55,2018,10,12,30.692805,-96.282748,https://www.inaturalist.org/observations/17447509,NA,NA,
Tripsacum dactyloides,Texas,2018-09-30 8:24,2018,9,30,30.339159,-97.89608,https://www.inaturalist.org/observations/17074596,NA,NA,
Tripsacum dactyloides,Texas,2018-08-03 9:54:59,2018,8,3,29.615527,-95.246166,https://www.inaturalist.org/observations/15385579,NA,NA,
Tripsacum dactyloides,Texas,2018-06-16 18:57:07,2018,6,16,33.239625,-95.150764,https://www.inaturalist.org/observations/15142567,NA,NA,
Tripsacum dactyloides,Texas,2018-07-04 11:53:10,2018,7,4,30.396125,-97.682205,https://www.inaturalist.org/observations/14081177,NA,NA,
Tripsacum dactyloides,Texas,2018-06-16 18:56:53,2018,6,16,29.817955,-99.570603,https://www.inaturalist.org/observations/13541312,NA,NA,
Tripsacum dactyloides,Texas,2018-05-26 20:17:07,2018,5,26,29.718201,-95.572634,https://www.inaturalist.org/observations/12846593,NA,NA,
Tripsacum dactyloides,Texas,2018-05-19 19:01:06,2018,5,19,29.728056,-95.596207,https://www.inaturalist.org/observations/12624602,NA,NA,
Tripsacum dactyloides,Texas,2018-05-12 9:50:31,2018,5,12,33.309703,-96.242986,https://www.inaturalist.org/observations/12380095,NA,NA,
Tripsacum dactyloides,Texas,2018-05-12 9:37:12,2018,5,12,33.309895,-96.242905,https://www.inaturalist.org/observations/12381200,NA,NA,
Tripsacum dactyloides,Texas,2018-05-10 19:43:45,2018,5,10,29.708649,-95.447531,https://www.inaturalist.org/observations/12341721,NA,NA,
Tripsacum dactyloides,Texas,2018-05-10 19:23:38,2018,5,10,29.707346,-95.447516,https://www.inaturalist.org/observations/12341458,NA,NA,
Tripsacum dactyloides,Texas,2018-05-05 10:21:43,2018,5,5,31.149489,-97.256044,https://www.inaturalist.org/observations/12164582,NA,NA,
Tripsacum dactyloides,Texas,2018-04-28 17:06:40,2018,4,28,30.292565,-97.71208,https://www.inaturalist.org/observations/11680050,NA,NA,
Tripsacum dactyloides,Texas,2018-04-28 10:36:27,2018,4,28,33.273622,-96.296197,https://www.inaturalist.org/observations/11617242,NA,NA,
Tripsacum dactyloides,Texas,2018-04-11 17:06:29,2018,4,11,30.025207,-95.287304,https://www.inaturalist.org/observations/11008630,NA,NA,
Tripsacum dactyloides,Texas,2019-05-18T12:03:34Z,2019,5,18,33.374775,-96.246887,https://www.inaturalist.org/observations/25546484,NA,NA,
Tripsacum dactyloides,Texas,2019-05-15 10:02,2019,5,15,33.052877,-96.673853,https://www.inaturalist.org/observations/25197698,NA,NA,
Tripsacum dactyloides,Texas,5/4/12,2012,5,4,32.247973,-97.817146,https://www.inaturalist.org/observations/1122981,NA,NA,
Tripsacum dactyloides,Texas,2019-05-12T17:43:22Z,2019,5,12,30.299796,-98.236291,https://www.inaturalist.org/observations/25190811,NA,NA,
Tripsacum dactyloides,Texas,2019-05-10 12:05:06,2019,5,10,32.613802,-96.996894,https://www.inaturalist.org/observations/24895942,NA,NA,
Tripsacum dactyloides,Texas,2019-05-09 9:30,2019,5,9,30.588621,-97.848195,https://www.inaturalist.org/observations/24851192,NA,NA,
Tripsacum dactyloides,Texas,2019-05-07 13:59:52,2019,5,7,30.331597,-97.747033,https://www.inaturalist.org/observations/24744655,NA,NA,
Tripsacum dactyloides,Texas,2019-05-06 11:43:16,2019,5,6,30.621817,-97.670005,https://www.inaturalist.org/observations/24736492,NA,NA,
Tripsacum dactyloides,Texas,2019-05-05 12:16:22,2019,5,5,29.165714,-95.347148,https://www.inaturalist.org/observations/24615598,NA,NA,
Tripsacum dactyloides,Texas,2019-05-05 12:14,2019,5,5,29.165494,-95.347089,https://www.inaturalist.org/observations/24610662,NA,NA,
Tripsacum dactyloides,Texas,2019-05-04 10:29:30,2019,5,4,33.273384,-96.296134,https://www.inaturalist.org/observations/24541732,NA,NA,
Tripsacum dactyloides,Texas,2019-05-04 11:21:43,2019,5,4,33.273792,-96.298536,https://www.inaturalist.org/observations/24537697,NA,NA,
Tripsacum dactyloides,Texas,2019-04-28 7:11,2019,4,28,30.316324,-97.592825,https://www.inaturalist.org/observations/24506062,NA,NA,
Tripsacum dactyloides,Texas,2019-04-29T12:18Z,2019,4,29,30.054456,-98.827697,https://www.inaturalist.org/observations/24478141,NA,NA,
Tripsacum dactyloides,Texas,2019-04-27 13:31,2019,4,27,32.662419,-97.223125,https://www.inaturalist.org/observations/24457910,NA,NA,
Tripsacum dactyloides,Texas,2019-05-02T19:14:19Z,2019,5,2,31.56477,-98.599442,https://www.inaturalist.org/observations/24414692,NA,NA,
Tripsacum dactyloides,Texas,2019-04-26 19:46,2019,4,26,30.287239,-95.657863,https://www.inaturalist.org/observations/24418108,NA,NA,
Tripsacum dactyloides,Texas,2019-04-27T10:10:04Z,2019,4,27,29.554802,-98.529779,https://www.inaturalist.org/observations/23532669,NA,NA,
Tripsacum dactyloides,Texas,2019-04-26 10:10,2019,4,26,29.765012,-95.453608,https://www.inaturalist.org/observations/23229490,NA,NA,
Tripsacum dactyloides,Texas,2019-04-26 10:43,2019,4,26,29.762331,-95.449598,https://www.inaturalist.org/observations/23231476,NA,NA,
Tripsacum dactyloides,Texas,2019-04-29 12:10,2019,4,29,29.794773,-94.95446,https://www.inaturalist.org/observations/24400768,NA,NA,
Tripsacum dactyloides,Texas,2019-04-27 10:19,2019,4,27,29.742725,-95.399191,https://www.inaturalist.org/observations/24114771,NA,NA,
Tripsacum dactyloides,Texas,2019-04-29 9:30:25,2019,4,29,29.380262,-95.60805,https://www.inaturalist.org/observations/24069382,NA,NA,
Tripsacum dactyloides,Texas,2019-04-29T08:45:32Z,2019,4,29,29.790328,-98.500524,https://www.inaturalist.org/observations/24029624,NA,NA,
Tripsacum dactyloides,Texas,2019-04-28 13:01,2019,4,28,29.857924,-95.161943,https://www.inaturalist.org/observations/23857094,NA,NA,
Tripsacum dactyloides,Texas,2019-04-27 11:35,2019,4,27,29.699578,-95.451702,https://www.inaturalist.org/observations/23828840,NA,NA,
Tripsacum dactyloides,Texas,2019-04-28 14:02:18,2019,4,28,32.845868,-97.484,https://www.inaturalist.org/observations/23744312,NA,NA,
Tripsacum dactyloides,Texas,2019-04-28 14:54:55,2019,4,28,29.562207,-94.390277,https://www.inaturalist.org/observations/23719109,NA,NA,
Tripsacum dactyloides,Texas,2019-04-28T08:49:04Z,2019,4,28,30.395075,-97.764192,https://www.inaturalist.org/observations/23671891,NA,NA,
Tripsacum dactyloides,Texas,2019-04-27 10:08:36,2019,4,27,29.554757,-98.529806,https://www.inaturalist.org/observations/23411577,NA,NA,
Tripsacum dactyloides,Texas,2019-04-27 11:35:25,2019,4,27,29.615141,-95.247349,https://www.inaturalist.org/observations/23402516,NA,NA,
Tripsacum dactyloides,Texas,2019-04-26 14:15,2019,4,26,29.390962,-98.498247,https://www.inaturalist.org/observations/23308908,NA,NA,
Tripsacum dactyloides,Texas,2019-04-26 13:11,2019,4,26,29.765003,-95.4534,https://www.inaturalist.org/observations/23240973,NA,NA,
Tripsacum dactyloides,Texas,2019-04-26 13:51:10,2019,4,26,29.615711,-98.630684,https://www.inaturalist.org/observations/23215935,NA,NA,
Tripsacum dactyloides,Texas,2019-04-26 8:28:06,2019,4,26,29.76648,-95.452728,https://www.inaturalist.org/observations/23131656,NA,NA,
Tripsacum dactyloides,Texas,2019-04-26 8:16:26,2019,4,26,29.689608,-95.42355,https://www.inaturalist.org/observations/23126385,NA,NA,
Tripsacum dactyloides,Texas,2018-10-21 12:43:53,2018,10,21,29.311773,-98.500324,https://www.inaturalist.org/observations/17729241,NA,NA,
Tripsacum dactyloides,Texas,2018-10-06 11:34:29,2018,10,6,32.741772,-97.362642,https://www.inaturalist.org/observations/17572656,NA,NA,
Tripsacum dactyloides,Texas,2018-05-17 11:48:12,2018,5,17,33.440666,-97.55787,https://www.inaturalist.org/observations/12578992,NA,NA,
Tripsacum dactyloides,Texas,2018-05-17 10:52:02,2018,5,17,33.438816,-97.55468,https://www.inaturalist.org/observations/12578955,NA,NA,
Tripsacum dactyloides,Texas,2019-04-16 14:25:49,2019,4,16,28.963993,-95.469848,https://www.inaturalist.org/observations/22571352,NA,NA,
Tripsacum dactyloides,Texas,2019-03-28 9:08:38,2019,3,28,30.088654,-96.512653,https://www.inaturalist.org/observations/21701011,NA,NA,
Tripsacum dactyloides,Texas,2018-06-07 8:55:13,2018,6,7,30.629208,-96.322512,https://www.inaturalist.org/observations/13209277,NA,NA,
Tripsacum dactyloides,Texas,2014-10-22 14:26,2014,10,22,29.046442,-95.475116,https://www.inaturalist.org/observations/20914319,NA,NA,
Tripsacum dactyloides,Texas,2018-07-09 17:23,2018,7,9,30.253704,-97.735203,https://www.inaturalist.org/observations/14219741,NA,NA,
Tripsacum dactyloides,Texas,2018-04-29 21:14,2018,4,29,29.70747,-95.384181,https://www.inaturalist.org/observations/11834099,NA,NA,
Tripsacum dactyloides,Texas,2015-09-19 7:52,2015,9,19,29.046374,-95.475739,https://www.inaturalist.org/observations/20838712,NA,NA,
Tripsacum dactyloides,Texas,2015-05-04 10:14,2015,5,4,29.273492,-103.337125,https://www.inaturalist.org/observations/20760761,NA,NA,
Tripsacum dactyloides,Texas,2017-05-14 15:45,2017,5,14,32.147493,-95.830227,https://www.inaturalist.org/observations/6241714,NA,NA,
Tripsacum dactyloides,Texas,2019-02-07 11:29:19,2019,2,7,33.204966,-95.911213,https://www.inaturalist.org/observations/20191946,NA,NA,
Tripsacum dactyloides,Texas,2015-10-09 9:54:38,2015,10,9,29.777395,-98.709146,https://www.inaturalist.org/observations/2089873,NA,NA,
Tripsacum dactyloides,Texas,2018-05-12 8:50,2018,5,12,33.309123,-96.2436,https://www.inaturalist.org/observations/12400870,NA,NA,
Tripsacum dactyloides,Texas,2018-11-25 15:57:49,2018,11,25,29.707613,-95.385063,https://www.inaturalist.org/observations/18634312,NA,NA,
Tripsacum dactyloides,Texas,2018-11-23 14:11,2018,11,23,29.211036,-98.317539,https://www.inaturalist.org/observations/18631037,NA,NA,
Tripsacum dactyloides,Texas,2018-11-11 9:58:28,2018,11,11,32.753875,-96.84842,https://www.inaturalist.org/observations/18366732,NA,NA,
Tripsacum dactyloides,Texas,2018-11-10 10:26:57,2018,11,10,29.69955,-95.45198,https://www.inaturalist.org/observations/18321535,NA,NA,
Tripsacum dactyloides,Texas,2018-11-01 12:03,2018,11,1,29.555667,-98.526627,https://www.inaturalist.org/observations/18284596,NA,NA,
Tripsacum dactyloides,Texas,2018-09-17 13:52:07,2018,9,17,29.771044,-96.038272,https://www.inaturalist.org/observations/16634906,NA,NA,
Tripsacum dactyloides,Texas,2018-10-23 11:44:16,2018,10,23,33.312657,-95.604691,https://www.inaturalist.org/observations/17772584,NA,NA,
Tripsacum dactyloides,Texas,2018-10-20 13:20:49,2018,10,20,32.891463,-96.747995,https://www.inaturalist.org/observations/17763866,NA,NA,
Tripsacum dactyloides,Texas,2018-10-20 13:59,2018,10,20,32.892918,-96.747748,https://www.inaturalist.org/observations/17727279,NA,NA,
Tripsacum dactyloides,Texas,2018-10-20 13:21:19,2018,10,20,32.891425,-96.747938,https://www.inaturalist.org/observations/17701485,NA,NA,
Tripsacum dactyloides,Texas,2018-10-20 14:15:26,2018,10,20,32.893392,-96.748246,https://www.inaturalist.org/observations/17688696,NA,NA,
Tripsacum dactyloides,Texas,2018-10-08 12:19:22,2018,10,8,29.784107,-98.709251,https://www.inaturalist.org/observations/17350159,NA,NA,
Tripsacum dactyloides,Texas,2018-10-08 14:20,2018,10,8,32.759464,-97.139725,https://www.inaturalist.org/observations/17343567,NA,NA,
Tripsacum dactyloides,Texas,2018-10-06 12:06,2018,10,6,30.090558,-97.936747,https://www.inaturalist.org/observations/17331538,NA,NA,
Tripsacum dactyloides,Texas,2018-10-06 11:38:19,2018,10,6,32.741688,-97.362703,https://www.inaturalist.org/observations/17256381,NA,NA,
Tripsacum dactyloides,Texas,2018-08-03 14:29:01,2018,8,3,29.446575,-95.732071,https://www.inaturalist.org/observations/15081526,NA,NA,
Tripsacum dactyloides,Texas,2018-07-23 16:31:19,2018,7,23,29.352686,-94.96933,https://www.inaturalist.org/observations/14667215,NA,NA,
Tripsacum dactyloides,Texas,2018-07-12 13:43,2018,7,12,30.366017,-97.786014,https://www.inaturalist.org/observations/14317300,NA,NA,
Tripsacum dactyloides,Texas,2017-04-22 15:13,2017,4,22,30.140711,-97.458998,https://www.inaturalist.org/observations/5935937,NA,NA,
Tripsacum dactyloides,Texas,2017-04-17 17:05:13,2017,4,17,30.266208,-97.713223,https://www.inaturalist.org/observations/5801673,NA,NA,
Tripsacum dactyloides,Texas,2017-04-17 13:00:04,2017,4,17,30.211729,-97.701442,https://www.inaturalist.org/observations/5793286,NA,NA,
Tripsacum dactyloides,Texas,2018-07-04 19:56:44,2018,7,4,29.779467,-95.624122,https://www.inaturalist.org/observations/14061318,NA,NA,
Tripsacum dactyloides,Texas,2018-06-29 17:06,2018,6,29,30.56336,-95.636414,https://www.inaturalist.org/observations/13956758,NA,NA,
Tripsacum dactyloides,Texas,2018-06-30 10:35:56,2018,6,30,30.395262,-97.682128,https://www.inaturalist.org/observations/13932265,NA,NA,
Tripsacum dactyloides,Texas,2018-06-23 11:13:32,2018,6,23,30.561953,-96.200883,https://www.inaturalist.org/observations/13709782,NA,NA,
Tripsacum dactyloides,Texas,2018-06-20 19:41:55,2018,6,20,32.710904,-96.738784,https://www.inaturalist.org/observations/13625976,NA,NA,
Tripsacum dactyloides,Texas,2018-06-09 10:07,2018,6,9,35.938244,-100.361224,https://www.inaturalist.org/observations/13505536,NA,NA,
Tripsacum dactyloides,Texas,2018-06-11 10:06,2018,6,11,33.779703,-95.599787,https://www.inaturalist.org/observations/13471952,NA,NA,
Tripsacum dactyloides,Texas,2018-05-19 9:47:42,2018,5,19,30.15532,-97.882829,https://www.inaturalist.org/observations/12610721,NA,NA,
Tripsacum dactyloides,Texas,2018-05-16 13:07:19,2018,5,16,30.37873,-97.781492,https://www.inaturalist.org/observations/12518935,NA,NA,
Tripsacum dactyloides,Texas,2018-05-02 11:09,2018,5,2,30.288852,-98.312709,https://www.inaturalist.org/observations/13400954,NA,NA,
Tripsacum dactyloides,Texas,2018-06-08 15:47,2018,6,8,32.235686,-99.876971,https://www.inaturalist.org/observations/13377836,NA,NA,
Tripsacum dactyloides,Texas,2018-06-08 9:30:14,2018,6,8,33.312333,-95.606601,https://www.inaturalist.org/observations/13232188,NA,NA,
Tripsacum dactyloides,Texas,2018-06-04 13:01:11,2018,6,4,32.705082,-96.704825,https://www.inaturalist.org/observations/13141469,NA,NA,
Tripsacum dactyloides,Texas,2018-05-29 7:10:24,2018,5,29,32.759478,-97.139484,https://www.inaturalist.org/observations/12929226,NA,NA,
Tripsacum dactyloides,Texas,2018-04-18 9:43:55,2018,4,18,30.055038,-98.241049,https://www.inaturalist.org/observations/11390754,NA,NA,
Tripsacum dactyloides,Texas,2018-05-24 14:19,2018,5,24,32.661632,-97.222862,https://www.inaturalist.org/observations/12792292,NA,NA,
Tripsacum dactyloides,Texas,2018-05-24 11:30:27,2018,5,24,32.609338,-96.992059,https://www.inaturalist.org/observations/12772826,NA,NA,
Tripsacum dactyloides,Texas,2018-05-23 7:17:31,2018,5,23,30.239333,-98.912414,https://www.inaturalist.org/observations/12754483,NA,NA,
Tripsacum dactyloides,Texas,2018-05-22 8:39,2018,5,22,32.619846,-97.187758,https://www.inaturalist.org/observations/12747760,NA,NA,
Tripsacum dactyloides,Texas,2018-05-20 10:19:22,2018,5,20,29.553692,-98.528952,https://www.inaturalist.org/observations/12640775,NA,NA,
Tripsacum dactyloides,Texas,2018-05-19 11:02:57,2018,5,19,30.693987,-97.658433,https://www.inaturalist.org/observations/12622520,NA,NA,
Tripsacum dactyloides,Texas,2018-05-19 15:45:16,2018,5,19,30.498005,-98.817537,https://www.inaturalist.org/observations/12621012,NA,NA,
Tripsacum dactyloides,Texas,2018-05-18 12:33:23,2018,5,18,29.561542,-98.524095,https://www.inaturalist.org/observations/12595968,NA,NA,
Tripsacum dactyloides,Texas,2018-05-12 8:35,2018,5,12,32.892445,-96.747233,https://www.inaturalist.org/observations/12427351,NA,NA,
Tripsacum dactyloides,Texas,2018-05-11 7:19,2018,5,11,32.862305,-96.719856,https://www.inaturalist.org/observations/12426785,NA,NA,
Tripsacum dactyloides,Texas,2018-04-25 14:48,2018,4,25,29.353769,-98.467758,https://www.inaturalist.org/observations/12302737,NA,NA,
Tripsacum dactyloides,Texas,2018-05-05 10:21:55,2018,5,5,31.149473,-97.256005,https://www.inaturalist.org/observations/12165473,NA,NA,
Tripsacum dactyloides,Texas,2018-05-01 12:34:19,2018,5,1,32.758319,-96.98219,https://www.inaturalist.org/observations/12114436,NA,NA,
Tripsacum dactyloides,Texas,2018-05-03 12:38:25,2018,5,3,29.616206,-98.630506,https://www.inaturalist.org/observations/12097134,NA,NA,
Tripsacum dactyloides,Texas,2018-04-28 18:24,2018,4,28,29.585339,-95.004444,https://www.inaturalist.org/observations/12072470,NA,NA,
Tripsacum dactyloides,Texas,2018-04-27 19:09,2018,4,27,33.057019,-96.671448,https://www.inaturalist.org/observations/12046776,NA,NA,
Tripsacum dactyloides,Texas,2018-04-27 19:11,2018,4,27,33.057019,-96.671448,https://www.inaturalist.org/observations/12046782,NA,NA,
Tripsacum dactyloides,Texas,2018-04-30 13:28,2018,4,30,29.762332,-95.449669,https://www.inaturalist.org/observations/11969501,NA,NA,
Tripsacum dactyloides,Texas,2018-04-30 16:53:44,2018,4,30,29.56348,-98.525552,https://www.inaturalist.org/observations/11943716,NA,NA,
Tripsacum dactyloides,Texas,2018-04-30 14:35:47,2018,4,30,29.523674,-95.80102,https://www.inaturalist.org/observations/11910013,NA,NA,
Tripsacum dactyloides,Texas,2018-04-30 9:16:25,2018,4,30,29.454017,-94.956178,https://www.inaturalist.org/observations/11893712,NA,NA,
Tripsacum dactyloides,Texas,2018-04-30 9:19:17,2018,4,30,29.4538,-94.956147,https://www.inaturalist.org/observations/11893620,NA,NA,
Tripsacum dactyloides,Texas,2018-04-29 16:09:48,2018,4,29,32.846305,-97.48379,https://www.inaturalist.org/observations/11877940,NA,NA,
Tripsacum dactyloides,Texas,2018-04-27 15:17,2018,4,27,32.661633,-97.223157,https://www.inaturalist.org/observations/11846480,NA,NA,
Tripsacum dactyloides,Texas,2018-04-28 17:54:56,2018,4,28,29.7075,-95.384895,https://www.inaturalist.org/observations/11822937,NA,NA,
Tripsacum dactyloides,Texas,2018-04-29 15:51:05,2018,4,29,29.533938,-98.756048,https://www.inaturalist.org/observations/11813149,NA,NA,
Tripsacum dactyloides,Texas,2018-04-27 14:17,2018,4,27,29.588842,-95.071076,https://www.inaturalist.org/observations/11751083,NA,NA,
Tripsacum dactyloides,Texas,2018-04-27 14:55:43,2018,4,27,29.392282,-98.496198,https://www.inaturalist.org/observations/11729173,NA,NA,
Tripsacum dactyloides,Texas,2018-04-28 16:23:17,2018,4,28,32.8464,-97.482605,https://www.inaturalist.org/observations/11691738,NA,NA,
Tripsacum dactyloides,Texas,2018-04-27 15:41:49,2018,4,27,30.284903,-97.700752,https://www.inaturalist.org/observations/11684749,NA,NA,
Tripsacum dactyloides,Texas,2018-04-27 19:50:10,2018,4,27,29.984989,-95.93189,https://www.inaturalist.org/observations/11590973,NA,NA,
Tripsacum dactyloides,Texas,2018-04-27 16:01,2018,4,27,29.424647,-94.96007,https://www.inaturalist.org/observations/11567494,NA,NA,
Tripsacum dactyloides,Texas,2018-04-27 19:57:10,2018,4,27,30.348817,-97.742173,https://www.inaturalist.org/observations/11560273,NA,NA,
Tripsacum dactyloides,Texas,2018-04-27 11:12:45,2018,4,27,29.926313,-95.923916,https://www.inaturalist.org/observations/11505440,NA,NA,
Tripsacum dactyloides,Texas,2018-04-26 15:06:19,2018,4,26,33.316738,-95.603579,https://www.inaturalist.org/observations/11459898,NA,NA,
Tripsacum dactyloides,Texas,2018-04-25 10:53:27,2018,4,25,29.391876,-98.496879,https://www.inaturalist.org/observations/11436514,NA,NA,
Tripsacum dactyloides,Texas,2018-04-17 9:11,2018,4,17,29.699362,-95.451828,https://www.inaturalist.org/observations/11251853,NA,NA,
Tripsacum dactyloides,Texas,2017-04-13 19:10:55,2017,4,13,29.374777,-95.593747,https://www.inaturalist.org/observations/5681081,NA,NA,
Tripsacum dactyloides,Texas,2018-01-27 17:38:46,2018,1,27,29.490211,-98.715797,https://www.inaturalist.org/observations/9638371,NA,NA,
Tripsacum dactyloides,Texas,12/23/17,2017,12,23,29.544083,-98.549285,https://www.inaturalist.org/observations/9275674,NA,NA,
Tripsacum dactyloides,Texas,2017-12-14 15:23,2017,12,14,29.757317,-99.408181,https://www.inaturalist.org/observations/9213071,NA,NA,
Tripsacum dactyloides,Texas,2007-05-22 12:50,2007,5,22,30.521833,-98.016264,https://www.inaturalist.org/observations/9001301,NA,NA,
Tripsacum dactyloides,Texas,2017-11-17 12:48,2017,11,17,30.196647,-97.88185,https://www.inaturalist.org/observations/8840228,NA,NA,
Tripsacum dactyloides,Texas,2017-11-09 12:10,2017,11,9,30.326027,-97.183857,https://www.inaturalist.org/observations/8743473,NA,NA,
Tripsacum dactyloides,Texas,2017-10-12 13:34,2017,10,12,30.417972,-97.758536,https://www.inaturalist.org/observations/8394030,NA,NA,
Tripsacum dactyloides,Texas,2017-10-01 12:39,2017,10,1,30.748567,-98.358825,https://www.inaturalist.org/observations/8276248,NA,NA,
Tripsacum dactyloides,Texas,2017-09-03 9:06,2017,9,3,29.567184,-98.763785,https://www.inaturalist.org/observations/7772295,NA,NA,
Tripsacum dactyloides,Texas,2017-05-27 9:53,2017,5,27,30.378954,-97.777702,https://www.inaturalist.org/observations/7173217,NA,NA,
Tripsacum dactyloides,Texas,2017-07-11 8:16:48,2017,7,11,30.819953,-99.223874,https://www.inaturalist.org/observations/7011638,NA,NA,
Tripsacum dactyloides,Texas,2017-07-08 10:44,2017,7,8,31.911845,-95.8976,https://www.inaturalist.org/observations/6985166,NA,NA,
Tripsacum dactyloides,Texas,7/8/17,2017,7,8,31.911791,-95.897453,https://www.inaturalist.org/observations/6981621,NA,NA,
Tripsacum dactyloides,Texas,2017-07-08 10:43,2017,7,8,31.930624,-95.891071,https://www.inaturalist.org/observations/6979887,NA,NA,
Tripsacum dactyloides,Texas,2017-05-07 11:57,2017,5,7,29.253347,-95.598194,https://www.inaturalist.org/observations/6922600,NA,NA,
Tripsacum dactyloides,Texas,2017-04-19 19:58,2017,4,19,30.230817,-97.885695,https://www.inaturalist.org/observations/5866240,NA,NA,
Tripsacum dactyloides,Texas,6/24/17,2017,6,24,29.678035,-95.447077,https://www.inaturalist.org/observations/6787125,NA,NA,
Tripsacum dactyloides,Texas,2017-06-20 7:28:06,2017,6,20,30.239124,-98.911144,https://www.inaturalist.org/observations/6735069,NA,NA,
Tripsacum dactyloides,Texas,5/20/17,2017,5,20,33.201924,-96.135864,https://www.inaturalist.org/observations/6414232,NA,NA,
Tripsacum dactyloides,Texas,2017-05-28 17:27:47,2017,5,28,29.702863,-95.428931,https://www.inaturalist.org/observations/6407260,NA,NA,
Tripsacum dactyloides,Texas,2017-04-18 15:42,2017,4,18,29.671195,-95.108685,https://www.inaturalist.org/observations/5900142,NA,NA,
Tripsacum dactyloides,Texas,2017-04-18 7:46,2017,4,18,32.624564,-97.184349,https://www.inaturalist.org/observations/5899977,NA,NA,
Tripsacum dactyloides,Texas,2017-04-12 10:35:19,2017,4,12,29.747129,-95.083654,https://www.inaturalist.org/observations/5893403,NA,NA,
Tripsacum dactyloides,Texas,2017-04-15 15:42,2017,4,15,29.978773,-95.84588,https://www.inaturalist.org/observations/5876956,NA,NA,
Tripsacum dactyloides,Texas,2017-04-15 18:24,2017,4,15,29.795027,-94.953804,https://www.inaturalist.org/observations/5854575,NA,NA,
Tripsacum dactyloides,Texas,2017-04-18 15:48,2017,4,18,29.763402,-95.376372,https://www.inaturalist.org/observations/5831584,NA,NA,
Tripsacum dactyloides,Texas,2017-04-18 10:58:19,2017,4,18,29.763082,-95.382295,https://www.inaturalist.org/observations/5829928,NA,NA,
Tripsacum dactyloides,Texas,2017-04-17 15:13,2017,4,17,30.139463,-97.458944,https://www.inaturalist.org/observations/5816475,NA,NA,
Tripsacum dactyloides,Texas,2017-04-16 18:00,2017,4,16,29.738859,-95.400626,https://www.inaturalist.org/observations/5788986,NA,NA,
Tripsacum dactyloides,Texas,2017-04-14 15:12,2017,4,14,29.675441,-94.402771,https://www.inaturalist.org/observations/5779561,NA,NA,
Tripsacum dactyloides,Texas,2017-04-15 15:00:33,2017,4,15,29.859317,-95.161948,https://www.inaturalist.org/observations/5742947,NA,NA,
Tripsacum dactyloides,Texas,2017-04-14 10:45:25,2017,4,14,29.355624,-95.611705,https://www.inaturalist.org/observations/5707606,NA,NA,
Tripsacum dactyloides,Texas,2017-04-14 8:06:36,2017,4,14,29.689529,-95.423555,https://www.inaturalist.org/observations/5686113,NA,NA,
Tripsacum dactyloides,Texas,2017-04-08 11:00:01,2017,4,8,33.063521,-96.93864,https://www.inaturalist.org/observations/5637779,NA,NA,
Tripsacum dactyloides,Texas,2017-04-08 12:57:41,2017,4,8,29.978873,-95.846936,https://www.inaturalist.org/observations/5612742,NA,NA,
Tripsacum dactyloides,Texas,2017-04-01 12:56:33,2017,4,1,33.064457,-96.935617,https://www.inaturalist.org/observations/5529540,NA,NA,
Tripsacum dactyloides,Texas,2014-07-30 16:01:51,2014,7,30,33.056762,-96.67328,https://www.inaturalist.org/observations/809537,NA,NA,
Tripsacum dactyloides,Texas,2016-12-25 15:52:31,2016,12,25,30.37781,-97.686313,https://www.inaturalist.org/observations/4845221,NA,NA,
Tripsacum dactyloides,Texas,2016-11-10 13:30,2016,11,10,29.656803,-99.278888,https://www.inaturalist.org/observations/4527213,NA,NA,
Tripsacum dactyloides,Texas,2012-07-12 19:00:28,2012,7,12,31.527856,-95.882307,https://www.inaturalist.org/observations/320116,NA,NA,
Tripsacum dactyloides,Texas,2015-08-01 12:42:36,2015,8,1,33.133811,-97.289463,https://www.inaturalist.org/observations/1822524,NA,NA,
Tripsacum dactyloides,Texas,2015-05-23 10:51:54,2015,5,23,32.730465,-96.721031,https://www.inaturalist.org/observations/1530926,NA,NA,
Tripsacum dactyloides,Texas,2016-08-15 19:38,2016,8,15,33.705453,-97.049239,https://www.inaturalist.org/observations/4287352,NA,NA,
Tripsacum dactyloides,Texas,9/21/16,2016,9,21,30.061076,-99.469731,https://www.inaturalist.org/observations/4185760,NA,NA,
Tripsacum dactyloides,Texas,8/14/16,2016,8,14,29.715801,-98.141924,https://www.inaturalist.org/observations/4154327,NA,NA,
Tripsacum dactyloides,Texas,9/12/16,2016,9,12,32.948221,-96.684715,https://www.inaturalist.org/observations/4098610,NA,NA,
Tripsacum dactyloides,Texas,2016-09-02 12:07,2016,9,2,30.090641,-98.401172,https://www.inaturalist.org/observations/4020285,NA,NA,
Tripsacum dactyloides,Texas,2016-08-26 9:50,2016,8,26,32.824097,-97.459735,https://www.inaturalist.org/observations/3970541,NA,NA,
Tripsacum dactyloides,Texas,6/7/14,2014,6,7,30.309665,-97.818997,https://www.inaturalist.org/observations/722692,NA,NA,
Tripsacum dactyloides,Texas,2016-07-26 8:27,2016,7,26,29.938582,-95.462115,https://www.inaturalist.org/observations/3749697,NA,NA,
Tripsacum dactyloides,Texas,2016-07-15 7:30,2016,7,15,29.931693,-95.229889,https://www.inaturalist.org/observations/3683097,NA,NA,
Tripsacum dactyloides,Texas,2016-07-10 10:44,2016,7,10,30.545039,-94.424336,https://www.inaturalist.org/observations/3657234,NA,NA,
Tripsacum dactyloides,Texas,2016-06-10 19:37:42,2016,6,10,35.886592,-100.181513,https://www.inaturalist.org/observations/3510436,NA,NA,
Tripsacum dactyloides,Texas,6/21/16,2016,6,21,29.554299,-98.52916,https://www.inaturalist.org/observations/3512158,NA,NA,
Tripsacum dactyloides,Texas,6/16/16,2016,6,16,32.790572,-97.100419,https://www.inaturalist.org/observations/3469572,NA,NA,
Tripsacum dactyloides,Texas,2016-06-06 11:05:53,2016,6,6,32.609031,-96.991826,https://www.inaturalist.org/observations/3394665,NA,NA,
Tripsacum dactyloides,Texas,5/30/16,2016,5,30,32.759248,-97.139957,https://www.inaturalist.org/observations/3352192,NA,NA,
Tripsacum dactyloides,Texas,5/21/16,2016,5,21,29.589272,-95.069493,https://www.inaturalist.org/observations/3275441,NA,NA,
Tripsacum dactyloides,Texas,2015-05-28 16:30:11,2015,5,28,30.275117,-96.241929,https://www.inaturalist.org/observations/1558139,NA,NA,
Tripsacum dactyloides,Texas,2016-05-21 12:15:48,2016,5,21,33.311273,-96.243398,https://www.inaturalist.org/observations/3263855,NA,NA,
Tripsacum dactyloides,Texas,5/6/16,2016,5,6,33.064876,-96.977141,https://www.inaturalist.org/observations/3145997,NA,NA,
Tripsacum dactyloides,Texas,5/6/16,2016,5,6,29.388932,-95.0413,https://www.inaturalist.org/observations/3115520,NA,NA,
Tripsacum dactyloides,Texas,4/29/16,2016,4,29,32.616647,-96.981064,https://www.inaturalist.org/observations/3059708,NA,NA,
Tripsacum dactyloides,Texas,4/26/16,2016,4,26,29.654344,-95.458059,https://www.inaturalist.org/observations/3042300,NA,NA,
Tripsacum dactyloides,Texas,4/11/16,2016,4,11,29.930447,-95.224063,https://www.inaturalist.org/observations/2928138,NA,NA,
Tripsacum dactyloides,Texas,4/10/16,2016,4,10,30.254953,-94.678738,https://www.inaturalist.org/observations/2916554,NA,NA,
Tripsacum dactyloides,Texas,2015-11-14 15:31:53,2015,11,14,30.23801,-96.138268,https://www.inaturalist.org/observations/2428413,NA,NA,
Tripsacum dactyloides,Texas,2015-10-10 11:42:26,2015,10,10,29.779628,-98.709275,https://www.inaturalist.org/observations/2095188,NA,NA,
Tripsacum dactyloides,Texas,2015-10-10 11:42:21,2015,10,10,29.779765,-98.70946,https://www.inaturalist.org/observations/2093144,NA,NA,
Tripsacum dactyloides,Texas,10/7/15,2015,10,7,33.057125,-96.672405,https://www.inaturalist.org/observations/2084217,NA,NA,
Tripsacum dactyloides,Texas,10/6/15,2015,10,6,30.180646,-97.72232,https://www.inaturalist.org/observations/2081846,NA,NA,
Tripsacum dactyloides,Texas,2015-08-08 14:11:06,2015,8,8,32.758835,-97.139193,https://www.inaturalist.org/observations/1844274,NA,NA,
Tripsacum dactyloides,Texas,7/18/15,2015,7,18,29.92723,-95.921695,https://www.inaturalist.org/observations/1782656,NA,NA,
Tripsacum dactyloides,Texas,5/9/15,2015,5,9,29.68326,-96.286172,https://www.inaturalist.org/observations/1471807,NA,NA,
Tripsacum dactyloides,Texas,5/2/15,2015,5,2,29.547216,-98.552223,https://www.inaturalist.org/observations/1456927,NA,NA,
Tripsacum dactyloides,Texas,7/21/14,2014,7,21,28.106433,-97.409763,https://www.inaturalist.org/observations/818253,NA,NA,
Tripsacum dactyloides,Texas,2023-05-29 9:25,2023,5,29,29.765183,-95.452082,https://www.inaturalist.org/observations/327518793,NA,NA,
Tripsacum dactyloides,Texas,2025-06-20 19:44:34,2025,6,20,30.3121,-97.649597,https://www.inaturalist.org/observations/291357763,NA,NA,
Tripsacum dactyloides,Texas,2023-10-13 11:33:33,2023,10,13,29.779254,-98.710145,https://www.inaturalist.org/observations/188333701,NA,NA,
Tripsacum dactyloides,Texas,2025-05-01 11:58:46,2025,5,1,29.745169,-98.491109,https://www.inaturalist.org/observations/277464480,NA,NA,
Tripsacum dactyloides,Texas,2025-06-07 10:35:18,2025,6,7,35.494087,-100.423058,https://www.inaturalist.org/observations/287601909,NA,NA,
Tripsacum dactyloides,Texas,2025-04-26 17:20:40,2025,4,26,33.057177,-96.67259,https://www.inaturalist.org/observations/274276285,NA,NA,
Tripsacum dactyloides,Texas,2025-05-15 13:19:27,2025,5,15,33.201963,-98.162689,https://www.inaturalist.org/observations/281355214,NA,NA,
Tripsacum dactyloides,Texas,2025-04-27 13:00:15,2025,4,27,29.552208,-98.529678,https://www.inaturalist.org/observations/274952619,NA,NA,
Tripsacum dactyloides,Texas,2025-04-26 12:59,2025,4,26,29.555016,-98.528371,https://www.inaturalist.org/observations/274898464,NA,NA,
Tripsacum dactyloides,Texas,2025-04-25 10:37:15,2025,4,25,29.817294,-99.576635,https://www.inaturalist.org/observations/273367566,NA,NA,
Tripsacum dactyloides,Texas,2025-04-28 19:27:05,2025,4,28,30.048992,-99.149106,https://www.inaturalist.org/observations/276311408,NA,NA,
Tripsacum dactyloides,Texas,2025-04-25 18:51:04,2025,4,25,29.553572,-98.528947,https://www.inaturalist.org/observations/273492862,NA,NA,
Tripsacum dactyloides,Texas,2025-04-12 10:37:10,2025,4,12,29.259848,-98.573929,https://www.inaturalist.org/observations/270199521,NA,NA,
Tripsacum dactyloides,Texas,2023-04-28 11:50:30,2023,4,28,29.572647,-94.391172,https://www.inaturalist.org/observations/157192718,NA,NA,
Tripsacum dactyloides,Texas,2024-09-25 13:36:05,2024,9,25,33.656511,-95.70162,https://www.inaturalist.org/observations/244075878,NA,NA,
Tripsacum dactyloides,Texas,2023-05-12 9:43:06,2023,5,12,32.929886,-96.448198,https://www.inaturalist.org/observations/161305617,NA,NA,
Tripsacum dactyloides,Texas,2021-05-03 12:17,2021,5,3,29.563029,-95.122922,https://www.inaturalist.org/observations/77671295,NA,NA,
Tripsacum dactyloides,Texas,2024-05-21 7:52:22,2024,5,21,30.287317,-98.396988,https://www.inaturalist.org/observations/217900796,NA,NA,
Tripsacum dactyloides,Texas,2024-05-11 10:02:20,2024,5,11,33.273728,-96.296056,https://www.inaturalist.org/observations/215015222,NA,NA,
Tripsacum dactyloides,Texas,2024-04-27 8:13:04,2024,4,27,29.721972,-98.126119,https://www.inaturalist.org/observations/210127785,NA,NA,
Tripsacum dactyloides,Texas,2024-04-22 10:42:25,2024,4,22,29.893025,-97.945461,https://www.inaturalist.org/observations/208715982,NA,NA,
Tripsacum dactyloides,Texas,2024-04-26 11:46:36,2024,4,26,29.859317,-98.48455,https://www.inaturalist.org/observations/210132216,NA,NA,
Tripsacum dactyloides,Texas,2024-05-01 18:07:17,2024,5,1,33.161378,-96.617381,https://www.inaturalist.org/observations/212747183,NA,NA,
Tripsacum dactyloides,Texas,2024-04-19 11:03:01,2024,4,19,29.721851,-98.124817,https://www.inaturalist.org/observations/208110424,NA,NA,
Tripsacum dactyloides,Texas,2024-04-21 8:35:14,2024,4,21,29.563703,-98.519171,https://www.inaturalist.org/observations/208494543,NA,NA,
Tripsacum dactyloides,Texas,2024-04-26 10:28:39,2024,4,26,29.721843,-98.125564,https://www.inaturalist.org/observations/209614875,NA,NA,
Tripsacum dactyloides,Texas,2024-04-27 11:34:48,2024,4,27,29.615395,-98.558075,https://www.inaturalist.org/observations/210617829,NA,NA,
Tripsacum dactyloides,Texas,2023-11-04 11:23:57,2023,11,4,29.811072,-99.575331,https://www.inaturalist.org/observations/190062249,NA,NA,
Tripsacum dactyloides,Texas,2023-10-13 9:23:28,2023,10,13,29.780683,-98.709167,https://www.inaturalist.org/observations/187366517,NA,NA,
Tripsacum dactyloides,Texas,2023-09-15 10:33,2023,9,15,29.720606,-98.125835,https://www.inaturalist.org/observations/183527871,NA,NA,
Tripsacum dactyloides,Texas,2023-06-09 10:30:45,2023,6,9,29.566032,-98.526543,https://www.inaturalist.org/observations/166498649,NA,NA,
Tripsacum dactyloides,Texas,2023-05-14 11:30:16,2023,5,14,30.338815,-97.895219,https://www.inaturalist.org/observations/161628455,NA,NA,
Tripsacum dactyloides,Texas,2023-05-13 10:17,2023,5,13,29.524702,-95.807586,https://www.inaturalist.org/observations/161492845,NA,NA,
Tripsacum dactyloides,Texas,2023-04-29 14:39:49,2023,4,29,30.036426,-97.893101,https://www.inaturalist.org/observations/157795253,NA,NA,
Tripsacum dactyloides,Texas,2023-04-30 11:38:41,2023,4,30,29.873755,-98.495912,https://www.inaturalist.org/observations/158250683,NA,NA,
Tripsacum dactyloides,Texas,2023-04-26 8:48:42,2023,4,26,30.900482,-95.047081,https://www.inaturalist.org/observations/156730806,NA,NA,
Tripsacum dactyloides,Texas,2023-04-01 10:22:17,2023,4,1,29.861215,-95.159324,https://www.inaturalist.org/observations/153048844,NA,NA,
Tripsacum dactyloides,Texas,2010-06-14 4:24,2010,6,14,29.586113,-95.134688,https://www.inaturalist.org/observations/34214935,NA,NA,
Tripsacum dactyloides,Texas,2022-10-28 13:01:34,2022,10,28,31.464774,-96.365449,https://www.inaturalist.org/observations/140283347,NA,NA,
Tripsacum dactyloides,Texas,2022-09-30 8:57:32,2022,9,30,29.718333,-95.392897,https://www.inaturalist.org/observations/137046966,NA,NA,
Tripsacum dactyloides,Texas,2022-07-19 17:00:31,2022,7,19,30.502047,-98.814125,https://www.inaturalist.org/observations/127027340,NA,NA,
Tripsacum dactyloides,Texas,2022-06-17 12:09:19,2022,6,17,33.642131,-95.69964,https://www.inaturalist.org/observations/122343747,NA,NA,
Tripsacum dactyloides,Texas,2022-05-28 10:06:24,2022,5,28,31.909648,-95.900277,https://www.inaturalist.org/observations/119080916,NA,NA,
Tripsacum dactyloides,Texas,2022-05-25 18:38,2022,5,25,30.339883,-98.272313,https://www.inaturalist.org/observations/118742745,NA,NA,
Tripsacum dactyloides,Texas,2022-05-02 13:42,2022,5,2,29.392192,-98.49662,https://www.inaturalist.org/observations/116181955,NA,NA,
Tripsacum dactyloides,Texas,2022-05-01 8:40:42,2022,5,1,30.207333,-97.903625,https://www.inaturalist.org/observations/114353873,NA,NA,
Tripsacum dactyloides,Texas,2022-04-24 10:21:59,2022,4,24,30.246394,-97.720643,https://www.inaturalist.org/observations/112823787,NA,NA,
Tripsacum dactyloides,Texas,2020-11-01 15:32,2020,11,1,30.330475,-98.439402,https://www.inaturalist.org/observations/97668442,NA,NA,
Tripsacum dactyloides,Texas,2021-07-23 8:09,2021,7,23,30.234035,-97.6397,https://www.inaturalist.org/observations/90055641,NA,NA,
Tripsacum dactyloides,Texas,2021-07-12T08:44:57Z,2021,7,12,28.116836,-97.407898,https://www.inaturalist.org/observations/86710840,NA,NA,
Tripsacum dactyloides,Texas,2020-05-02T12:48:36Z,2020,5,2,33.062368,-96.980302,https://www.inaturalist.org/observations/44615410,NA,NA,
Tripsacum dactyloides,Texas,2021-05-21 12:31:21,2021,5,21,29.817282,-99.576651,https://www.inaturalist.org/observations/79686853,NA,NA,
Tripsacum dactyloides,Texas,2021-05-06 10:22:57,2021,5,6,32.957589,-97.019435,https://www.inaturalist.org/observations/77613844,NA,NA,
Tripsacum dactyloides,Texas,2021-05-01 16:04:20,2021,5,1,29.786432,-95.402177,https://www.inaturalist.org/observations/76289877,NA,NA,
Tripsacum dactyloides,Texas,2021-04-10 11:06,2021,4,10,33.273379,-96.297957,https://www.inaturalist.org/observations/73603421,NA,NA,
Tripsacum dactyloides,Texas,2021-02-02 10:30:01,2021,2,2,29.689384,-95.497488,https://www.inaturalist.org/observations/68964384,NA,NA,
Tripsacum dactyloides,Texas,2020-09-12T19:21:37Z,2020,9,12,29.76673,-95.432525,https://www.inaturalist.org/observations/59395540,NA,NA,
Tripsacum dactyloides,Texas,2020-05-01T11:12:13Z,2020,5,1,29.554496,-98.529494,https://www.inaturalist.org/observations/44486299,NA,NA,
Tripsacum dactyloides,Texas,2019-10-12 11:12:26,2019,10,12,29.779409,-98.709144,https://www.inaturalist.org/observations/34253196,NA,NA,
Tripsacum dactyloides,Texas,2020-04-23 17:20,2020,4,23,30.498256,-98.817331,https://www.inaturalist.org/observations/44789220,NA,NA,
Tripsacum dactyloides,Texas,2020-04-26 9:47,2020,4,26,29.6406,-98.625161,https://www.inaturalist.org/observations/44080400,NA,NA,
Tripsacum dactyloides,Texas,2018-08-31T08:39:50Z,2018,8,31,29.664042,-99.538362,https://www.inaturalist.org/observations/28367985,NA,NA,
Tripsacum dactyloides,Texas,2018-10-12 8:47:55,2018,10,12,29.903292,-94.913497,https://www.inaturalist.org/observations/17433568,NA,NA,
Tripsacum dactyloides,Texas,2019-04-29 18:17:56,2019,4,29,29.425403,-94.961808,https://www.inaturalist.org/observations/24079982,NA,NA,
Tripsacum dactyloides,Texas,2018-04-28 10:30:28,2018,4,28,33.273629,-96.296085,https://www.inaturalist.org/observations/11613967,NA,NA,
Tripsacum dactyloides,Texas,2018-05-13 8:32:41,2018,5,13,33.021872,-96.871375,https://www.inaturalist.org/observations/12412841,NA,NA,
Tripsacum dactyloides,Texas,2018-04-28 14:07,2018,4,28,30.520331,-98.017447,https://www.inaturalist.org/observations/11846559,NA,NA,
Tripsacum dactyloides,Texas,6/26/17,2017,6,26,29.670954,-95.447129,https://www.inaturalist.org/observations/6817144,NA,NA,
Tripsacum dactyloides,Texas,2016-09-17 18:18,2016,9,17,29.866539,-95.159197,https://www.inaturalist.org/observations/4137221,NA,NA,
Tripsacum dactyloides,Texas,5/22/15,2015,5,22,30.073216,-99.272262,https://www.inaturalist.org/observations/1547541,NA,NA,
Tripsacum dactyloides,North Carolina,2012-09-09 10:48:01,2012,9,9,36.10546,-78.808673,https://www.inaturalist.org/observations/121076,1,1,
Tripsacum dactyloides,North Carolina,2025-08-19 13:30:47,2025,8,19,34.88495,-80.051388,https://www.inaturalist.org/observations/308035253,1,0,
Tripsacum dactyloides,North Carolina,2025-08-05 18:06:55,2025,8,5,35.889575,-78.584983,https://www.inaturalist.org/observations/304603344,1,1,
Tripsacum dactyloides,North Carolina,2025-08-08 13:47:50,2025,8,8,34.937697,-80.206313,https://www.inaturalist.org/observations/305504500,1,1,
Tripsacum dactyloides,North Carolina,2025-07-11 10:15:03,2025,7,11,35.635058,-82.561173,https://www.inaturalist.org/observations/297579639,0,0,
Tripsacum dactyloides,North Carolina,2025-07-16 10:03:32,2025,7,16,36.074661,-78.865892,https://www.inaturalist.org/observations/298449888,0,0,
Tripsacum dactyloides,North Carolina,2025-07-23 12:25:54,2025,7,23,35.487442,-80.801598,https://www.inaturalist.org/observations/300434563,1,0,
Tripsacum dactyloides,North Carolina,2025-08-03 15:22:53,2025,8,3,35.961971,-79.396196,https://www.inaturalist.org/observations/303561858,1,0,
Tripsacum dactyloides,North Carolina,2025-07-25 10:00:15,2025,7,25,35.891322,-79.01783,https://www.inaturalist.org/observations/300961616,1,1,
Tripsacum dactyloides,North Carolina,2025-07-22 11:50,2025,7,22,35.633438,-82.557049,https://www.inaturalist.org/observations/302662549,1,0,
Tripsacum dactyloides,North Carolina,2025-07-04 16:36,2025,7,4,34.820424,-77.164736,https://www.inaturalist.org/observations/296269878,1,1,
Tripsacum dactyloides,North Carolina,2025-08-03 9:32,2025,8,3,36.123571,-78.82781,https://www.inaturalist.org/observations/303660087,0,0,
Tripsacum dactyloides,North Carolina,2025-07-18 6:50:23,2025,7,18,35.054814,-77.067346,https://www.inaturalist.org/observations/298894397,1,0,
Tripsacum dactyloides,North Carolina,2025-08-03 17:23:42,2025,8,3,35.907417,-79.372827,https://www.inaturalist.org/observations/303574056,0,0,
Tripsacum dactyloides,North Carolina,2025-07-05 15:24,2025,7,5,35.535471,-76.272807,https://www.inaturalist.org/observations/295723906,0,0,
Tripsacum dactyloides,North Carolina,2025-08-02 11:07:36,2025,8,2,35.40356,-82.530082,https://www.inaturalist.org/observations/303425195,1,0,
Tripsacum dactyloides,North Carolina,2025-07-15 12:25:07,2025,7,15,35.704853,-82.67042,https://www.inaturalist.org/observations/298248875,1,1,
Tripsacum dactyloides,North Carolina,2025-06-27 18:25:10,2025,6,27,35.196139,-80.662224,https://www.inaturalist.org/observations/293237231,1,1,
Tripsacum dactyloides,North Carolina,6/25/25,2025,6,25,35.894852,-78.579037,https://www.inaturalist.org/observations/294060069,1.5,0,
Tripsacum dactyloides,North Carolina,2025-06-24 13:48:35,2025,6,24,34.318624,-78.706282,https://www.inaturalist.org/observations/292690048,1,1,
Tripsacum dactyloides,North Carolina,2025-06-26 7:50:31,2025,6,26,36.231836,-80.303215,https://www.inaturalist.org/observations/292886496,1,0.5,
Tripsacum dactyloides,North Carolina,2025-06-13 10:17:51,2025,6,13,35.252976,-79.606151,https://www.inaturalist.org/observations/289390642,1,1,
Tripsacum dactyloides,North Carolina,2025-06-10 14:37,2025,6,10,35.894823,-78.993128,https://www.inaturalist.org/observations/288556458,1,0,
Tripsacum dactyloides,North Carolina,2025-06-20 14:25:59,2025,6,20,35.653476,-79.062945,https://www.inaturalist.org/observations/291265766,0,1,
Tripsacum dactyloides,North Carolina,2025-06-18 11:24:49,2025,6,18,36.074295,-78.864587,https://www.inaturalist.org/observations/290697895,1,1,
Tripsacum dactyloides,North Carolina,2025-06-14 13:29:43,2025,6,14,35.893497,-79.01693,https://www.inaturalist.org/observations/289979022,1,1,
Tripsacum dactyloides,North Carolina,2025-06-17 12:20:31,2025,6,17,35.633186,-82.557854,https://www.inaturalist.org/observations/290432446,1,1,
Tripsacum dactyloides,North Carolina,2025-06-17 12:09:26,2025,6,17,35.633308,-82.558022,https://www.inaturalist.org/observations/290460407,1,0,
Tripsacum dactyloides,North Carolina,2025-06-07 18:28:52,2025,6,7,35.344667,-80.926138,https://www.inaturalist.org/observations/287905068,1,1,
Tripsacum dactyloides,North Carolina,2025-06-02 19:36:26,2025,6,2,35.121541,-77.02078,https://www.inaturalist.org/observations/286580360,1,1,
Tripsacum dactyloides,North Carolina,2025-06-03 10:22:12,2025,6,3,35.993353,-79.064422,https://www.inaturalist.org/observations/286579474,1,0,
Tripsacum dactyloides,North Carolina,2025-06-05 10:13,2025,6,5,36.017917,-78.948771,https://www.inaturalist.org/observations/287182575,1,1,
Tripsacum dactyloides,North Carolina,2025-06-02 20:01:06,2025,6,2,35.664371,-80.605309,https://www.inaturalist.org/observations/286416437,0,0,
Tripsacum dactyloides,North Carolina,2025-04-27 11:47:50,2025,4,27,35.060572,-80.089653,https://www.inaturalist.org/observations/274921428,0,0,
Tripsacum dactyloides,North Carolina,2024-10-03 3:57,2024,10,3,35.810398,-78.717095,https://www.inaturalist.org/observations/245463593,1,0,
Tripsacum dactyloides,North Carolina,2024-08-07 14:42,2024,8,7,36.343305,-77.661713,https://www.inaturalist.org/observations/234444752,1.5,1,
Tripsacum dactyloides,North Carolina,2024-05-13 10:19:18,2024,5,13,35.81098,-78.71885,https://www.inaturalist.org/observations/215498528,1,1,
Tripsacum dactyloides,North Carolina,2024-09-09 18:26:34,2024,9,9,35.954947,-79.277672,https://www.inaturalist.org/observations/240841127,1,0,
Tripsacum dactyloides,North Carolina,2023-08-19 17:50:39,2023,8,19,36.136792,-79.160453,https://www.inaturalist.org/observations/179964832,1,1,
Tripsacum dactyloides,North Carolina,2024-07-28 13:09:25,2024,7,28,34.990889,-77.090178,https://www.inaturalist.org/observations/238170142,0,1,
Tripsacum dactyloides,North Carolina,2023-08-18 19:06:24,2023,8,18,36.073508,-78.863517,https://www.inaturalist.org/observations/179070335,0,0,
Tripsacum dactyloides,North Carolina,2024-08-22 10:32:07,2024,8,22,35.988063,-78.91075,https://www.inaturalist.org/observations/237398543,0,0,
Tripsacum dactyloides,North Carolina,2022-06-04 16:11:19,2022,6,4,36.009331,-78.99385,https://www.inaturalist.org/observations/120227874,0,1,
Tripsacum dactyloides,North Carolina,2024-08-21 17:55:44,2024,8,21,35.490505,-80.804453,https://www.inaturalist.org/observations/237336107,0,0,
Tripsacum dactyloides,North Carolina,2023-06-18 11:03:36,2023,6,18,35.140114,-79.434151,https://www.inaturalist.org/observations/168096369,0,0,
Tripsacum dactyloides,North Carolina,2023-07-21 11:58,2023,7,21,36.037446,-78.926977,https://www.inaturalist.org/observations/174159094,1,1,
Tripsacum dactyloides,North Carolina,2023-06-17 10:13,2023,6,17,35.36019,-80.918396,https://www.inaturalist.org/observations/168041404,1,1,
Tripsacum dactyloides,North Carolina,2022-07-31 18:55:55,2022,7,31,35.633358,-82.558037,https://www.inaturalist.org/observations/128896291,0,0,
Tripsacum dactyloides,North Carolina,2022-10-24 15:06:28,2022,10,24,35.870823,-78.762489,https://www.inaturalist.org/observations/140071203,1,1,
Tripsacum dactyloides,North Carolina,2023-07-18 17:57:44,2023,7,18,35.633494,-82.556207,https://www.inaturalist.org/observations/175223625,0,1,
Tripsacum dactyloides,North Carolina,2024-06-01 15:50:59,2024,6,1,36.071401,-82.401364,https://www.inaturalist.org/observations/220120549,1,1,
Tripsacum dactyloides,North Carolina,2023-09-06 11:33:56,2023,9,6,36.086435,-79.016816,https://www.inaturalist.org/observations/182076841,1,0,
Tripsacum dactyloides,North Carolina,2023-10-15 12:57:15,2023,10,15,35.870828,-78.762548,https://www.inaturalist.org/observations/187663236,0,0,
Tripsacum dactyloides,North Carolina,2024-05-25 5:52:01,2024,5,25,35.221616,-77.514716,https://www.inaturalist.org/observations/218683443,1,0,
Tripsacum dactyloides,North Carolina,2024-05-03 11:55:08,2024,5,3,35.8112,-78.718545,https://www.inaturalist.org/observations/213211327,1,0,
Tripsacum dactyloides,North Carolina,2024-06-13 7:58:13,2024,6,13,35.458558,-80.877503,https://www.inaturalist.org/observations/222445102,1,0,
Tripsacum dactyloides,North Carolina,2024-05-25 16:45:54,2024,5,25,36.009194,-78.993903,https://www.inaturalist.org/observations/218385915,1,1,
Tripsacum dactyloides,North Carolina,2023-07-11 7:05,2023,7,11,35.151282,-80.738805,https://www.inaturalist.org/observations/172359535,1,0,
Tripsacum dactyloides,North Carolina,2024-06-10 13:30,2024,6,10,35.588522,-79.692934,https://www.inaturalist.org/observations/221854502,1,0,
Tripsacum dactyloides,North Carolina,2024-05-07 12:40:56,2024,5,7,35.811067,-78.715263,https://www.inaturalist.org/observations/214429808,1,0,
Tripsacum dactyloides,North Carolina,2024-06-05 14:08:08,2024,6,5,36.227997,-79.136909,https://www.inaturalist.org/observations/220725385,0,1,
Tripsacum dactyloides,North Carolina,2024-05-17 15:36,2024,5,17,35.811495,-78.715796,https://www.inaturalist.org/observations/217259651,1,1,
Tripsacum dactyloides,North Carolina,2024-06-09 9:24:44,2024,6,9,35.941805,-78.937226,https://www.inaturalist.org/observations/221596400,1,1,
Tripsacum dactyloides,North Carolina,2023-06-14 15:26:23,2023,6,14,35.32021,-82.144394,https://www.inaturalist.org/observations/173964742,0,1,
Tripsacum dactyloides,North Carolina,2023-06-19 10:31:08,2023,6,19,35.017036,-80.81353,https://www.inaturalist.org/observations/168301710,1,0,
Tripsacum dactyloides,North Carolina,2023-07-01 10:20:19,2023,7,1,35.9617,-78.955757,https://www.inaturalist.org/observations/170449036,0,0,
Tripsacum dactyloides,North Carolina,2024-06-09 8:17:17,2024,6,9,35.953246,-78.950745,https://www.inaturalist.org/observations/221612202,0,0,
Tripsacum dactyloides,North Carolina,2024-05-21 11:32,2024,5,21,35.717378,-78.687133,https://www.inaturalist.org/observations/217336611,1,0,
Tripsacum dactyloides,North Carolina,2023-09-19 17:33:52,2023,9,19,35.921812,-79.060964,https://www.inaturalist.org/observations/184071902,0,0,
Tripsacum dactyloides,North Carolina,2023-06-14 11:32:20,2023,6,14,35.16701,-80.138966,https://www.inaturalist.org/observations/167518514,0,0,
Tripsacum dactyloides,North Carolina,2005-07-06 21:13,2005,7,6,36.023291,-78.897661,https://www.inaturalist.org/observations/236196175,1,0,
Tripsacum dactyloides,North Carolina,2024-06-15 10:52:03,2024,6,15,35.723087,-78.782447,https://www.inaturalist.org/observations/222868686,0,1,
Tripsacum dactyloides,North Carolina,2023-07-10 13:45:18,2023,7,10,36.231906,-80.302683,https://www.inaturalist.org/observations/172356840,0,0,
Tripsacum dactyloides,North Carolina,2023-06-30 9:13:41,2023,6,30,35.693024,-77.158279,https://www.inaturalist.org/observations/170268008,0,1,
Tripsacum dactyloides,North Carolina,2023-07-21 17:47:09,2023,7,21,36.563563,-81.338517,https://www.inaturalist.org/observations/174376168,0,1,
Tripsacum dactyloides,North Carolina,2005-07-06 21:13,2005,7,6,36.023291,-78.897661,https://www.inaturalist.org/observations/236196177,1,0,
Tripsacum dactyloides,North Carolina,2024-06-18 9:33:43,2024,6,18,35.938471,-78.940544,https://www.inaturalist.org/observations/223540727,1,1,
Tripsacum dactyloides,North Carolina,2024-06-19 7:52:26,2024,6,19,36.15982,-79.559905,https://www.inaturalist.org/observations/223732717,1,1,
Tripsacum dactyloides,North Carolina,2023-09-07 12:10:02,2023,9,7,35.611162,-80.762399,https://www.inaturalist.org/observations/182203233,0,0,
Tripsacum dactyloides,North Carolina,2024-08-20 15:45:17,2024,8,20,35.237323,-82.191491,https://www.inaturalist.org/observations/236982000,0,0,
Tripsacum dactyloides,North Carolina,2024-08-11 10:35:49,2024,8,11,34.916192,-80.229933,https://www.inaturalist.org/observations/235236047,0,0,
Tripsacum dactyloides,North Carolina,2024-06-19 9:38:04,2024,6,19,36.052547,-79.638008,https://www.inaturalist.org/observations/224061101,1,0,
Tripsacum dactyloides,North Carolina,2024-07-12 7:53:41,2024,7,12,35.682068,-82.663422,https://www.inaturalist.org/observations/228806644,1,0,
Tripsacum dactyloides,North Carolina,2024-07-20 15:46:43,2024,7,20,36.410725,-79.965263,https://www.inaturalist.org/observations/230654409,1,1,
Tripsacum dactyloides,North Carolina,2024-07-21 14:56,2024,7,21,35.624684,-79.09357,https://www.inaturalist.org/observations/231034447,0,0,
Tripsacum dactyloides,North Carolina,2020-07-30 14:57,2020,7,30,35.95672,-79.279403,https://www.inaturalist.org/observations/232750818,1,1,
Tripsacum dactyloides,North Carolina,2020-07-30 14:49,2020,7,30,35.956225,-79.27893,https://www.inaturalist.org/observations/232751290,1,1,
Tripsacum dactyloides,North Carolina,2024-07-04 13:33,2024,7,4,35.838591,-80.097388,https://www.inaturalist.org/observations/227143110,1,1,
Tripsacum dactyloides,North Carolina,2024-07-28 15:47:30,2024,7,28,34.718188,-76.95427,https://www.inaturalist.org/observations/232551160,0,0,
Tripsacum dactyloides,North Carolina,2024-07-22 16:10:01,2024,7,22,36.158889,-80.281455,https://www.inaturalist.org/observations/231062083,1,1,
Tripsacum dactyloides,North Carolina,2024-07-14 13:28:22,2024,7,14,36.172002,-78.732812,https://www.inaturalist.org/observations/229307656,1,1,
Tripsacum dactyloides,North Carolina,2024-07-23 9:45:54,2024,7,23,34.944545,-80.092864,https://www.inaturalist.org/observations/231387175,0,1,
Tripsacum dactyloides,North Carolina,2024-07-29 17:46:22,2024,7,29,35.993553,-78.723292,https://www.inaturalist.org/observations/232590429,1,1,
Tripsacum dactyloides,North Carolina,2024-07-22 12:12:27,2024,7,22,34.955792,-80.227387,https://www.inaturalist.org/observations/231104873,0,0,
Tripsacum dactyloides,North Carolina,2020-06-19 10:52:07,2020,6,19,36.133514,-79.157403,https://www.inaturalist.org/observations/50160109,0,0,
Tripsacum dactyloides,North Carolina,2024-07-16 14:08:25,2024,7,16,34.7447,-76.927497,https://www.inaturalist.org/observations/229823252,0,0,
Tripsacum dactyloides,North Carolina,2024-07-05 8:57:28,2024,7,5,35.063808,-80.079636,https://www.inaturalist.org/observations/227326554,1,1,
Tripsacum dactyloides,North Carolina,2024-07-02 10:38:50,2024,7,2,34.811784,-79.977125,https://www.inaturalist.org/observations/226797570,1,1,
Tripsacum dactyloides,North Carolina,2023-06-09 17:44,2023,6,9,36.267521,-80.352748,https://www.inaturalist.org/observations/190421053,1,1,
Tripsacum dactyloides,North Carolina,2024-07-07 9:23:14,2024,7,7,34.961658,-80.20913,https://www.inaturalist.org/observations/227800555,1,1,
Tripsacum dactyloides,North Carolina,2024-07-10 19:59:55,2024,7,10,36.02852,-79.344887,https://www.inaturalist.org/observations/228548603,1,0,
Tripsacum dactyloides,North Carolina,2024-07-01 9:22:37,2024,7,1,36.008708,-79.522087,https://www.inaturalist.org/observations/226459818,1,1,
Tripsacum dactyloides,North Carolina,2024-06-30 9:58:03,2024,6,30,34.820633,-80.227037,https://www.inaturalist.org/observations/226282859,0,1,
Tripsacum dactyloides,North Carolina,6/24/24,2024,6,24,35.894852,-78.579037,https://www.inaturalist.org/observations/225023824,1,1,
Tripsacum dactyloides,North Carolina,2024-06-23 19:27:23,2024,6,23,35.954997,-79.277787,https://www.inaturalist.org/observations/224768533,1,0,
Tripsacum dactyloides,North Carolina,2024-05-30 16:20:02,2024,5,30,35.952178,-79.269905,https://www.inaturalist.org/observations/219440302,1,1,
Tripsacum dactyloides,North Carolina,2024-06-08 10:35:47,2024,6,8,34.827872,-80.591737,https://www.inaturalist.org/observations/221432757,1,1,
Tripsacum dactyloides,North Carolina,2024-05-29 14:02:28,2024,5,29,35.954855,-79.277663,https://www.inaturalist.org/observations/219184430,1,0,
Tripsacum dactyloides,North Carolina,6/4/24,2024,6,4,35.884313,-78.536725,https://www.inaturalist.org/observations/220698024,1,0,
Tripsacum dactyloides,North Carolina,2024-06-06 10:19:59,2024,6,6,35.203422,-82.132375,https://www.inaturalist.org/observations/220942990,0,1,
Tripsacum dactyloides,North Carolina,2024-05-30 16:19:56,2024,5,30,35.952147,-79.26998,https://www.inaturalist.org/observations/219440243,0,1,
Tripsacum dactyloides,North Carolina,2024-06-03 1:02:41,2024,6,3,35.954963,-79.278237,https://www.inaturalist.org/observations/220189402,1,1,
Tripsacum dactyloides,North Carolina,2024-05-31 19:52:42,2024,5,31,35.825222,-78.847017,https://www.inaturalist.org/observations/219655457,1,1,
Tripsacum dactyloides,North Carolina,2024-05-20 9:02:48,2024,5,20,35.833198,-78.964189,https://www.inaturalist.org/observations/217070164,1,0,
Tripsacum dactyloides,North Carolina,2024-05-03 9:51:58,2024,5,3,35.163228,-81.059342,https://www.inaturalist.org/observations/213150220,0,0,
Tripsacum dactyloides,North Carolina,2023-10-06 12:37:44,2023,10,6,35.955713,-79.277283,https://www.inaturalist.org/observations/186440899,0,0,
Tripsacum dactyloides,North Carolina,2023-09-13 22:13:21,2023,9,13,35.954778,-79.277642,https://www.inaturalist.org/observations/186373208,1,1,
Tripsacum dactyloides,North Carolina,2023-10-06 12:36:56,2023,10,6,35.955795,-79.277345,https://www.inaturalist.org/observations/186443015,0,1,
Tripsacum dactyloides,North Carolina,2023-07-05 19:12,2023,7,5,35.884313,-78.536725,https://www.inaturalist.org/observations/171325561,1,1,
Tripsacum dactyloides,North Carolina,2023-07-17 15:10:16,2023,7,17,36.015577,-79.07859,https://www.inaturalist.org/observations/173464989,0,0,
Tripsacum dactyloides,North Carolina,2023-08-06 10:46:07,2023,8,6,35.718881,-82.65927,https://www.inaturalist.org/observations/177018374,1,1,
Tripsacum dactyloides,North Carolina,2023-08-06 10:13:29,2023,8,6,35.720059,-82.656446,https://www.inaturalist.org/observations/177018245,1,1,
Tripsacum dactyloides,North Carolina,2023-08-06 11:21:57,2023,8,6,35.705021,-82.572849,https://www.inaturalist.org/observations/177018460,1,1,
Tripsacum dactyloides,North Carolina,2023-08-02 12:41:43,2023,8,2,35.305111,-82.113043,https://www.inaturalist.org/observations/176321744,1,1,
Tripsacum dactyloides,North Carolina,2023-08-07 11:25:45,2023,8,7,35.180345,-75.792345,https://www.inaturalist.org/observations/177181303,0,0,
Tripsacum dactyloides,North Carolina,2023-08-04 12:04:14,2023,8,4,34.925637,-80.198455,https://www.inaturalist.org/observations/176979550,1,1,
Tripsacum dactyloides,North Carolina,2023-07-25 15:31:08,2023,7,25,36.151664,-79.150231,https://www.inaturalist.org/observations/175032349,1,1,
Tripsacum dactyloides,North Carolina,2023-07-08 8:36:15,2023,7,8,36.072297,-78.867469,https://www.inaturalist.org/observations/171727785,1,1,
Tripsacum dactyloides,North Carolina,2023-07-10 13:14,2023,7,10,35.945637,-80.056068,https://www.inaturalist.org/observations/172260983,1,0,
Tripsacum dactyloides,North Carolina,2023-07-13 12:16:37,2023,7,13,35.094647,-80.017936,https://www.inaturalist.org/observations/172815464,1,1,
Tripsacum dactyloides,North Carolina,2023-07-04 13:24:22,2023,7,4,35.992014,-79.44594,https://www.inaturalist.org/observations/171459966,1,0,
Tripsacum dactyloides,North Carolina,2023-07-03 10:44:24,2023,7,3,34.98885,-80.305787,https://www.inaturalist.org/observations/170989812,1,0,
Tripsacum dactyloides,North Carolina,2023-07-04 10:37,2023,7,4,35.935172,-79.302727,https://www.inaturalist.org/observations/171038557,1,1,
Tripsacum dactyloides,North Carolina,2023-06-13 12:16:40,2023,6,13,34.899996,-80.169604,https://www.inaturalist.org/observations/167274869,1,1,
Tripsacum dactyloides,North Carolina,2023-06-07 9:16:23,2023,6,7,35.018921,-80.033519,https://www.inaturalist.org/observations/166167130,0,1,
Tripsacum dactyloides,North Carolina,2023-06-09 9:43,2023,6,9,35.764452,-79.089996,https://www.inaturalist.org/observations/166441608,1,1,
Tripsacum dactyloides,North Carolina,2023-06-02 13:30,2023,6,2,35.812208,-78.714573,https://www.inaturalist.org/observations/165194660,0,1,
Tripsacum dactyloides,North Carolina,2023-06-03 6:53,2023,6,3,35.738045,-79.027213,https://www.inaturalist.org/observations/165593128,1,0,
Tripsacum dactyloides,North Carolina,2023-04-30 19:52:10,2023,4,30,35.844576,-79.122959,https://www.inaturalist.org/observations/158417574,0,0,
Tripsacum dactyloides,North Carolina,2023-04-30 19:30:56,2023,4,30,35.844804,-79.122768,https://www.inaturalist.org/observations/158432661,0,0,
Tripsacum dactyloides,North Carolina,2007-07-08 17:18,2007,7,8,35.621504,-78.932066,https://www.inaturalist.org/observations/35614731,1,1,
Tripsacum dactyloides,North Carolina,2018-08-19 11:30:36,2018,8,19,35.937742,-79.307167,https://www.inaturalist.org/observations/15690639,1,1,
Tripsacum dactyloides,North Carolina,2022-11-14 13:08:32,2022,11,14,34.994295,-80.078483,https://www.inaturalist.org/observations/142028990,0,0,
Tripsacum dactyloides,North Carolina,2022-11-10 9:47:14,2022,11,10,34.902583,-80.244087,https://www.inaturalist.org/observations/141683740,0,0,
Tripsacum dactyloides,North Carolina,2022-09-15 9:57:19,2022,9,15,34.89389,-80.131287,https://www.inaturalist.org/observations/135187330,0,0,
Tripsacum dactyloides,North Carolina,2022-09-09 17:44:13,2022,9,9,36.024719,-78.93383,https://www.inaturalist.org/observations/134348761,1,0,
Tripsacum dactyloides,North Carolina,2022-09-07 11:00:58,2022,9,7,34.857747,-80.231338,https://www.inaturalist.org/observations/134659409,0,0,
Tripsacum dactyloides,North Carolina,2022-08-08 8:25:42,2022,8,8,36.097233,-79.495972,https://www.inaturalist.org/observations/129973580,1,1,
Tripsacum dactyloides,North Carolina,2022-08-02 15:06:08,2022,8,2,34.296062,-78.611961,https://www.inaturalist.org/observations/129816303,0,1,
Tripsacum dactyloides,North Carolina,2022-08-16 12:25:24,2022,8,16,35.30945,-82.457895,https://www.inaturalist.org/observations/131086052,1,0,
Tripsacum dactyloides,North Carolina,2022-08-10 10:01:30,2022,8,10,34.950958,-80.077225,https://www.inaturalist.org/observations/130317125,0,0,
Tripsacum dactyloides,North Carolina,2022-08-09 8:53:26,2022,8,9,34.978012,-80.12628,https://www.inaturalist.org/observations/130149364,1,1,
Tripsacum dactyloides,North Carolina,2022-08-08 16:16:23,2022,8,8,35.947338,-78.930437,https://www.inaturalist.org/observations/130032657,0,0,
Tripsacum dactyloides,North Carolina,2022-08-03 9:54:56,2022,8,3,36.131145,-79.1578,https://www.inaturalist.org/observations/129286159,1,1,
Tripsacum dactyloides,North Carolina,2022-07-09 20:33:13,2022,7,9,35.642254,-82.510056,https://www.inaturalist.org/observations/125536913,0,1,
Tripsacum dactyloides,North Carolina,2022-07-09 9:38:17,2022,7,9,34.419628,-77.841675,https://www.inaturalist.org/observations/125498696,0,1,
Tripsacum dactyloides,North Carolina,2022-06-25 11:50,2022,6,25,35.019622,-80.124747,https://www.inaturalist.org/observations/123412997,1,0,
Tripsacum dactyloides,North Carolina,2022-06-02 18:48:43,2022,6,2,35.980112,-79.558931,https://www.inaturalist.org/observations/120476103,1,0,
Tripsacum dactyloides,North Carolina,2022-06-26 12:59:03,2022,6,26,35.694175,-77.143394,https://www.inaturalist.org/observations/123642986,1,0,
Tripsacum dactyloides,North Carolina,2022-06-04 16:12:06,2022,6,4,36.009358,-78.993888,https://www.inaturalist.org/observations/120497414,0,1,
Tripsacum dactyloides,North Carolina,2022-06-11 16:46:16,2022,6,11,36.071214,-78.929505,https://www.inaturalist.org/observations/121861731,1,1,
Tripsacum dactyloides,North Carolina,2022-06-16 20:17:36,2022,6,16,35.689406,-81.28793,https://www.inaturalist.org/observations/122095325,1,0,
Tripsacum dactyloides,North Carolina,2019-08-19 10:44:12,2019,8,19,35.81113,-78.715155,https://www.inaturalist.org/observations/31123943,0,1,
Tripsacum dactyloides,North Carolina,2022-06-25 12:39:35,2022,6,25,35.379028,-76.123322,https://www.inaturalist.org/observations/123422623,1,1,
Tripsacum dactyloides,North Carolina,2022-07-02 11:15:10,2022,7,2,35.022753,-77.067037,https://www.inaturalist.org/observations/124402173,1,1,
Tripsacum dactyloides,North Carolina,2022-07-04 11:29:54,2022,7,4,34.95982,-80.198067,https://www.inaturalist.org/observations/124931620,1,1,
Tripsacum dactyloides,North Carolina,2022-06-11 11:48:54,2022,6,11,34.960503,-80.215897,https://www.inaturalist.org/observations/121720024,1,1,
Tripsacum dactyloides,North Carolina,2022-06-25 20:05,2022,6,25,35.764253,-78.540479,https://www.inaturalist.org/observations/123460896,0,0,
Tripsacum dactyloides,North Carolina,2022-06-29 9:02:35,2022,6,29,36.132442,-79.529738,https://www.inaturalist.org/observations/123967695,0,1,
Tripsacum dactyloides,North Carolina,2022-06-26 12:59,2022,6,26,35.697389,-77.087605,https://www.inaturalist.org/observations/123646654,0,1,
Tripsacum dactyloides,North Carolina,2022-06-18 12:09:48,2022,6,18,35.635064,-82.561306,https://www.inaturalist.org/observations/122335876,0,1,
Tripsacum dactyloides,North Carolina,2022-06-06 13:42:32,2022,6,6,35.731323,-79.107368,https://www.inaturalist.org/observations/120543943,1,0,
Tripsacum dactyloides,North Carolina,2022-05-31 19:07,2022,5,31,36.232185,-80.301585,https://www.inaturalist.org/observations/119672852,1,0,
Tripsacum dactyloides,North Carolina,2020-09-19 19:32,2020,9,19,35.810424,-78.714193,https://www.inaturalist.org/observations/60284551,0,0,
Tripsacum dactyloides,North Carolina,2022-05-01 12:50,2022,5,1,35.89926,-79.033352,https://www.inaturalist.org/observations/114410136,1,1,
Tripsacum dactyloides,North Carolina,2013-07-08 14:25,2013,7,8,35.899299,-79.025398,https://www.inaturalist.org/observations/37005116,1,1,
Tripsacum dactyloides,North Carolina,2020-07-05 16:35,2020,7,5,35.884313,-78.536725,https://www.inaturalist.org/observations/52181492,0,0,
Tripsacum dactyloides,North Carolina,2022-05-14 17:19:30,2022,5,14,35.899783,-79.031477,https://www.inaturalist.org/observations/117037870,1,0,
Tripsacum dactyloides,North Carolina,2021-06-17 12:36,2021,6,17,34.806259,-77.126042,https://www.inaturalist.org/observations/83461644,1,0,
Tripsacum dactyloides,North Carolina,2019-07-12 12:27:02,2019,7,12,35.826815,-79.223554,https://www.inaturalist.org/observations/28684190,0,1,
Tripsacum dactyloides,North Carolina,2019-07-29 11:45:58,2019,7,29,36.003713,-79.152008,https://www.inaturalist.org/observations/29789048,0,0,
Tripsacum dactyloides,North Carolina,2021-10-24 13:58:04,2021,10,24,35.001,-80.18892,https://www.inaturalist.org/observations/99329107,0,0,
Tripsacum dactyloides,North Carolina,2021-10-11 14:26:01,2021,10,11,35.689295,-79.224295,https://www.inaturalist.org/observations/97942935,1,1,
Tripsacum dactyloides,North Carolina,2021-09-18 10:20:26,2021,9,18,35.996297,-78.971428,https://www.inaturalist.org/observations/95271740,1,0,
Tripsacum dactyloides,North Carolina,2019-05-21 13:40:21,2019,5,21,35.811612,-78.71434,https://www.inaturalist.org/observations/25515465,1,0,
Tripsacum dactyloides,North Carolina,2019-06-28 20:05:50,2019,6,28,35.789053,-78.684547,https://www.inaturalist.org/observations/27842814,1,1,
Tripsacum dactyloides,North Carolina,2019-07-05 9:13:55,2019,7,5,35.98888,-78.945449,https://www.inaturalist.org/observations/28227357,0,1,
Tripsacum dactyloides,North Carolina,2018-09-06 11:43:57,2018,9,6,35.988843,-78.945302,https://www.inaturalist.org/observations/16262523,0,1,
Tripsacum dactyloides,North Carolina,2018-09-13 16:23:43,2018,9,13,36.489538,-78.244512,https://www.inaturalist.org/observations/16501507,1,0,
Tripsacum dactyloides,North Carolina,2019-07-14 19:58:31,2019,7,14,35.764758,-82.91613,https://www.inaturalist.org/observations/29032420,1,1,
Tripsacum dactyloides,North Carolina,2019-06-13 17:30:01,2019,6,13,35.0538,-83.18923,https://www.inaturalist.org/observations/26936086,1,0,
Tripsacum dactyloides,North Carolina,2021-08-10 9:15:01,2021,8,10,35.63472,-82.5606,https://www.inaturalist.org/observations/90650302,1,0,
Tripsacum dactyloides,North Carolina,2021-08-22 13:28:12,2021,8,22,35.603199,-79.958953,https://www.inaturalist.org/observations/92129875,1,1,
Tripsacum dactyloides,North Carolina,2018-07-26 10:10:23,2018,7,26,35.396808,-80.562728,https://www.inaturalist.org/observations/14753878,0,0,
Tripsacum dactyloides,North Carolina,2021-07-07 14:28:17,2021,7,7,36.073467,-78.863595,https://www.inaturalist.org/observations/86175408,0,1,
Tripsacum dactyloides,North Carolina,2019-07-15 8:57:12,2019,7,15,34.799147,-77.176467,https://www.inaturalist.org/observations/28893913,0,0,
Tripsacum dactyloides,North Carolina,2021-07-06 10:42:34,2021,7,6,34.419587,-77.841675,https://www.inaturalist.org/observations/85924858,0,1,
Tripsacum dactyloides,North Carolina,2021-08-31 10:33:13,2021,8,31,34.9563,-80.121636,https://www.inaturalist.org/observations/93207699,0,0,
Tripsacum dactyloides,North Carolina,2021-08-15 12:36:56,2021,8,15,35.26808,-76.616783,https://www.inaturalist.org/observations/91291025,0,1,
Tripsacum dactyloides,North Carolina,2021-08-15 12:36,2021,8,15,35.268069,-76.616714,https://www.inaturalist.org/observations/91359765,0,1,
Tripsacum dactyloides,North Carolina,2021-07-29 9:51,2021,7,29,35.185503,-83.372205,https://www.inaturalist.org/observations/89091601,1,0,
Tripsacum dactyloides,North Carolina,2021-07-18 11:35,2021,7,18,36.156536,-79.486075,https://www.inaturalist.org/observations/87569168,0,1,
Tripsacum dactyloides,North Carolina,2021-07-07 13:37:19,2021,7,7,35.851995,-79.193675,https://www.inaturalist.org/observations/86069872,1,1,
Tripsacum dactyloides,North Carolina,2021-07-07 13:52:38,2021,7,7,35.845283,-79.125603,https://www.inaturalist.org/observations/86069795,1,1,
Tripsacum dactyloides,North Carolina,2021-06-25 15:44:24,2021,6,25,34.965387,-80.129714,https://www.inaturalist.org/observations/84690981,1,0,
Tripsacum dactyloides,North Carolina,2021-06-15 15:33:59,2021,6,15,35.886078,-78.87172,https://www.inaturalist.org/observations/84135881,1,1,
Tripsacum dactyloides,North Carolina,2021-05-31 14:49:33,2021,5,31,35.900534,-79.032302,https://www.inaturalist.org/observations/81070573,0,1,
Tripsacum dactyloides,North Carolina,2018-06-22 14:13:28,2018,6,22,36.005466,-75.673827,https://www.inaturalist.org/observations/13674835,1,0,nice pic
Tripsacum dactyloides,North Carolina,2020-09-14 13:28,2020,9,14,35.6154,-79.04927,https://www.inaturalist.org/observations/59653770,0,0,
Tripsacum dactyloides,North Carolina,2019-06-15 18:22:17,2019,6,15,34.777658,-76.560741,https://www.inaturalist.org/observations/27051891,0,0,
Tripsacum dactyloides,North Carolina,2020-09-23 17:20:13,2020,9,23,35.615833,-79.049389,https://www.inaturalist.org/observations/60665966,1,1,
Tripsacum dactyloides,North Carolina,2020-09-23 17:19:16,2020,9,23,35.615833,-79.049389,https://www.inaturalist.org/observations/60667532,1,1,
Tripsacum dactyloides,North Carolina,2020-09-23 17:20:01,2020,9,23,35.615833,-79.049389,https://www.inaturalist.org/observations/60666040,0,0,
Tripsacum dactyloides,North Carolina,2020-09-23 17:20:08,2020,9,23,35.615833,-79.049389,https://www.inaturalist.org/observations/60666169,0,1,
Tripsacum dactyloides,North Carolina,2020-09-23 17:20:13,2020,9,23,35.615833,-79.049389,https://www.inaturalist.org/observations/60666323,1,1,
Tripsacum dactyloides,North Carolina,2020-09-29 13:12:03,2020,9,29,34.991538,-79.879212,https://www.inaturalist.org/observations/61263886,0,0,
Tripsacum dactyloides,North Carolina,2020-09-16 11:05:13,2020,9,16,36.009303,-78.993933,https://www.inaturalist.org/observations/59782962,1,0,
Tripsacum dactyloides,North Carolina,2019-06-26 9:43,2019,6,26,34.898288,-80.271422,https://www.inaturalist.org/observations/27729735,1,1,
Tripsacum dactyloides,North Carolina,2020-08-31 14:16:05,2020,8,31,36.134195,-79.172858,https://www.inaturalist.org/observations/58166704,0,0,
Tripsacum dactyloides,North Carolina,2020-08-03 15:04:18,2020,8,3,35.916896,-78.971187,https://www.inaturalist.org/observations/55321912,0,0,
Tripsacum dactyloides,North Carolina,2020-06-06 18:59:39,2020,6,6,35.98888,-78.945328,https://www.inaturalist.org/observations/48720590,1,1,
Tripsacum dactyloides,North Carolina,2020-07-09 16:19,2020,7,9,36.224615,-81.642603,https://www.inaturalist.org/observations/52611335,1,1,
Tripsacum dactyloides,North Carolina,2020-07-19 7:48:54,2020,7,19,35.984584,-79.062086,https://www.inaturalist.org/observations/53607667,1,0,
Tripsacum dactyloides,North Carolina,2020-07-16 14:41:29,2020,7,16,36.155467,-79.487105,https://www.inaturalist.org/observations/53303175,0,1,
Tripsacum dactyloides,North Carolina,2020-07-05 15:42:22,2020,7,5,35.314571,-79.983179,https://www.inaturalist.org/observations/52107950,1,1,
Tripsacum dactyloides,North Carolina,2020-06-26 21:44,2020,6,26,35.363031,-82.477568,https://www.inaturalist.org/observations/51176795,1,0,
Tripsacum dactyloides,North Carolina,2014-06-25 19:07,2014,6,25,36.079781,-79.639933,https://www.inaturalist.org/observations/50188103,1,1,
Tripsacum dactyloides,North Carolina,2020-06-09 18:31:42,2020,6,9,35.94364,-79.026545,https://www.inaturalist.org/observations/49069748,1,0,
Tripsacum dactyloides,North Carolina,2020-05-25 16:04:03,2020,5,25,35.844683,-79.122733,https://www.inaturalist.org/observations/47344181,1,0,great pic
Tripsacum dactyloides,North Carolina,2019-08-27 15:09:41,2019,8,27,35.684762,-79.281355,https://www.inaturalist.org/observations/31633260,1.5,0,
Tripsacum dactyloides,North Carolina,2019-08-20 13:07:16,2019,8,20,35.977458,-79.015189,https://www.inaturalist.org/observations/31196316,1,1,
Tripsacum dactyloides,North Carolina,2019-08-25 11:33:46,2019,8,25,36.094386,-79.502975,https://www.inaturalist.org/observations/31488022,1,1,
Tripsacum dactyloides,North Carolina,2019-07-19 9:50:08,2019,7,19,35.899587,-79.189087,https://www.inaturalist.org/observations/29121557,0,0,
Tripsacum dactyloides,North Carolina,2018-06-19 19:20:19,2018,6,19,36.136795,-79.015839,https://www.inaturalist.org/observations/13601250,1,1,
Tripsacum dactyloides,North Carolina,2018-06-19 19:59:35,2018,6,19,36.128136,-79.03273,https://www.inaturalist.org/observations/13600108,1,1,
Tripsacum dactyloides,North Carolina,2019-09-14 11:46:30,2019,9,14,36.442162,-80.288155,https://www.inaturalist.org/observations/32726537,1,1,
Tripsacum dactyloides,North Carolina,2019-08-13 12:04:27,2019,8,13,35.952087,-79.25522,https://www.inaturalist.org/observations/30949730,1,1,
Tripsacum dactyloides,North Carolina,2019-07-16 9:35:23,2019,7,16,34.97792,-80.120492,https://www.inaturalist.org/observations/28947086,0,1,
Tripsacum dactyloides,North Carolina,2019-07-14 8:51:07,2019,7,14,35.912891,-79.126992,https://www.inaturalist.org/observations/28797011,1,0,
Tripsacum dactyloides,North Carolina,2019-07-05 11:45:49,2019,7,5,35.99332,-79.1615,https://www.inaturalist.org/observations/28234455,1,1,
Tripsacum dactyloides,North Carolina,2019-06-23 19:03:44,2019,6,23,35.695036,-79.331615,https://www.inaturalist.org/observations/27540493,0,1,
Tripsacum dactyloides,North Carolina,2019-06-13 16:36:37,2019,6,13,36.004868,-79.127974,https://www.inaturalist.org/observations/26944344,1,1,
Tripsacum dactyloides,North Carolina,2018-09-19 10:11,2018,9,19,35.48677,-78.918844,https://www.inaturalist.org/observations/16705719,0,0,
Tripsacum dactyloides,North Carolina,2018-08-26 10:26:33,2018,8,26,35.16853,-80.832847,https://www.inaturalist.org/observations/16426195,1,1,
Tripsacum dactyloides,North Carolina,2018-07-30 13:35,2018,7,30,36.022508,-78.981984,https://www.inaturalist.org/observations/15002381,1,1,
Tripsacum dactyloides,North Carolina,2018-07-13 9:53,2018,7,13,36.018972,-79.082324,https://www.inaturalist.org/observations/14321644,1,1,
Tripsacum dactyloides,North Carolina,2018-07-01 17:03:24,2018,7,1,35.914017,-78.994897,https://www.inaturalist.org/observations/13985360,0,1,
Tripsacum dactyloides,North Carolina,2018-06-24 8:28:25,2018,6,24,35.991203,-79.053893,https://www.inaturalist.org/observations/13732357,1,0,
Tripsacum dactyloides,North Carolina,2018-06-20 9:06,2018,6,20,35.117975,-81.009396,https://www.inaturalist.org/observations/13655606,1,1,
Tripsacum dactyloides,North Carolina,2018-06-19 20:01:04,2018,6,19,36.127952,-79.032847,https://www.inaturalist.org/observations/13600993,1,1,
Tripsacum dactyloides,North Carolina,2018-06-02 12:16,2018,6,2,35.978083,-79.016486,https://www.inaturalist.org/observations/13053473,1,0,
Tripsacum dactyloides,North Carolina,6/7/15,2015,6,7,35.876066,-78.948934,https://www.inaturalist.org/observations/7072126,0,1,
Tripsacum dactyloides,North Carolina,2017-07-08 18:48:33,2017,7,8,36.104858,-79.109153,https://www.inaturalist.org/observations/6972877,1,1,
Tripsacum dactyloides,North Carolina,2017-06-18 11:32:46,2017,6,18,35.922093,-79.03879,https://www.inaturalist.org/observations/6705228,1,1,
Tripsacum dactyloides,North Carolina,2016-06-12 9:57:27,2016,6,12,36.008357,-78.99514,https://www.inaturalist.org/observations/3441909,1,1,
Tripsacum dactyloides,North Carolina,2016-06-11 10:18:03,2016,6,11,36.168172,-78.862185,https://www.inaturalist.org/observations/3435384,1,0,
Tripsacum dactyloides,North Carolina,2013-08-17 8:36:08,2013,8,17,35.990577,-79.053926,https://www.inaturalist.org/observations/368443,1,1,
Tripsacum dactyloides,North Carolina,2015-09-13 12:15:18,2015,9,13,36.22408,-81.642298,https://www.inaturalist.org/observations/1946166,1,1,
Tripsacum dactyloides,North Carolina,2025-07-09 12:03:05,2025,7,9,36.027583,-78.995597,https://www.inaturalist.org/observations/296591170,1,0,
Tripsacum dactyloides,North Carolina,2025-07-25 10:39:05,2025,7,25,36.288324,-80.858625,https://www.inaturalist.org/observations/301017516,1,1,
Tripsacum dactyloides,North Carolina,2024-08-23 9:22:46,2024,8,23,34.925413,-80.19867,https://www.inaturalist.org/observations/237590878,1,1,
Tripsacum dactyloides,North Carolina,2024-05-31 16:11:51,2024,5,31,35.535655,-79.328667,https://www.inaturalist.org/observations/219636063,1,0,
Tripsacum dactyloides,North Carolina,2024-06-09 10:59:51,2024,6,9,34.963,-80.197228,https://www.inaturalist.org/observations/221607192,1,0,
Tripsacum dactyloides,North Carolina,2018-06-12 17:51:33,2018,6,12,35.743692,-79.085542,https://www.inaturalist.org/observations/13406375,1,1,
Tripsacum dactyloides,Florida,2025-04-26 12:18:07,2025,4,26,26.064743,-80.367205,https://www.inaturalist.org/observations/273925489,NA,NA,
Tripsacum dactyloides,Florida,2024-12-21 12:58,2024,12,21,30.303705,-81.54362,https://www.inaturalist.org/observations/316636829,NA,NA,
Tripsacum dactyloides,Florida,2025-10-02 11:13:51,2025,10,2,30.06436,-82.235901,https://www.inaturalist.org/observations/318209278,NA,NA,
Tripsacum dactyloides,Florida,2025-10-02 11:14:06,2025,10,2,30.064405,-82.235909,https://www.inaturalist.org/observations/318209326,NA,NA,
Tripsacum dactyloides,Florida,2025-09-24 16:59:51,2025,9,24,29.647708,-82.344987,https://www.inaturalist.org/observations/316541778,NA,NA,
Tripsacum dactyloides,Florida,2025-09-13 8:33,2025,9,13,28.675322,-81.326494,https://www.inaturalist.org/observations/315559624,NA,NA,
Tripsacum dactyloides,Florida,2025-09-05 9:43:44,2025,9,5,28.625547,-81.700462,https://www.inaturalist.org/observations/311730326,NA,NA,
Tripsacum dactyloides,Florida,2025-07-31 9:03:50,2025,7,31,25.64383,-80.392892,https://www.inaturalist.org/observations/302644223,NA,NA,
Tripsacum dactyloides,Florida,2025-08-18 17:30:20,2025,8,18,29.4498,-81.182599,https://www.inaturalist.org/observations/307381849,NA,NA,
Tripsacum dactyloides,Florida,2025-07-06 15:21:50,2025,7,6,30.659014,-84.831667,https://www.inaturalist.org/observations/295847760,NA,NA,
Tripsacum dactyloides,Florida,2025-05-15 16:58:05,2025,5,15,25.746819,-80.954512,https://www.inaturalist.org/observations/306127985,NA,NA,
Tripsacum dactyloides,Florida,2025-08-01 9:51:47,2025,8,1,29.135773,-82.308346,https://www.inaturalist.org/observations/302990025,NA,NA,
Tripsacum dactyloides,Florida,2025-07-18 10:07:47,2025,7,18,27.099396,-82.333885,https://www.inaturalist.org/observations/298921934,NA,NA,
Tripsacum dactyloides,Florida,2025-07-29 15:16:36,2025,7,29,28.277013,-81.38823,https://www.inaturalist.org/observations/302385480,NA,NA,
Tripsacum dactyloides,Florida,2025-07-24 18:38:24,2025,7,24,28.564959,-81.320471,https://www.inaturalist.org/observations/300794240,NA,NA,
Tripsacum dactyloides,Florida,2025-07-20 16:57:36,2025,7,20,30.949658,-86.941994,https://www.inaturalist.org/observations/299733651,NA,NA,
Tripsacum dactyloides,Florida,2025-07-15 20:11,2025,7,15,28.897168,-82.592842,https://www.inaturalist.org/observations/298557738,NA,NA,
Tripsacum dactyloides,Florida,2025-06-21 18:27,2025,6,21,27.278147,-82.264916,https://www.inaturalist.org/observations/293263487,NA,NA,
Tripsacum dactyloides,Florida,2025-06-25 18:44:31,2025,6,25,25.835921,-80.119738,https://www.inaturalist.org/observations/292978720,NA,NA,
Tripsacum dactyloides,Florida,2025-06-25 8:27:09,2025,6,25,29.027943,-80.983308,https://www.inaturalist.org/observations/292667723,NA,NA,
Tripsacum dactyloides,Florida,2025-06-17 10:22:54,2025,6,17,28.768198,-81.431196,https://www.inaturalist.org/observations/290532461,NA,NA,
Tripsacum dactyloides,Florida,2025-06-12 12:45:24,2025,6,12,27.930033,-80.528483,https://www.inaturalist.org/observations/289081786,NA,NA,
Tripsacum dactyloides,Florida,2025-05-23 13:02,2025,5,23,26.464546,-81.770525,https://www.inaturalist.org/observations/286280530,NA,NA,
Tripsacum dactyloides,Florida,2025-06-10 12:23:27,2025,6,10,26.479255,-81.899545,https://www.inaturalist.org/observations/288631176,NA,NA,
Tripsacum dactyloides,Florida,2025-06-03 13:57:45,2025,6,3,28.290098,-82.715453,https://www.inaturalist.org/observations/288182933,NA,NA,
Tripsacum dactyloides,Florida,2025-05-31 16:49,2025,5,31,28.799984,-82.582069,https://www.inaturalist.org/observations/286025025,NA,NA,
Tripsacum dactyloides,Florida,2012-10-04 12:57,2012,10,4,30.038173,-84.909714,https://www.inaturalist.org/observations/284641283,NA,NA,
Tripsacum dactyloides,Florida,2025-05-07 8:12,2025,5,7,28.569714,-80.997462,https://www.inaturalist.org/observations/280006652,NA,NA,
Tripsacum dactyloides,Florida,2025-04-21 14:32,2025,4,21,25.979778,-81.414528,https://www.inaturalist.org/observations/276968382,NA,NA,
Tripsacum dactyloides,Florida,2025-04-25 19:20:45,2025,4,25,25.84337,-80.119484,https://www.inaturalist.org/observations/273445657,NA,NA,
Tripsacum dactyloides,Florida,2025-04-25 19:20:27,2025,4,25,25.843363,-80.119476,https://www.inaturalist.org/observations/273445517,NA,NA,
Tripsacum dactyloides,Florida,2025-04-22 19:10:08,2025,4,22,29.645547,-82.346337,https://www.inaturalist.org/observations/272318376,NA,NA,
Tripsacum dactyloides,Florida,2025-03-19 10:42:38,2025,3,19,27.37887,-80.333113,https://www.inaturalist.org/observations/266010470,NA,NA,
Tripsacum dactyloides,Florida,2025-03-07 11:52:41,2025,3,7,25.975341,-81.369245,https://www.inaturalist.org/observations/264427344,NA,NA,
Tripsacum dactyloides,Florida,2025-02-04 8:31:35,2025,2,4,26.380537,-80.10052,https://www.inaturalist.org/observations/260602601,NA,NA,
Tripsacum dactyloides,Florida,2024-12-30 13:41,2024,12,30,28.368808,-80.605086,https://www.inaturalist.org/observations/257368719,NA,NA,
Tripsacum dactyloides,Florida,2021-10-24 7:58:17,2021,10,24,27.634877,-82.718204,https://www.inaturalist.org/observations/99204046,NA,NA,
Tripsacum dactyloides,Florida,2023-11-28 9:40:33,2023,11,28,28.919036,-82.635966,https://www.inaturalist.org/observations/192455700,NA,NA,
Tripsacum dactyloides,Florida,2025-01-03 9:20:12,2025,1,3,25.997792,-81.614778,https://www.inaturalist.org/observations/257259177,NA,NA,
Tripsacum dactyloides,Florida,2024-12-21 12:58:45,2024,12,21,30.276178,-81.518228,https://www.inaturalist.org/observations/255795050,NA,NA,
Tripsacum dactyloides,Florida,2024-11-21 16:48:04,2024,11,21,25.91655,-81.391524,https://www.inaturalist.org/observations/252559198,NA,NA,
Tripsacum dactyloides,Florida,2024-06-22 10:18:44,2024,6,22,29.067902,-81.003814,https://www.inaturalist.org/observations/228621767,NA,NA,
Tripsacum dactyloides,Florida,2024-08-01 16:11:10,2024,8,1,29.621717,-82.323765,https://www.inaturalist.org/observations/233156454,NA,NA,
Tripsacum dactyloides,Florida,2024-09-01 12:25:54,2024,9,1,28.27613,-81.388771,https://www.inaturalist.org/observations/239206772,NA,NA,
Tripsacum dactyloides,Florida,2024-09-01 12:40:16,2024,9,1,28.279163,-81.388826,https://www.inaturalist.org/observations/239209893,NA,NA,
Tripsacum dactyloides,Florida,2024-08-01 2:43,2024,8,1,26.441864,-81.83872,https://www.inaturalist.org/observations/238435910,NA,NA,
Tripsacum dactyloides,Florida,2024-08-10 15:52:08,2024,8,10,27.992295,-80.40619,https://www.inaturalist.org/observations/234994392,NA,NA,
Tripsacum dactyloides,Florida,2024-05-27 18:18,2024,5,27,28.564894,-80.985594,https://www.inaturalist.org/observations/233854569,NA,NA,
Tripsacum dactyloides,Florida,2024-07-19 8:29:18,2024,7,19,26.894427,-80.162748,https://www.inaturalist.org/observations/230278547,NA,NA,
Tripsacum dactyloides,Florida,2024-07-31 15:22:25,2024,7,31,29.032043,-82.622677,https://www.inaturalist.org/observations/233005009,NA,NA,
Tripsacum dactyloides,Florida,2024-05-27 18:18,2024,5,27,28.564872,-80.98555,https://www.inaturalist.org/observations/233854568,NA,NA,
Tripsacum dactyloides,Florida,2024-07-23 9:11:43,2024,7,23,27.261226,-82.228806,https://www.inaturalist.org/observations/231286986,NA,NA,
Tripsacum dactyloides,Florida,2024-07-30 16:18:32,2024,7,30,29.001733,-82.702613,https://www.inaturalist.org/observations/232771300,NA,NA,
Tripsacum dactyloides,Florida,2024-07-14 9:40,2024,7,14,27.230483,-82.269193,https://www.inaturalist.org/observations/229485391,NA,NA,
Tripsacum dactyloides,Florida,2024-07-07 11:59:23,2024,7,7,29.682305,-82.295328,https://www.inaturalist.org/observations/227799990,NA,NA,
Tripsacum dactyloides,Florida,2024-05-29 16:41:09,2024,5,29,27.763326,-82.63715,https://www.inaturalist.org/observations/219188177,NA,NA,
Tripsacum dactyloides,Florida,2024-06-26 3:35,2024,6,26,26.402249,-81.871929,https://www.inaturalist.org/observations/225444217,NA,NA,
Tripsacum dactyloides,Florida,2024-06-16 9:54:05,2024,6,16,26.692455,-81.867519,https://www.inaturalist.org/observations/223134891,NA,NA,
Tripsacum dactyloides,Florida,2024-05-29 18:51:29,2024,5,29,30.62269,-87.034829,https://www.inaturalist.org/observations/219444571,NA,NA,
Tripsacum dactyloides,Florida,2024-06-12 13:04,2024,6,12,28.57254,-80.996557,https://www.inaturalist.org/observations/224187843,NA,NA,
Tripsacum dactyloides,Florida,2024-06-11 9:23:57,2024,6,11,28.825603,-81.315797,https://www.inaturalist.org/observations/222024621,NA,NA,
Tripsacum dactyloides,Florida,2022-11-17 11:20:25,2022,11,17,26.876985,-80.188572,https://www.inaturalist.org/observations/142223566,NA,NA,
Tripsacum dactyloides,Florida,2020-04-20 11:49:04,2020,4,20,30.692741,-84.299507,https://www.inaturalist.org/observations/42804797,NA,NA,
Tripsacum dactyloides,Florida,2024-03-01 8:47:23,2024,3,1,28.070344,-82.519502,https://www.inaturalist.org/observations/200904944,NA,NA,
Tripsacum dactyloides,Florida,2024-04-28 14:03:51,2024,4,28,26.810562,-80.169883,https://www.inaturalist.org/observations/211092761,NA,NA,
Tripsacum dactyloides,Florida,2024-04-28 10:38,2024,4,28,29.643111,-82.322906,https://www.inaturalist.org/observations/211873739,NA,NA,
Tripsacum dactyloides,Florida,2024-04-26 9:46,2024,4,26,28.579602,-81.000959,https://www.inaturalist.org/observations/211237099,NA,NA,
Tripsacum dactyloides,Florida,2024-04-26 19:12:39,2024,4,26,26.273517,-81.71067,https://www.inaturalist.org/observations/209849979,NA,NA,
Tripsacum dactyloides,Florida,2024-04-27 15:10,2024,4,27,26.78793,-81.307289,https://www.inaturalist.org/observations/211320258,NA,NA,
Tripsacum dactyloides,Florida,2024-04-23 16:47:32,2024,4,23,27.724808,-82.649642,https://www.inaturalist.org/observations/208978381,NA,NA,
Tripsacum dactyloides,Florida,2024-04-03 11:46:48,2024,4,3,27.238528,-80.27092,https://www.inaturalist.org/observations/205260689,NA,NA,
Tripsacum dactyloides,Florida,2024-03-21 11:34:39,2024,3,21,26.106847,-81.774292,https://www.inaturalist.org/observations/203370839,NA,NA,
Tripsacum dactyloides,Florida,2024-02-20 11:50,2024,2,20,25.979813,-81.413322,https://www.inaturalist.org/observations/200783854,NA,NA,
Tripsacum dactyloides,Florida,2024-02-20 13:10:05,2024,2,20,29.645665,-82.346233,https://www.inaturalist.org/observations/199914742,NA,NA,
Tripsacum dactyloides,Florida,2024-02-17 14:24:11,2024,2,17,26.048164,-81.075466,https://www.inaturalist.org/observations/199624578,NA,NA,
Tripsacum dactyloides,Florida,2024-01-27 9:59:34,2024,1,27,26.48372,-81.531455,https://www.inaturalist.org/observations/197936697,NA,NA,
Tripsacum dactyloides,Florida,2023-11-28 15:31:27,2023,11,28,24.726146,-81.242622,https://www.inaturalist.org/observations/192494447,NA,NA,
Tripsacum dactyloides,Florida,2023-11-10 13:31:43,2023,11,10,26.356482,-81.626701,https://www.inaturalist.org/observations/190606206,NA,NA,
Tripsacum dactyloides,Florida,2023-10-28 15:28,2023,10,28,25.980061,-81.378678,https://www.inaturalist.org/observations/190257564,NA,NA,
Tripsacum dactyloides,Florida,2023-09-30 12:55:03,2023,9,30,26.971087,-80.161872,https://www.inaturalist.org/observations/185641262,NA,NA,
Tripsacum dactyloides,Florida,2023-09-08 8:48:53,2023,9,8,27.4997,-82.672705,https://www.inaturalist.org/observations/182403055,NA,NA,
Tripsacum dactyloides,Florida,2023-09-07 12:30:04,2023,9,7,30.656706,-81.441133,https://www.inaturalist.org/observations/182408193,NA,NA,
Tripsacum dactyloides,Florida,2023-08-26 18:24:32,2023,8,26,29.659858,-82.368217,https://www.inaturalist.org/observations/180376787,NA,NA,
Tripsacum dactyloides,Florida,2023-08-31 16:36:14,2023,8,31,27.882814,-82.826146,https://www.inaturalist.org/observations/181108520,NA,NA,
Tripsacum dactyloides,Florida,2021-06-25 8:03,2021,6,25,29.680505,-81.310115,https://www.inaturalist.org/observations/87265553,NA,NA,
Tripsacum dactyloides,Florida,2020-12-23 14:12,2020,12,23,29.414466,-81.193226,https://www.inaturalist.org/observations/66977337,NA,NA,
Tripsacum dactyloides,Florida,2018-12-23 13:41,2018,12,23,25.952413,-81.33615,https://www.inaturalist.org/observations/67687980,NA,NA,
Tripsacum dactyloides,Florida,2023-07-31 9:07:43,2023,7,31,27.324828,-82.433503,https://www.inaturalist.org/observations/175923746,NA,NA,
Tripsacum dactyloides,Florida,2023-07-29 18:11,2023,7,29,30.082065,-81.54712,https://www.inaturalist.org/observations/175648914,NA,NA,
Tripsacum dactyloides,Florida,2023-08-06 9:27:43,2023,8,6,27.161347,-80.388572,https://www.inaturalist.org/observations/177036837,NA,NA,
Tripsacum dactyloides,Florida,2023-07-03 17:57,2023,7,3,29.000618,-82.700384,https://www.inaturalist.org/observations/170968659,NA,NA,
Tripsacum dactyloides,Florida,2023-06-29 12:58:38,2023,6,29,27.10105,-80.144011,https://www.inaturalist.org/observations/170141586,NA,NA,
Tripsacum dactyloides,Florida,2023-06-25 9:55:57,2023,6,25,29.067352,-81.00354,https://www.inaturalist.org/observations/169628010,NA,NA,
Tripsacum dactyloides,Florida,2023-06-13 11:52:19,2023,6,13,29.66542,-82.397278,https://www.inaturalist.org/observations/167210990,NA,NA,
Tripsacum dactyloides,Florida,2023-06-08 13:16:13,2023,6,8,27.203158,-80.199312,https://www.inaturalist.org/observations/166303726,NA,NA,
Tripsacum dactyloides,Florida,2023-06-10 13:42:50,2023,6,10,27.271417,-80.32038,https://www.inaturalist.org/observations/166639760,NA,NA,
Tripsacum dactyloides,Florida,2023-06-07 8:34:56,2023,6,7,29.630353,-82.334038,https://www.inaturalist.org/observations/166061453,NA,NA,
Tripsacum dactyloides,Florida,2022-05-27 10:55,2022,5,27,30.136658,-84.238417,https://www.inaturalist.org/observations/166516287,NA,NA,
Tripsacum dactyloides,Florida,2023-06-02 17:40,2023,6,2,26.170376,-81.071129,https://www.inaturalist.org/observations/166435110,NA,NA,
Tripsacum dactyloides,Florida,2022-05-27 10:55,2022,5,27,30.136658,-84.238417,https://www.inaturalist.org/observations/166516286,NA,NA,
Tripsacum dactyloides,Florida,2023-06-12 12:19:11,2023,6,12,30.361119,-81.496929,https://www.inaturalist.org/observations/167066917,NA,NA,
Tripsacum dactyloides,Florida,2023-05-24 9:53:39,2023,5,24,25.558563,-80.385138,https://www.inaturalist.org/observations/163484270,NA,NA,
Tripsacum dactyloides,Florida,2022-08-13 11:11,2022,8,13,25.6497,-80.404861,https://www.inaturalist.org/observations/130670877,NA,NA,
Tripsacum dactyloides,Florida,2023-05-19 11:45:07,2023,5,19,26.620143,-81.397356,https://www.inaturalist.org/observations/162525049,NA,NA,
Tripsacum dactyloides,Florida,2023-05-06 15:34:22,2023,5,6,28.580938,-80.997055,https://www.inaturalist.org/observations/161254898,NA,NA,
Tripsacum dactyloides,Florida,2023-05-14 12:13:32,2023,5,14,26.19173,-81.056585,https://www.inaturalist.org/observations/161625197,NA,NA,
Tripsacum dactyloides,Florida,2023-05-05 10:50:38,2023,5,5,27.328467,-82.480462,https://www.inaturalist.org/observations/159907477,NA,NA,
Tripsacum dactyloides,Florida,2023-05-14 12:11:56,2023,5,14,26.191316,-81.056695,https://www.inaturalist.org/observations/161624888,NA,NA,
Tripsacum dactyloides,Florida,2023-05-01 15:47:20,2023,5,1,26.815847,-80.174858,https://www.inaturalist.org/observations/158926173,NA,NA,
Tripsacum dactyloides,Florida,2023-05-01 14:41,2023,5,1,30.085914,-84.167769,https://www.inaturalist.org/observations/159257379,NA,NA,
Tripsacum dactyloides,Florida,2023-05-01 16:22,2023,5,1,30.140003,-84.134711,https://www.inaturalist.org/observations/159257388,NA,NA,
Tripsacum dactyloides,Florida,2023-04-11 19:55:46,2023,4,11,30.187061,-84.145867,https://www.inaturalist.org/observations/154567468,NA,NA,
Tripsacum dactyloides,Florida,2023-04-11 19:59:52,2023,4,11,30.193793,-84.148112,https://www.inaturalist.org/observations/154502116,NA,NA,
Tripsacum dactyloides,Florida,2023-04-01 9:27:08,2023,4,1,27.119867,-80.253738,https://www.inaturalist.org/observations/153064413,NA,NA,
Tripsacum dactyloides,Florida,2023-03-19 14:42:53,2023,3,19,26.160416,-81.408833,https://www.inaturalist.org/observations/151735509,NA,NA,
Tripsacum dactyloides,Florida,2023-03-08 12:45:35,2023,3,8,27.118075,-80.182892,https://www.inaturalist.org/observations/150598265,NA,NA,
Tripsacum dactyloides,Florida,2020-11-20 17:32:42,2020,11,20,26.118217,-80.160432,https://www.inaturalist.org/observations/65298890,NA,NA,
Tripsacum dactyloides,Florida,2006-06-03 22:32,2006,6,3,26.229774,-80.185751,https://www.inaturalist.org/observations/144740177,NA,NA,
Tripsacum dactyloides,Florida,2023-01-24 15:53:36,2023,1,24,27.499737,-82.672722,https://www.inaturalist.org/observations/147291160,NA,NA,
Tripsacum dactyloides,Florida,2023-02-03 9:56:40,2023,2,3,26.880885,-82.3046,https://www.inaturalist.org/observations/147951921,NA,NA,
Tripsacum dactyloides,Florida,2023-01-10 16:34:08,2023,1,10,26.340374,-80.131948,https://www.inaturalist.org/observations/146294956,NA,NA,
Tripsacum dactyloides,Florida,2023-01-09 13:11:52,2023,1,9,27.100733,-80.144011,https://www.inaturalist.org/observations/146229107,NA,NA,
Tripsacum dactyloides,Florida,2023-01-07 11:44:09,2023,1,7,25.693951,-80.317529,https://www.inaturalist.org/observations/146053375,NA,NA,
Tripsacum dactyloides,Florida,2022-11-18 11:14:35,2022,11,18,29.000058,-81.356435,https://www.inaturalist.org/observations/142297495,NA,NA,
Tripsacum dactyloides,Florida,2022-11-11 9:03:53,2022,11,11,26.535667,-81.865203,https://www.inaturalist.org/observations/142037994,NA,NA,
Tripsacum dactyloides,Florida,2022-10-23 13:47,2022,10,23,27.003286,-80.121794,https://www.inaturalist.org/observations/139793342,NA,NA,
Tripsacum dactyloides,Florida,2022-10-23 14:38:33,2022,10,23,27.878052,-82.645729,https://www.inaturalist.org/observations/139778517,NA,NA,
Tripsacum dactyloides,Florida,2022-08-13 11:20,2022,8,13,25.650013,-80.404984,https://www.inaturalist.org/observations/130670873,NA,NA,
Tripsacum dactyloides,Florida,2022-09-25 11:00:09,2022,9,25,26.169193,-80.269724,https://www.inaturalist.org/observations/136433960,NA,NA,
Tripsacum dactyloides,Florida,2022-09-24 11:38:14,2022,9,24,30.177814,-82.669494,https://www.inaturalist.org/observations/136289832,NA,NA,
Tripsacum dactyloides,Florida,2022-03-11 16:20:25,2022,3,11,27.51655,-82.663278,https://www.inaturalist.org/observations/108399933,NA,NA,
Tripsacum dactyloides,Florida,2022-08-24 12:00:05,2022,8,24,28.916972,-82.608905,https://www.inaturalist.org/observations/132154142,NA,NA,
Tripsacum dactyloides,Florida,2022-07-18 16:49:01,2022,7,18,30.660202,-84.209131,https://www.inaturalist.org/observations/134297864,NA,NA,
Tripsacum dactyloides,Florida,2022-08-22 17:02:53,2022,8,22,27.148139,-80.235267,https://www.inaturalist.org/observations/131940098,NA,NA,
Tripsacum dactyloides,Florida,2022-09-05 19:29:18,2022,9,5,29.018056,-81.34732,https://www.inaturalist.org/observations/134250745,NA,NA,
Tripsacum dactyloides,Florida,2022-08-21 11:48,2022,8,21,28.311602,-82.042961,https://www.inaturalist.org/observations/133041439,NA,NA,
Tripsacum dactyloides,Florida,2022-08-05 10:19,2022,8,5,25.998344,-81.613362,https://www.inaturalist.org/observations/129589079,NA,NA,
Tripsacum dactyloides,Florida,2022-07-10 17:26,2022,7,10,26.974607,-82.375423,https://www.inaturalist.org/observations/125723970,NA,NA,
Tripsacum dactyloides,Florida,2022-07-01 12:36:08,2022,7,1,29.050149,-81.513232,https://www.inaturalist.org/observations/125877392,NA,NA,
Tripsacum dactyloides,Florida,2022-07-13 10:20:59,2022,7,13,26.815821,-80.174872,https://www.inaturalist.org/observations/126066309,NA,NA,
Tripsacum dactyloides,Florida,2022-07-16 8:47:52,2022,7,16,29.676113,-82.1037,https://www.inaturalist.org/observations/126472814,NA,NA,
Tripsacum dactyloides,Florida,2022-04-10 14:18:20,2022,4,10,27.103614,-80.253808,https://www.inaturalist.org/observations/111013373,NA,NA,
Tripsacum dactyloides,Florida,2022-07-10 17:26,2022,7,10,26.974864,-82.375484,https://www.inaturalist.org/observations/125723967,NA,NA,
Tripsacum dactyloides,Florida,2022-06-12 13:29:55,2022,6,12,28.011333,-82.705484,https://www.inaturalist.org/observations/121448096,NA,NA,
Tripsacum dactyloides,Florida,2022-07-02 9:08:23,2022,7,2,28.3027,-81.452184,https://www.inaturalist.org/observations/124379284,NA,NA,
Tripsacum dactyloides,Florida,2022-06-26 8:43:31,2022,6,26,28.073511,-80.614617,https://www.inaturalist.org/observations/123514879,NA,NA,
Tripsacum dactyloides,Florida,2022-06-16 9:15:31,2022,6,16,26.454345,-81.557213,https://www.inaturalist.org/observations/122021159,NA,NA,
Tripsacum dactyloides,Florida,2022-05-30 16:57:22,2022,5,30,28.099753,-82.313278,https://www.inaturalist.org/observations/119516242,NA,NA,
Tripsacum dactyloides,Florida,2022-07-01 16:09:56,2022,7,1,28.202677,-82.619156,https://www.inaturalist.org/observations/124291850,NA,NA,
Tripsacum dactyloides,Florida,2020-04-22 9:30:40,2020,4,22,27.170692,-82.470172,https://www.inaturalist.org/observations/45062824,NA,NA,
Tripsacum dactyloides,Florida,2022-06-01 19:19:43,2022,6,1,28.719967,-81.407585,https://www.inaturalist.org/observations/119803266,NA,NA,
Tripsacum dactyloides,Florida,2019-09-03 10:17:56,2019,9,3,27.622923,-82.713916,https://www.inaturalist.org/observations/32484676,NA,NA,
Tripsacum dactyloides,Florida,2021-08-27 10:02:53,2021,8,27,27.595011,-82.553492,https://www.inaturalist.org/observations/92669669,NA,NA,
Tripsacum dactyloides,Florida,2018-05-13 15:38,2018,5,13,28.569695,-80.997148,https://www.inaturalist.org/observations/12456981,NA,NA,
Tripsacum dactyloides,Florida,2022-05-14 13:30:03,2022,5,14,26.693159,-81.777119,https://www.inaturalist.org/observations/118061637,NA,NA,
Tripsacum dactyloides,Florida,2022-01-12 11:54:57,2022,1,12,26.6329,-80.235358,https://www.inaturalist.org/observations/105135996,NA,NA,
Tripsacum dactyloides,Florida,2022-04-29 7:52,2022,4,29,25.755022,-80.927254,https://www.inaturalist.org/observations/115278627,NA,NA,
Tripsacum dactyloides,Florida,2022-05-02 19:13:20,2022,5,2,26.479175,-82.168862,https://www.inaturalist.org/observations/114932806,NA,NA,
Tripsacum dactyloides,Florida,2022-04-30 10:55,2022,4,30,28.570323,-80.996554,https://www.inaturalist.org/observations/114488599,NA,NA,
Tripsacum dactyloides,Florida,2021-11-16 7:43:20,2021,11,16,25.538554,-80.532471,https://www.inaturalist.org/observations/111864596,NA,NA,
Tripsacum dactyloides,Florida,2022-04-12 18:48:14,2022,4,12,27.499717,-82.672722,https://www.inaturalist.org/observations/112028028,NA,NA,
Tripsacum dactyloides,Florida,2022-04-07 13:42:59,2022,4,7,27.50764,-82.664469,https://www.inaturalist.org/observations/110675282,NA,NA,
Tripsacum dactyloides,Florida,2022-03-21 9:35,2022,3,21,27.500047,-82.672771,https://www.inaturalist.org/observations/109156063,NA,NA,
Tripsacum dactyloides,Florida,2022-04-06 11:09:32,2022,4,6,27.185443,-82.18863,https://www.inaturalist.org/observations/110574293,NA,NA,
Tripsacum dactyloides,Florida,2022-04-15 13:52:23,2022,4,15,28.57946,-81.22643,https://www.inaturalist.org/observations/111592178,NA,NA,
Tripsacum dactyloides,Florida,2022-03-06 10:13:45,2022,3,6,26.880346,-82.304832,https://www.inaturalist.org/observations/108027540,NA,NA,
Tripsacum dactyloides,Florida,2022-02-23 13:49:45,2022,2,23,27.672562,-82.263305,https://www.inaturalist.org/observations/107346818,NA,NA,
Tripsacum dactyloides,Florida,2022-02-10 10:11:20,2022,2,10,25.998955,-81.605667,https://www.inaturalist.org/observations/106508348,NA,NA,
Tripsacum dactyloides,Florida,2022-01-16 8:56,2022,1,16,25.40064,-80.565875,https://www.inaturalist.org/observations/105569726,NA,NA,
Tripsacum dactyloides,Florida,2022-01-16 17:26:08,2022,1,16,30.037026,-84.486901,https://www.inaturalist.org/observations/105074959,NA,NA,
Tripsacum dactyloides,Florida,2021-12-05 8:02:04,2021,12,5,27.658812,-82.382382,https://www.inaturalist.org/observations/102540502,NA,NA,
Tripsacum dactyloides,Florida,2021-10-12 18:25:39,2021,10,12,26.158675,-81.788612,https://www.inaturalist.org/observations/98123260,NA,NA,
Tripsacum dactyloides,Florida,2021-10-14 18:26:26,2021,10,14,27.928059,-82.380272,https://www.inaturalist.org/observations/98238119,NA,NA,
Tripsacum dactyloides,Florida,2021-09-20 14:49:06,2021,9,20,26.463303,-81.772267,https://www.inaturalist.org/observations/95586634,NA,NA,
Tripsacum dactyloides,Florida,8/2/21,2021,8,2,28.76211,-82.172629,https://www.inaturalist.org/observations/92254702,NA,NA,
Tripsacum dactyloides,Florida,2021-01-11 10:26:24,2021,1,11,27.283114,-82.507351,https://www.inaturalist.org/observations/67909878,NA,NA,
Tripsacum dactyloides,Florida,2019-04-26 8:32:27,2019,4,26,25.611805,-80.39282,https://www.inaturalist.org/observations/23121243,NA,NA,
Tripsacum dactyloides,Florida,2021-09-15 14:34:33,2021,9,15,26.692845,-81.867645,https://www.inaturalist.org/observations/95025066,NA,NA,
Tripsacum dactyloides,Florida,9/3/17,2017,9,3,29.615923,-82.410647,https://www.inaturalist.org/observations/7772839,NA,NA,
Tripsacum dactyloides,Florida,2020-08-17 9:52:54,2020,8,17,29.676067,-82.103739,https://www.inaturalist.org/observations/60063660,NA,NA,
Tripsacum dactyloides,Florida,2019-02-22 10:40,2019,2,22,29.606858,-82.239717,https://www.inaturalist.org/observations/20670870,NA,NA,
Tripsacum dactyloides,Florida,2021-07-24 9:30:39,2021,7,24,28.303316,-81.451309,https://www.inaturalist.org/observations/88384233,NA,NA,
Tripsacum dactyloides,Florida,2021-07-13 8:55:36,2021,7,13,27.665535,-82.399887,https://www.inaturalist.org/observations/86844674,NA,NA,
Tripsacum dactyloides,Florida,2021-05-16 11:34,2021,5,16,28.911201,-82.607206,https://www.inaturalist.org/observations/79175699,NA,NA,
Tripsacum dactyloides,Florida,2021-08-31 11:41:54,2021,8,31,29.066889,-81.002508,https://www.inaturalist.org/observations/94173194,NA,NA,
Tripsacum dactyloides,Florida,2021-08-28 10:48:42,2021,8,28,30.321553,-81.939513,https://www.inaturalist.org/observations/92801245,NA,NA,
Tripsacum dactyloides,Florida,2021-07-23 13:47:17,2021,7,23,30.123622,-81.560988,https://www.inaturalist.org/observations/88629746,NA,NA,
Tripsacum dactyloides,Florida,2021-07-29 12:55,2021,7,29,26.22686,-80.188257,https://www.inaturalist.org/observations/89124100,NA,NA,
Tripsacum dactyloides,Florida,2021-07-07 10:08:47,2021,7,7,28.01122,-80.697748,https://www.inaturalist.org/observations/86813866,NA,NA,
Tripsacum dactyloides,Florida,2019-01-05 16:41:25,2019,1,5,27.500113,-82.678147,https://www.inaturalist.org/observations/19453748,NA,NA,
Tripsacum dactyloides,Florida,2021-06-24 9:51,2021,6,24,28.229,-81.367126,https://www.inaturalist.org/observations/84379526,NA,NA,
Tripsacum dactyloides,Florida,2021-06-06 14:54:40,2021,6,6,27.22703,-80.212339,https://www.inaturalist.org/observations/81908555,NA,NA,
Tripsacum dactyloides,Florida,2021-05-29 9:34,2021,5,29,28.481152,-81.876511,https://www.inaturalist.org/observations/80831484,NA,NA,
Tripsacum dactyloides,Florida,2021-05-13 16:09:22,2021,5,13,26.441728,-81.838429,https://www.inaturalist.org/observations/78632072,NA,NA,
Tripsacum dactyloides,Florida,2021-03-31 16:14:26,2021,3,31,26.133656,-81.806108,https://www.inaturalist.org/observations/72575470,NA,NA,
Tripsacum dactyloides,Florida,2020-05-05 19:14:56,2020,5,5,29.630172,-82.311988,https://www.inaturalist.org/observations/45031589,NA,NA,
Tripsacum dactyloides,Florida,2020-05-30 12:04,2020,5,30,28.525289,-80.9737,https://www.inaturalist.org/observations/69599524,NA,NA,
Tripsacum dactyloides,Florida,2019-03-07 10:53:52,2019,3,7,26.264711,-81.646761,https://www.inaturalist.org/observations/21024192,NA,NA,
Tripsacum dactyloides,Florida,2020-12-19 16:05,2020,12,19,27.500084,-82.678123,https://www.inaturalist.org/observations/66799499,NA,NA,
Tripsacum dactyloides,Florida,2020-12-10 11:40:19,2020,12,10,27.321861,-82.440881,https://www.inaturalist.org/observations/66378507,NA,NA,
Tripsacum dactyloides,Florida,2020-11-21 14:32:38,2020,11,21,26.064403,-80.365233,https://www.inaturalist.org/observations/65360134,NA,NA,
Tripsacum dactyloides,Florida,2020-09-07 13:18,2020,9,7,29.652292,-82.396677,https://www.inaturalist.org/observations/63636644,NA,NA,
Tripsacum dactyloides,Florida,2020-10-06 14:27,2020,10,6,28.555602,-81.640463,https://www.inaturalist.org/observations/61905839,NA,NA,
Tripsacum dactyloides,Florida,2020-09-27 16:10:36,2020,9,27,27.091856,-80.242528,https://www.inaturalist.org/observations/61011305,NA,NA,
Tripsacum dactyloides,Florida,2020-08-07 14:47:32,2020,8,7,29.74402,-81.243221,https://www.inaturalist.org/observations/55722760,NA,NA,
Tripsacum dactyloides,Florida,2020-08-11 15:37:09,2020,8,11,27.405141,-81.114623,https://www.inaturalist.org/observations/56177165,NA,NA,
Tripsacum dactyloides,Florida,2020-08-04 8:54:28,2020,8,4,28.577537,-81.32332,https://www.inaturalist.org/observations/55499203,NA,NA,
Tripsacum dactyloides,Florida,2020-07-16 11:59,2020,7,16,27.540211,-81.420225,https://www.inaturalist.org/observations/55781873,NA,NA,
Tripsacum dactyloides,Florida,2020-08-04 11:20:35,2020,8,4,26.007765,-80.296256,https://www.inaturalist.org/observations/55558855,NA,NA,
Tripsacum dactyloides,Florida,2020-05-09 9:49:55,2020,5,9,27.283051,-82.507228,https://www.inaturalist.org/observations/45386823,NA,NA,
Tripsacum dactyloides,Florida,2020-07-18 18:30:11,2020,7,18,27.250068,-80.331415,https://www.inaturalist.org/observations/53531914,NA,NA,
Tripsacum dactyloides,Florida,2020-06-17 12:18:35,2020,6,17,29.858096,-81.296383,https://www.inaturalist.org/observations/49956284,NA,NA,
Tripsacum dactyloides,Florida,2020-07-18 18:15,2020,7,18,29.619705,-82.3248,https://www.inaturalist.org/observations/53539792,NA,NA,
Tripsacum dactyloides,Florida,2020-07-17 13:37,2020,7,17,28.049341,-81.776211,https://www.inaturalist.org/observations/53396878,NA,NA,
Tripsacum dactyloides,Florida,2020-06-07 10:40:49,2020,6,7,26.691003,-81.868871,https://www.inaturalist.org/observations/48781589,NA,NA,
Tripsacum dactyloides,Florida,2020-07-13 9:12:49,2020,7,13,26.734663,-81.603905,https://www.inaturalist.org/observations/52954516,NA,NA,
Tripsacum dactyloides,Florida,2020-07-02 15:43,2020,7,2,26.89656,-80.115374,https://www.inaturalist.org/observations/51832404,NA,NA,
Tripsacum dactyloides,Florida,2020-07-01 10:34:17,2020,7,1,28.569698,-80.997591,https://www.inaturalist.org/observations/51729672,NA,NA,
Tripsacum dactyloides,Florida,2020-07-02 15:43,2020,7,2,26.89656,-80.115374,https://www.inaturalist.org/observations/51832403,NA,NA,
Tripsacum dactyloides,Florida,2020-06-18 18:44,2020,6,18,27.672156,-82.358149,https://www.inaturalist.org/observations/50098897,NA,NA,
Tripsacum dactyloides,Florida,2020-06-10 8:02:40,2020,6,10,27.325584,-82.433407,https://www.inaturalist.org/observations/49116549,NA,NA,
Tripsacum dactyloides,Florida,2020-06-11 11:21:52,2020,6,11,27.297391,-82.46554,https://www.inaturalist.org/observations/49231629,NA,NA,
Tripsacum dactyloides,Florida,2018-06-03 8:10,2018,6,3,29.947196,-84.916566,https://www.inaturalist.org/observations/44804726,NA,NA,
Tripsacum dactyloides,Florida,2020-04-26 12:57:59,2020,4,26,27.269455,-82.533844,https://www.inaturalist.org/observations/43700215,NA,NA,
Tripsacum dactyloides,Florida,2020-04-26 10:56:26,2020,4,26,27.224321,-82.46232,https://www.inaturalist.org/observations/43671866,NA,NA,
Tripsacum dactyloides,Florida,2020-04-26 13:00:33,2020,4,26,27.269445,-82.533877,https://www.inaturalist.org/observations/43707750,NA,NA,
Tripsacum dactyloides,Florida,2020-04-23 15:15:50,2020,4,23,28.532995,-81.317375,https://www.inaturalist.org/observations/43185841,NA,NA,
Tripsacum dactyloides,Florida,2020-03-16 11:34,2020,3,16,29.820269,-81.399781,https://www.inaturalist.org/observations/40131474,NA,NA,
Tripsacum dactyloides,Florida,2020-02-28 15:07:55,2020,2,28,27.437142,-82.42872,https://www.inaturalist.org/observations/39335779,NA,NA,
Tripsacum dactyloides,Florida,2018-05-16 10:28,2018,5,16,29.789322,-81.527533,https://www.inaturalist.org/observations/38389724,NA,NA,
Tripsacum dactyloides,Florida,2020-02-19 11:06,2020,2,19,29.496583,-81.484511,https://www.inaturalist.org/observations/38967085,NA,NA,
Tripsacum dactyloides,Florida,2020-01-03 14:52:56,2020,1,3,28.914175,-80.817725,https://www.inaturalist.org/observations/37286499,NA,NA,
Tripsacum dactyloides,Florida,2019-02-24 11:01,2019,2,24,29.715272,-81.253433,https://www.inaturalist.org/observations/37399697,NA,NA,
Tripsacum dactyloides,Florida,2020-01-01 15:13:16,2020,1,1,29.409842,-81.099122,https://www.inaturalist.org/observations/37223535,NA,NA,
Tripsacum dactyloides,Florida,2017-07-16 8:41,2017,7,16,30.121847,-81.553017,https://www.inaturalist.org/observations/35709423,NA,NA,
Tripsacum dactyloides,Florida,2019-05-02 11:38:28,2019,5,2,27.587363,-82.556372,https://www.inaturalist.org/observations/24411908,NA,NA,
Tripsacum dactyloides,Florida,2019-09-11 10:56:27,2019,9,11,30.34433,-84.302517,https://www.inaturalist.org/observations/32528767,NA,NA,
Tripsacum dactyloides,Florida,2019-09-02 15:30,2019,9,2,29.594846,-82.225533,https://www.inaturalist.org/observations/32016878,NA,NA,
Tripsacum dactyloides,Florida,2019-08-28 12:37:43,2019,8,28,26.821503,-80.294943,https://www.inaturalist.org/observations/31676446,NA,NA,
Tripsacum dactyloides,Florida,2019-08-12 14:45:17,2019,8,12,28.134699,-82.755821,https://www.inaturalist.org/observations/30702610,NA,NA,
Tripsacum dactyloides,Florida,2019-07-02 11:18:59,2019,7,2,27.173114,-82.465114,https://www.inaturalist.org/observations/29730931,NA,NA,
Tripsacum dactyloides,Florida,2019-07-15 18:40:48,2019,7,15,26.483415,-81.532887,https://www.inaturalist.org/observations/28903180,NA,NA,
Tripsacum dactyloides,Florida,2019-07-08 10:59:48,2019,7,8,30.121822,-81.553008,https://www.inaturalist.org/observations/28473141,NA,NA,
Tripsacum dactyloides,Florida,2019-07-05 11:36,2019,7,5,29.661544,-81.255525,https://www.inaturalist.org/observations/28363468,NA,NA,
Tripsacum dactyloides,Florida,2019-06-25 10:21,2019,6,25,29.765008,-81.296761,https://www.inaturalist.org/observations/27821055,NA,NA,
Tripsacum dactyloides,Florida,2019-05-30 9:40,2019,5,30,29.643736,-81.289908,https://www.inaturalist.org/observations/26284017,NA,NA,
Tripsacum dactyloides,Florida,2019-04-25 10:32,2019,4,25,26.6928,-81.870347,https://www.inaturalist.org/observations/23068225,NA,NA,
Tripsacum dactyloides,Florida,2019-04-24 14:14,2019,4,24,29.493186,-81.733344,https://www.inaturalist.org/observations/23023500,NA,NA,
Tripsacum dactyloides,Florida,2019-03-03 16:18:18,2019,3,3,28.067378,-82.367499,https://www.inaturalist.org/observations/20922482,NA,NA,
Tripsacum dactyloides,Florida,2018-06-26 9:35,2018,6,26,28.850007,-82.621331,https://www.inaturalist.org/observations/13869315,NA,NA,
Tripsacum dactyloides,Florida,2025-11-19 19:44,2025,11,19,25.424389,-80.67964,https://www.inaturalist.org/observations/328142399,NA,NA,
Tripsacum dactyloides,Florida,2024-07-31 13:19:10,2024,7,31,26.780072,-80.146753,https://www.inaturalist.org/observations/232971775,NA,NA,
Tripsacum dactyloides,Florida,2023-01-28 10:23,2023,1,28,26.302016,-80.164067,https://www.inaturalist.org/observations/147741387,NA,NA,
Tripsacum dactyloides,Florida,2022-05-27 9:59,2022,5,27,27.294314,-81.849524,https://www.inaturalist.org/observations/118991089,NA,NA,
Tripsacum dactyloides,Florida,2021-06-26 11:13:05,2021,6,26,30.302672,-84.564263,https://www.inaturalist.org/observations/86294923,NA,NA,
Tripsacum dactyloides,Missouri,2024-07-01 16:57:01,2024,7,1,38.474203,-90.812604,https://www.inaturalist.org/observations/226548795,NA,NA,
Tripsacum dactyloides,Missouri,2024-08-15 16:48:17,2024,8,15,38.468955,-90.81983,https://www.inaturalist.org/observations/235994867,NA,NA,
Tripsacum dactyloides,Missouri,2024-06-15 9:46:10,2024,6,15,38.474284,-90.82426,https://www.inaturalist.org/observations/222867030,NA,NA,
Tripsacum dactyloides,Missouri,2025-06-09 12:16,2025,6,9,38.913781,-90.179316,https://www.inaturalist.org/observations/329896734,NA,NA,
Tripsacum dactyloides,Missouri,2025-08-23 9:50:55,2025,8,23,38.554978,-90.468453,https://www.inaturalist.org/observations/309002214,NA,NA,
Tripsacum dactyloides,Missouri,2025-06-07 10:56:04,2025,6,7,37.520218,-94.517826,https://www.inaturalist.org/observations/287607721,NA,NA,
Tripsacum dactyloides,Missouri,2025-06-06 11:27:18,2025,6,6,38.317424,-93.338679,https://www.inaturalist.org/observations/287338837,NA,NA,
Tripsacum dactyloides,Missouri,2025-06-06 9:21:40,2025,6,6,38.874804,-94.04288,https://www.inaturalist.org/observations/287581086,NA,NA,
Tripsacum dactyloides,Missouri,2025-06-27 13:27:44,2025,6,27,38.949528,-94.35675,https://www.inaturalist.org/observations/293187202,NA,NA,
Tripsacum dactyloides,Missouri,2025-06-20 10:54:51,2025,6,20,38.640069,-90.268601,https://www.inaturalist.org/observations/314401161,NA,NA,
Tripsacum dactyloides,Missouri,2025-08-05 15:05:37,2025,8,5,38.56226,-90.452343,https://www.inaturalist.org/observations/314781266,NA,NA,
Tripsacum dactyloides,Missouri,2025-09-15 13:23:09,2025,9,15,38.626595,-90.379905,https://www.inaturalist.org/observations/314203482,NA,NA,
Tripsacum dactyloides,Missouri,2025-06-24 13:52:02,2025,6,24,37.110819,-93.977961,https://www.inaturalist.org/observations/295399121,NA,NA,
Tripsacum dactyloides,Missouri,2025-06-11 9:55:31,2025,6,11,38.625539,-90.378679,https://www.inaturalist.org/observations/296511810,NA,NA,
Tripsacum dactyloides,Missouri,2025-06-20 9:23:56,2025,6,20,38.642557,-90.274731,https://www.inaturalist.org/observations/296229686,NA,NA,
Tripsacum dactyloides,Missouri,7/4/24,2024,7,4,37.495551,-93.99167,https://www.inaturalist.org/observations/227414712,NA,NA,
Tripsacum dactyloides,Missouri,2025-07-14 9:48:22,2025,7,14,38.472734,-90.812043,https://www.inaturalist.org/observations/297901493,NA,NA,
Tripsacum dactyloides,Missouri,2025-07-05 10:46,2025,7,5,38.551387,-93.297348,https://www.inaturalist.org/observations/295760987,NA,NA,
Tripsacum dactyloides,Missouri,2025-08-02 11:25:10,2025,8,2,38.460911,-90.841324,https://www.inaturalist.org/observations/303160973,NA,NA,
Tripsacum dactyloides,Missouri,2025-06-10 9:21:41,2025,6,10,37.365212,-94.145819,https://www.inaturalist.org/observations/288558748,NA,NA,
Tripsacum dactyloides,Missouri,2025-07-12 10:22:47,2025,7,12,38.471318,-90.82002,https://www.inaturalist.org/observations/297355453,NA,NA,
Tripsacum dactyloides,Missouri,2025-07-16 16:13:40,2025,7,16,38.62647,-90.378922,https://www.inaturalist.org/observations/299043705,NA,NA,
Tripsacum dactyloides,Missouri,2025-07-12 9:05:25,2025,7,12,38.474522,-90.808145,https://www.inaturalist.org/observations/297561025,NA,NA,
Tripsacum dactyloides,Missouri,2025-06-19 13:15:10,2025,6,19,38.471678,-90.820267,https://www.inaturalist.org/observations/293936239,NA,NA,
Tripsacum dactyloides,Missouri,2025-06-30 8:42:35,2025,6,30,38.479847,-90.828087,https://www.inaturalist.org/observations/294294845,NA,NA,
Tripsacum dactyloides,Missouri,2025-06-19 13:23:47,2025,6,19,38.470958,-90.819283,https://www.inaturalist.org/observations/293937511,NA,NA,
Tripsacum dactyloides,Missouri,2025-06-11 9:58:53,2025,6,11,38.625503,-90.378937,https://www.inaturalist.org/observations/292625546,NA,NA,
Tripsacum dactyloides,Missouri,2025-06-13 12:42:43,2025,6,13,37.200735,-94.520853,https://www.inaturalist.org/observations/289313162,NA,NA,
Tripsacum dactyloides,Missouri,2025-06-16 12:33:42,2025,6,16,38.472963,-90.812338,https://www.inaturalist.org/observations/290776057,NA,NA,
Tripsacum dactyloides,Missouri,2025-06-22 7:18:07,2025,6,22,38.714345,-90.514747,https://www.inaturalist.org/observations/292343899,NA,NA,
Tripsacum dactyloides,Missouri,2025-06-16 12:34:30,2025,6,16,38.472938,-90.812303,https://www.inaturalist.org/observations/290776027,NA,NA,
Tripsacum dactyloides,Missouri,2025-06-16 12:35,2025,6,16,38.472942,-90.812295,https://www.inaturalist.org/observations/290775972,NA,NA,
Tripsacum dactyloides,Missouri,2025-06-10 15:51:20,2025,6,10,38.476078,-90.823738,https://www.inaturalist.org/observations/288833365,NA,NA,
Tripsacum dactyloides,Missouri,2025-06-12 10:36:20,2025,6,12,38.526169,-90.560139,https://www.inaturalist.org/observations/289033325,NA,NA,
Tripsacum dactyloides,Missouri,2025-06-15 18:16:13,2025,6,15,37.102951,-93.400866,https://www.inaturalist.org/observations/290054016,NA,NA,
Tripsacum dactyloides,Missouri,2025-06-07 15:01:43,2025,6,7,37.50172,-93.987808,https://www.inaturalist.org/observations/287679476,NA,NA,
Tripsacum dactyloides,Missouri,2025-06-07 14:36:21,2025,6,7,37.501762,-93.987809,https://www.inaturalist.org/observations/287672011,NA,NA,
Tripsacum dactyloides,Missouri,2025-06-12 9:25:47,2025,6,12,37.964007,-91.778979,https://www.inaturalist.org/observations/289006845,NA,NA,
Tripsacum dactyloides,Missouri,2025-06-10 12:17:55,2025,6,10,37.842276,-93.420859,https://www.inaturalist.org/observations/288526757,NA,NA,
Tripsacum dactyloides,Missouri,2025-06-09 11:25:17,2025,6,9,38.877655,-94.042437,https://www.inaturalist.org/observations/288234488,NA,NA,
Tripsacum dactyloides,Missouri,2025-06-05 13:56:53,2025,6,5,38.587273,-92.23432,https://www.inaturalist.org/observations/287116230,NA,NA,
Tripsacum dactyloides,Missouri,2025-06-06 10:04:54,2025,6,6,38.526047,-90.559958,https://www.inaturalist.org/observations/287321191,NA,NA,
Tripsacum dactyloides,Missouri,2025-05-30 12:55:22,2025,5,30,38.475875,-90.822901,https://www.inaturalist.org/observations/285435765,NA,NA,
Tripsacum dactyloides,Missouri,2025-05-28 15:32:21,2025,5,28,38.876664,-94.572323,https://www.inaturalist.org/observations/284947207,NA,NA,
Tripsacum dactyloides,Missouri,2025-05-24 13:21:14,2025,5,24,37.120759,-94.523495,https://www.inaturalist.org/observations/283705000,NA,NA,
Tripsacum dactyloides,Missouri,2025-05-23 14:13:37,2025,5,23,38.513014,-93.214012,https://www.inaturalist.org/observations/283461615,NA,NA,
Tripsacum dactyloides,Missouri,2025-05-08 8:28:01,2025,5,8,39.18558,-94.692505,https://www.inaturalist.org/observations/280998026,NA,NA,
Tripsacum dactyloides,Missouri,2025-05-02 18:23:38,2025,5,2,37.525178,-94.570503,https://www.inaturalist.org/observations/277927617,NA,NA,
Tripsacum dactyloides,Missouri,1999-08-06 22:27,1999,8,6,38.489237,-90.817635,https://www.inaturalist.org/observations/269344793,NA,NA,
Tripsacum dactyloides,Missouri,2024-06-04 13:05:12,2024,6,4,39.002609,-93.047378,https://www.inaturalist.org/observations/220517856,NA,NA,
Tripsacum dactyloides,Missouri,2024-05-24 5:50,2024,5,24,38.53237,-93.509023,https://www.inaturalist.org/observations/221101080,NA,NA,
Tripsacum dactyloides,Missouri,2024-09-16 10:34,2024,9,16,38.636411,-90.299563,https://www.inaturalist.org/observations/242210152,NA,NA,
Tripsacum dactyloides,Missouri,2024-06-20 19:24:01,2024,6,20,37.844212,-93.422646,https://www.inaturalist.org/observations/224089861,NA,NA,
Tripsacum dactyloides,Missouri,2024-08-24 18:46:23,2024,8,24,38.476963,-90.82409,https://www.inaturalist.org/observations/237753353,NA,NA,
Tripsacum dactyloides,Missouri,2024-06-06 10:40:02,2024,6,6,38.550728,-93.267297,https://www.inaturalist.org/observations/221402278,NA,NA,
Tripsacum dactyloides,Missouri,2024-06-17 8:18:37,2024,6,17,38.941436,-92.388304,https://www.inaturalist.org/observations/223328702,NA,NA,
Tripsacum dactyloides,Missouri,2024-06-11 9:02:07,2024,6,11,37.103775,-93.908897,https://www.inaturalist.org/observations/222030628,NA,NA,
Tripsacum dactyloides,Missouri,2024-07-05 9:10:34,2024,7,5,38.475979,-90.823716,https://www.inaturalist.org/observations/227319605,NA,NA,
Tripsacum dactyloides,Missouri,2024-07-01 11:49:32,2024,7,1,37.973033,-92.762238,https://www.inaturalist.org/observations/226502487,NA,NA,
Tripsacum dactyloides,Missouri,2024-08-03 13:27,2024,8,3,38.481666,-90.825005,https://www.inaturalist.org/observations/233753046,NA,NA,
Tripsacum dactyloides,Missouri,2024-07-03 19:39:45,2024,7,3,38.559863,-90.357262,https://www.inaturalist.org/observations/227011445,NA,NA,
Tripsacum dactyloides,Missouri,2024-06-11 11:31:02,2024,6,11,37.020126,-94.391432,https://www.inaturalist.org/observations/222058124,NA,NA,
Tripsacum dactyloides,Missouri,2024-07-25 14:36:44,2024,7,25,38.87852,-91.502118,https://www.inaturalist.org/observations/231722739,NA,NA,
Tripsacum dactyloides,Missouri,2024-07-11 11:15:59,2024,7,11,39.201679,-94.57422,https://www.inaturalist.org/observations/228650719,NA,NA,
Tripsacum dactyloides,Missouri,2024-07-13 9:30,2024,7,13,38.588825,-92.236262,https://www.inaturalist.org/observations/229031691,NA,NA,
Tripsacum dactyloides,Missouri,2024-06-06 17:24:53,2024,6,6,38.470635,-90.817815,https://www.inaturalist.org/observations/221238124,NA,NA,
Tripsacum dactyloides,Missouri,2024-06-13 10:29:45,2024,6,13,36.611862,-91.874467,https://www.inaturalist.org/observations/222905422,NA,NA,
Tripsacum dactyloides,Missouri,2024-06-20 18:11:46,2024,6,20,38.526958,-90.586212,https://www.inaturalist.org/observations/224086385,NA,NA,
Tripsacum dactyloides,Missouri,2024-06-19 15:42:15,2024,6,19,39.201462,-94.574198,https://www.inaturalist.org/observations/223840235,NA,NA,
Tripsacum dactyloides,Missouri,2024-06-23 16:50:14,2024,6,23,38.562395,-90.453338,https://www.inaturalist.org/observations/224766106,NA,NA,
Tripsacum dactyloides,Missouri,2024-06-06 9:08,2024,6,6,38.626294,-90.378914,https://www.inaturalist.org/observations/220921635,NA,NA,
Tripsacum dactyloides,Missouri,2024-06-10 16:30:26,2024,6,10,39.008299,-94.344111,https://www.inaturalist.org/observations/221921905,NA,NA,
Tripsacum dactyloides,Missouri,2024-05-25 10:11:17,2024,5,25,38.989036,-94.514951,https://www.inaturalist.org/observations/218127180,NA,NA,
Tripsacum dactyloides,Missouri,2024-05-25 10:12:26,2024,5,25,38.989017,-94.514954,https://www.inaturalist.org/observations/218128148,NA,NA,
Tripsacum dactyloides,Missouri,2024-05-12 11:23,2024,5,12,36.608729,-94.179246,https://www.inaturalist.org/observations/215376241,NA,NA,
Tripsacum dactyloides,Missouri,2024-05-23 11:17:38,2024,5,23,37.861474,-93.931569,https://www.inaturalist.org/observations/217817405,NA,NA,
Tripsacum dactyloides,Missouri,2024-05-29 14:12:58,2024,5,29,37.09272,-93.729347,https://www.inaturalist.org/observations/219202824,NA,NA,
Tripsacum dactyloides,Missouri,2024-06-04 11:21:55,2024,6,4,37.03905,-94.148919,https://www.inaturalist.org/observations/220547602,NA,NA,
Tripsacum dactyloides,Missouri,2024-05-16 11:36:23,2024,5,16,37.564806,-93.411257,https://www.inaturalist.org/observations/216141086,NA,NA,
Tripsacum dactyloides,Missouri,2024-05-17 11:13:11,2024,5,17,38.87512,-94.573004,https://www.inaturalist.org/observations/216330561,NA,NA,
Tripsacum dactyloides,Missouri,2024-05-22 18:36,2024,5,22,38.619957,-94.36558,https://www.inaturalist.org/observations/217667003,NA,NA,
Tripsacum dactyloides,Missouri,2024-05-27 13:26:41,2024,5,27,38.702304,-90.702866,https://www.inaturalist.org/observations/218717004,NA,NA,
Tripsacum dactyloides,Missouri,2024-05-27 10:51:42,2024,5,27,37.976351,-94.035557,https://www.inaturalist.org/observations/218663499,NA,NA,
Tripsacum dactyloides,Missouri,2024-05-21 14:33:12,2024,5,21,38.124286,-93.65126,https://www.inaturalist.org/observations/217356472,NA,NA,
Tripsacum dactyloides,Missouri,2024-05-16 11:28:31,2024,5,16,38.44208,-93.385248,https://www.inaturalist.org/observations/216136412,NA,NA,
Tripsacum dactyloides,Missouri,2024-05-18 13:59:35,2024,5,18,38.184939,-93.760723,https://www.inaturalist.org/observations/216666898,NA,NA,
Tripsacum dactyloides,Missouri,2024-05-14 10:08:59,2024,5,14,38.475963,-90.823336,https://www.inaturalist.org/observations/215717820,NA,NA,
Tripsacum dactyloides,Missouri,2024-04-05 18:36,2024,4,5,37.526292,-93.342293,https://www.inaturalist.org/observations/205609667,NA,NA,
Tripsacum dactyloides,Missouri,2024-03-24 16:13:59,2024,3,24,38.622906,-94.366398,https://www.inaturalist.org/observations/203799086,NA,NA,
Tripsacum dactyloides,Missouri,2017-06-11 14:43,2017,6,11,37.914998,-93.987606,https://www.inaturalist.org/observations/195101314,NA,NA,
Tripsacum dactyloides,Missouri,2023-05-24 19:39,2023,5,24,38.025733,-91.816194,https://www.inaturalist.org/observations/193278632,NA,NA,
Tripsacum dactyloides,Missouri,2023-09-19 9:27:28,2023,9,19,38.70607,-90.510463,https://www.inaturalist.org/observations/184002240,NA,NA,
Tripsacum dactyloides,Missouri,2023-05-12 15:07:43,2023,5,12,37.524655,-93.3433,https://www.inaturalist.org/observations/161325040,NA,NA,
Tripsacum dactyloides,Missouri,2023-06-12 14:30:45,2023,6,12,38.474081,-90.803998,https://www.inaturalist.org/observations/167067854,NA,NA,
Tripsacum dactyloides,Missouri,2023-06-09 14:26:04,2023,6,9,38.871871,-94.316415,https://www.inaturalist.org/observations/166463807,NA,NA,
Tripsacum dactyloides,Missouri,2023-05-27 7:44:06,2023,5,27,38.014722,-93.12493,https://www.inaturalist.org/observations/164080570,NA,NA,
Tripsacum dactyloides,Missouri,2023-05-24 18:46,2023,5,24,38.185086,-93.760594,https://www.inaturalist.org/observations/164446490,NA,NA,
Tripsacum dactyloides,Missouri,2023-10-05 18:13:11,2023,10,5,38.638458,-90.302125,https://www.inaturalist.org/observations/186406157,NA,NA,
Tripsacum dactyloides,Missouri,2023-10-02 12:20:56,2023,10,2,39.759707,-94.784594,https://www.inaturalist.org/observations/185927951,NA,NA,
Tripsacum dactyloides,Missouri,2023-09-21 14:03:12,2023,9,21,38.638855,-90.302902,https://www.inaturalist.org/observations/184297973,NA,NA,
Tripsacum dactyloides,Missouri,2023-08-15 14:58:36,2023,8,15,38.472697,-90.813422,https://www.inaturalist.org/observations/179026450,NA,NA,
Tripsacum dactyloides,Missouri,2023-08-13 15:36,2023,8,13,38.47978,-90.825149,https://www.inaturalist.org/observations/178445448,NA,NA,
Tripsacum dactyloides,Missouri,2023-08-03 11:22:19,2023,8,3,38.623226,-90.376771,https://www.inaturalist.org/observations/176455278,NA,NA,
Tripsacum dactyloides,Missouri,2023-07-24 10:48:54,2023,7,24,38.474403,-90.81012,https://www.inaturalist.org/observations/175109552,NA,NA,
Tripsacum dactyloides,Missouri,2023-07-22 12:13:14,2023,7,22,38.476514,-90.805879,https://www.inaturalist.org/observations/174308028,NA,NA,
Tripsacum dactyloides,Missouri,2023-07-18 12:54:11,2023,7,18,38.58878,-92.236192,https://www.inaturalist.org/observations/174561802,NA,NA,
Tripsacum dactyloides,Missouri,2023-07-15 9:29:18,2023,7,15,38.712259,-90.403158,https://www.inaturalist.org/observations/173016792,NA,NA,
Tripsacum dactyloides,Missouri,2023-07-07 19:39:34,2023,7,7,38.90405,-92.19513,https://www.inaturalist.org/observations/173416541,NA,NA,
Tripsacum dactyloides,Missouri,2023-06-30 11:11:45,2023,6,30,39.5834,-94.516976,https://www.inaturalist.org/observations/170293900,NA,NA,
Tripsacum dactyloides,Missouri,2023-06-20 7:13:38,2023,6,20,37.929588,-94.542703,https://www.inaturalist.org/observations/169286721,NA,NA,
Tripsacum dactyloides,Missouri,2023-06-08 14:14,2023,6,8,38.53225,-93.50904,https://www.inaturalist.org/observations/170068079,NA,NA,
Tripsacum dactyloides,Missouri,2023-06-26 16:10:30,2023,6,26,37.566328,-92.776955,https://www.inaturalist.org/observations/169679664,NA,NA,
Tripsacum dactyloides,Missouri,2023-06-14 18:55,2023,6,14,38.942813,-92.389486,https://www.inaturalist.org/observations/167634746,NA,NA,
Tripsacum dactyloides,Missouri,2023-06-18 9:13:30,2023,6,18,37.416475,-94.13056,https://www.inaturalist.org/observations/168773286,NA,NA,
Tripsacum dactyloides,Missouri,2023-06-19 17:47,2023,6,19,37.524646,-93.342299,https://www.inaturalist.org/observations/168390386,NA,NA,
Tripsacum dactyloides,Missouri,2023-06-14 18:14,2023,6,14,38.532426,-93.508884,https://www.inaturalist.org/observations/167486639,NA,NA,
Tripsacum dactyloides,Missouri,2023-06-09 10:43:10,2023,6,9,38.508754,-90.570092,https://www.inaturalist.org/observations/166441076,NA,NA,
Tripsacum dactyloides,Missouri,2023-06-08 11:02:32,2023,6,8,37.962883,-91.780521,https://www.inaturalist.org/observations/166260206,NA,NA,
Tripsacum dactyloides,Missouri,2023-05-31 10:25:41,2023,5,31,38.475553,-90.824937,https://www.inaturalist.org/observations/165226145,NA,NA,
Tripsacum dactyloides,Missouri,2023-05-21 17:02:03,2023,5,21,37.105228,-93.906694,https://www.inaturalist.org/observations/165754064,NA,NA,
Tripsacum dactyloides,Missouri,2023-05-27 15:57,2023,5,27,37.854985,-91.974652,https://www.inaturalist.org/observations/164144717,NA,NA,
Tripsacum dactyloides,Missouri,2023-05-24 19:12:05,2023,5,24,37.525688,-93.339159,https://www.inaturalist.org/observations/163571190,NA,NA,
Tripsacum dactyloides,Missouri,2023-05-19 12:19,2023,5,19,37.525697,-93.342378,https://www.inaturalist.org/observations/162802987,NA,NA,
Tripsacum dactyloides,Missouri,2012-06-09 14:02,2012,6,9,38.544197,-93.260065,https://www.inaturalist.org/observations/150285764,NA,NA,
Tripsacum dactyloides,Missouri,2020-06-22 9:26:46,2020,6,22,38.584011,-90.820978,https://www.inaturalist.org/observations/50551999,NA,NA,
Tripsacum dactyloides,Missouri,2020-06-14 12:58,2020,6,14,37.496715,-93.989925,https://www.inaturalist.org/observations/143809669,NA,NA,
Tripsacum dactyloides,Missouri,2020-06-20 16:03,2020,6,20,37.105977,-93.904995,https://www.inaturalist.org/observations/145578540,NA,NA,
Tripsacum dactyloides,Missouri,2020-07-03 15:15,2020,7,3,37.36213,-94.150529,https://www.inaturalist.org/observations/144988251,NA,NA,
Tripsacum dactyloides,Missouri,2022-06-23 13:02,2022,6,23,37.686823,-91.467835,https://www.inaturalist.org/observations/143516964,NA,NA,
Tripsacum dactyloides,Missouri,2022-07-01 13:50,2022,7,1,38.474447,-90.811303,https://www.inaturalist.org/observations/141945711,NA,NA,
Tripsacum dactyloides,Missouri,2020-06-03 11:58:03,2020,6,3,38.5877,-92.234305,https://www.inaturalist.org/observations/48356300,NA,NA,
Tripsacum dactyloides,Missouri,2020-06-14 15:58:16,2020,6,14,38.584014,-90.832666,https://www.inaturalist.org/observations/49669322,NA,NA,
Tripsacum dactyloides,Missouri,2020-10-05 15:38:26,2020,10,5,38.623192,-90.37648,https://www.inaturalist.org/observations/61918241,NA,NA,
Tripsacum dactyloides,Missouri,10/12/19,2019,10,12,38.475433,-90.825242,https://www.inaturalist.org/observations/34338515,NA,NA,
Tripsacum dactyloides,Missouri,2019-08-17T15:36:18Z,2019,8,17,40.155395,-92.693712,https://www.inaturalist.org/observations/31012452,NA,NA,
Tripsacum dactyloides,Missouri,2020-07-10 16:53:38,2020,7,10,37.124581,-93.240452,https://www.inaturalist.org/observations/52621584,NA,NA,
Tripsacum dactyloides,Missouri,2022-08-09 13:10:23,2022,8,9,38.871088,-94.038642,https://www.inaturalist.org/observations/131007215,NA,NA,
Tripsacum dactyloides,Missouri,2009-07-20 12:31,2009,7,20,38.476698,-90.818877,https://www.inaturalist.org/observations/110868232,NA,NA,
Tripsacum dactyloides,Missouri,2022-05-20 18:21:59,2022,5,20,37.525749,-93.341687,https://www.inaturalist.org/observations/117932329,NA,NA,
Tripsacum dactyloides,Missouri,2022-05-23 18:56:04,2022,5,23,38.033181,-91.830737,https://www.inaturalist.org/observations/118456535,NA,NA,
Tripsacum dactyloides,Missouri,2022-06-05 10:42,2022,6,5,38.183675,-93.762353,https://www.inaturalist.org/observations/120889547,NA,NA,
Tripsacum dactyloides,Missouri,2022-07-18 9:05,2022,7,18,38.478915,-90.81156,https://www.inaturalist.org/observations/126852142,NA,NA,
Tripsacum dactyloides,Missouri,2020-06-23 18:31,2020,6,23,37.963966,-91.780514,https://www.inaturalist.org/observations/127048182,NA,NA,
Tripsacum dactyloides,Missouri,2022-07-14 20:16:29,2022,7,14,38.875377,-94.208283,https://www.inaturalist.org/observations/126284415,NA,NA,
Tripsacum dactyloides,Missouri,2022-06-26 8:52:02,2022,6,26,36.577513,-93.606878,https://www.inaturalist.org/observations/123528530,NA,NA,
Tripsacum dactyloides,Missouri,2022-06-08 13:49:56,2022,6,8,38.58725,-92.234367,https://www.inaturalist.org/observations/120863451,NA,NA,
Tripsacum dactyloides,Missouri,2022-06-11 19:51:49,2022,6,11,38.235912,-94.438422,https://www.inaturalist.org/observations/121340304,NA,NA,
Tripsacum dactyloides,Missouri,2022-06-15 13:08:51,2022,6,15,39.581547,-94.516432,https://www.inaturalist.org/observations/121904328,NA,NA,
Tripsacum dactyloides,Missouri,2022-06-23 15:01:44,2022,6,23,38.102731,-93.558845,https://www.inaturalist.org/observations/123179144,NA,NA,
Tripsacum dactyloides,Missouri,2021-09-06 15:03:03,2021,9,6,38.64075,-90.233623,https://www.inaturalist.org/observations/93904904,NA,NA,
Tripsacum dactyloides,Missouri,2022-06-13 16:32:38,2022,6,13,38.623212,-90.376652,https://www.inaturalist.org/observations/121649280,NA,NA,
Tripsacum dactyloides,Missouri,2022-06-22 16:52,2022,6,22,38.486242,-93.518553,https://www.inaturalist.org/observations/123047973,NA,NA,
Tripsacum dactyloides,Missouri,2022-05-31 15:20:15,2022,5,31,38.513692,-94.414925,https://www.inaturalist.org/observations/119649677,NA,NA,
Tripsacum dactyloides,Missouri,2022-05-23 14:13:21,2022,5,23,37.483299,-93.726808,https://www.inaturalist.org/observations/118412683,NA,NA,
Tripsacum dactyloides,Missouri,2020-06-13 12:42,2020,6,13,37.780926,-93.529418,https://www.inaturalist.org/observations/112853531,NA,NA,
Tripsacum dactyloides,Missouri,2021-09-28 10:14,2021,9,28,38.723944,-92.023428,https://www.inaturalist.org/observations/96536467,NA,NA,
Tripsacum dactyloides,Missouri,2021-06-19 9:18:33,2021,6,19,38.635147,-90.272689,https://www.inaturalist.org/observations/83636464,NA,NA,
Tripsacum dactyloides,Missouri,2019-06-22T11:42:39Z,2019,6,22,37.170894,-93.325639,https://www.inaturalist.org/observations/27443154,NA,NA,
Tripsacum dactyloides,Missouri,2021-06-26 10:49:29,2021,6,26,38.633637,-94.372605,https://www.inaturalist.org/observations/84888099,NA,NA,
Tripsacum dactyloides,Missouri,2019-05-25 8:40:39,2019,5,25,37.027375,-94.52018,https://www.inaturalist.org/observations/25806603,NA,NA,
Tripsacum dactyloides,Missouri,2019-06-07 11:15:07,2019,6,7,38.618094,-90.265307,https://www.inaturalist.org/observations/26556436,NA,NA,
Tripsacum dactyloides,Missouri,2021-08-22 10:09:03,2021,8,22,38.8026,-90.838699,https://www.inaturalist.org/observations/92109088,NA,NA,
Tripsacum dactyloides,Missouri,2020-09-02T15:25:19Z,2020,9,2,38.467087,-90.818962,https://www.inaturalist.org/observations/59743745,NA,NA,
Tripsacum dactyloides,Missouri,2019-05-29 12:34:52,2019,5,29,37.171465,-93.325537,https://www.inaturalist.org/observations/26009395,NA,NA,
Tripsacum dactyloides,Missouri,2021-07-15T20:19:19Z,2021,7,15,39.201544,-94.574159,https://www.inaturalist.org/observations/87217970,NA,NA,
Tripsacum dactyloides,Missouri,2019-06-20 10:31:54,2019,6,20,37.171302,-93.325235,https://www.inaturalist.org/observations/27327317,NA,NA,
Tripsacum dactyloides,Missouri,2021-07-13T19:03:38Z,2021,7,13,38.637908,-90.302803,https://www.inaturalist.org/observations/86925345,NA,NA,
Tripsacum dactyloides,Missouri,2021-07-13 10:14:10,2021,7,13,38.638366,-90.301566,https://www.inaturalist.org/observations/86862843,NA,NA,
Tripsacum dactyloides,Missouri,2021-07-04 14:50:55,2021,7,4,38.475833,-90.823005,https://www.inaturalist.org/observations/86232757,NA,NA,
Tripsacum dactyloides,Missouri,2021-06-28 15:31:52,2021,6,28,37.89785,-93.993845,https://www.inaturalist.org/observations/84935599,NA,NA,
Tripsacum dactyloides,Missouri,2021-06-25T15:29:28Z,2021,6,25,38.625944,-93.729863,https://www.inaturalist.org/observations/84484783,NA,NA,
Tripsacum dactyloides,Missouri,2021-06-15 15:35:13,2021,6,15,38.587578,-92.234413,https://www.inaturalist.org/observations/83540338,NA,NA,
Tripsacum dactyloides,Missouri,2021-05-28 14:46,2021,5,28,37.782271,-93.528564,https://www.inaturalist.org/observations/80905977,NA,NA,
Tripsacum dactyloides,Missouri,2021-05-29T10:53:42Z,2021,5,29,37.782538,-93.528397,https://www.inaturalist.org/observations/82411674,NA,NA,
Tripsacum dactyloides,Missouri,2020-05-31 9:46:48,2020,5,31,37.564803,-93.410362,https://www.inaturalist.org/observations/61819091,NA,NA,
Tripsacum dactyloides,Missouri,2010-06-13 15:13,2010,6,13,38.550436,-93.258888,https://www.inaturalist.org/observations/67069964,NA,NA,
Tripsacum dactyloides,Missouri,2020-12-22T14:12:38Z,2020,12,22,37.983691,-94.208178,https://www.inaturalist.org/observations/66931648,NA,NA,
Tripsacum dactyloides,Missouri,2020-09-27 14:45,2020,9,27,37.594765,-93.405216,https://www.inaturalist.org/observations/61263107,NA,NA,
Tripsacum dactyloides,Missouri,2020-09-10 9:27:13,2020,9,10,38.475862,-90.824838,https://www.inaturalist.org/observations/59128182,NA,NA,
Tripsacum dactyloides,Missouri,2020-07-22T09:36:03Z,2020,7,22,38.625092,-90.378242,https://www.inaturalist.org/observations/53993183,NA,NA,
Tripsacum dactyloides,Missouri,2020-07-20T14:22:53Z,2020,7,20,38.625162,-90.379673,https://www.inaturalist.org/observations/53765897,NA,NA,
Tripsacum dactyloides,Missouri,2020-07-10 16:56:20,2020,7,10,37.124571,-93.240041,https://www.inaturalist.org/observations/53008667,NA,NA,
Tripsacum dactyloides,Missouri,2015-07-05 15:23,2015,7,5,38.476199,-90.802843,https://www.inaturalist.org/observations/38269891,NA,NA,
Tripsacum dactyloides,Missouri,2019-09-18T15:53:40Z,2019,9,18,38.6258,-90.378387,https://www.inaturalist.org/observations/33325006,NA,NA,
Tripsacum dactyloides,Missouri,2016-07-21 21:43,2016,7,21,37.745363,-94.330827,https://www.inaturalist.org/observations/4670191,NA,NA,
Tripsacum dactyloides,Missouri,2018-06-12 20:36:40,2018,6,12,37.09675,-91.707633,https://www.inaturalist.org/observations/13397303,NA,NA,
Tripsacum dactyloides,Missouri,2019-08-09 9:45:22,2019,8,9,38.626183,-90.379109,https://www.inaturalist.org/observations/30494723,NA,NA,
Tripsacum dactyloides,Missouri,2019-06-20 10:07:11,2019,6,20,37.171147,-93.325987,https://www.inaturalist.org/observations/27325993,NA,NA,
Tripsacum dactyloides,Missouri,2019-06-11 11:53:50,2019,6,11,38.587897,-92.233817,https://www.inaturalist.org/observations/26822404,NA,NA,
Tripsacum dactyloides,Missouri,2017-06-17 11:28,2017,6,17,38.549588,-93.257742,https://www.inaturalist.org/observations/6694415,NA,NA,
Tripsacum dactyloides,Missouri,7/23/18,2018,7,23,38.55588,-90.427573,https://www.inaturalist.org/observations/16920845,NA,NA,
Tripsacum dactyloides,Missouri,2018-05-31 12:26:11,2018,5,31,38.587222,-92.234322,https://www.inaturalist.org/observations/12987329,NA,NA,
Tripsacum dactyloides,Missouri,2017-07-04 8:15:07,2017,7,4,38.474322,-90.811587,https://www.inaturalist.org/observations/6914825,NA,NA,
Tripsacum dactyloides,Missouri,2017-06-06 7:47:44,2017,6,6,37.907311,-93.927614,https://www.inaturalist.org/observations/6520852,NA,NA,
Tripsacum dactyloides,Missouri,2017-05-26 17:57,2017,5,26,37.392577,-93.894942,https://www.inaturalist.org/observations/6384625,NA,NA,
Tripsacum dactyloides,Missouri,6/6/13,2013,6,6,37.563842,-93.411008,https://www.inaturalist.org/observations/294149,NA,NA,
Tripsacum dactyloides,Missouri,2025-09-20 10:13:34,2025,9,20,38.475563,-90.825042,https://www.inaturalist.org/observations/315256586,NA,NA,
Tripsacum dactyloides,Missouri,2023-07-06 9:23:48,2023,7,6,37.963639,-91.779912,https://www.inaturalist.org/observations/171383984,NA,NA,
Tripsacum dactyloides,Missouri,2016-07-23 12:39,2016,7,23,38.549134,-93.261201,https://www.inaturalist.org/observations/4664208,NA,NA,
Tripsacum dactyloides,Virginia,2023-06-27 14:17:16,2023,6,27,38.102045,-76.862663,https://www.inaturalist.org/observations/169887790,NA,NA,
Tripsacum dactyloides,Virginia,2023-08-07 12:38:37,2023,8,7,37.844928,-76.368888,https://www.inaturalist.org/observations/177292659,NA,NA,
Tripsacum dactyloides,Virginia,2025-10-18 10:02:07,2025,10,18,39.068717,-77.518608,https://www.inaturalist.org/observations/324091871,NA,NA,
Tripsacum dactyloides,Virginia,2023-09-26 10:06:09,2023,9,26,38.071067,-76.923263,https://www.inaturalist.org/observations/185093975,NA,NA,
Tripsacum dactyloides,Virginia,2023-08-07 12:34:30,2023,8,7,37.844938,-76.368903,https://www.inaturalist.org/observations/177292220,NA,NA,
Tripsacum dactyloides,Virginia,2025-07-18 11:28:41,2025,7,18,37.768888,-76.3442,https://www.inaturalist.org/observations/299025537,NA,NA,
Tripsacum dactyloides,Virginia,2024-08-03 9:14:22,2024,8,3,37.821535,-76.385574,https://www.inaturalist.org/observations/233520748,NA,NA,
Tripsacum dactyloides,Virginia,2025-10-01 14:42:01,2025,10,1,38.611028,-77.277038,https://www.inaturalist.org/observations/318046972,NA,NA,
Tripsacum dactyloides,Virginia,2025-09-20 16:29:54,2025,9,20,37.201197,-76.753205,https://www.inaturalist.org/observations/315415004,NA,NA,
Tripsacum dactyloides,Virginia,2025-08-15 18:43:45,2025,8,15,37.638848,-78.723327,https://www.inaturalist.org/observations/308083679,NA,NA,
Tripsacum dactyloides,Virginia,2024-06-25 17:44:27,2024,6,25,37.044167,-78.145042,https://www.inaturalist.org/observations/225185995,NA,NA,
Tripsacum dactyloides,Virginia,2024-07-02 16:24:07,2024,7,2,37.2233,-77.476813,https://www.inaturalist.org/observations/226755843,NA,NA,
Tripsacum dactyloides,Virginia,2025-06-29 8:06:33,2025,6,29,38.809368,-77.525411,https://www.inaturalist.org/observations/293707841,NA,NA,
Tripsacum dactyloides,Virginia,2024-06-16 18:28:21,2024,6,16,37.290038,-77.407242,https://www.inaturalist.org/observations/223214266,NA,NA,
Tripsacum dactyloides,Virginia,2025-08-10 8:35:48,2025,8,10,37.692493,-78.30591,https://www.inaturalist.org/observations/305387678,NA,NA,
Tripsacum dactyloides,Virginia,2025-07-04 10:06:13,2025,7,4,37.842144,-79.27846,https://www.inaturalist.org/observations/295193873,NA,NA,
Tripsacum dactyloides,Virginia,2025-08-08 6:29:43,2025,8,8,38.82052,-77.52652,https://www.inaturalist.org/observations/304792540,NA,NA,
Tripsacum dactyloides,Virginia,2025-08-12 9:39:05,2025,8,12,39.055407,-77.505569,https://www.inaturalist.org/observations/305767535,NA,NA,
Tripsacum dactyloides,Virginia,2025-07-18 17:16:05,2025,7,18,38.422164,-78.852198,https://www.inaturalist.org/observations/299038800,NA,NA,
Tripsacum dactyloides,Virginia,2025-06-29 10:51:06,2025,6,29,38.829001,-77.040532,https://www.inaturalist.org/observations/294973078,NA,NA,
Tripsacum dactyloides,Virginia,2025-07-10 12:48,2025,7,10,38.421937,-78.852328,https://www.inaturalist.org/observations/298708310,NA,NA,
Tripsacum dactyloides,Virginia,2025-07-06 9:22:33,2025,7,6,38.31787,-77.486875,https://www.inaturalist.org/observations/298012412,NA,NA,
Tripsacum dactyloides,Virginia,2025-07-18 17:13:10,2025,7,18,38.422055,-78.85218,https://www.inaturalist.org/observations/299040174,NA,NA,
Tripsacum dactyloides,Virginia,2025-07-18 17:13:55,2025,7,18,38.42217,-78.852233,https://www.inaturalist.org/observations/299039914,NA,NA,
Tripsacum dactyloides,Virginia,2025-07-18 9:24:53,2025,7,18,36.767284,-76.096672,https://www.inaturalist.org/observations/298912685,NA,NA,
Tripsacum dactyloides,Virginia,2025-07-26 10:01:36,2025,7,26,37.758038,-78.423758,https://www.inaturalist.org/observations/301262598,NA,NA,
Tripsacum dactyloides,Virginia,2025-07-05 16:10:44,2025,7,5,38.093235,-78.57485,https://www.inaturalist.org/observations/295491748,NA,NA,
Tripsacum dactyloides,Virginia,2025-07-25 9:20,2025,7,25,38.894283,-77.232186,https://www.inaturalist.org/observations/300936100,NA,NA,
Tripsacum dactyloides,Virginia,2025-06-27 18:04:57,2025,6,27,38.316458,-77.486996,https://www.inaturalist.org/observations/300546647,NA,NA,
Tripsacum dactyloides,Virginia,2025-07-18 17:06:10,2025,7,18,38.422014,-78.852301,https://www.inaturalist.org/observations/299049352,NA,NA,
Tripsacum dactyloides,Virginia,2025-07-18 17:13:53,2025,7,18,38.422245,-78.85228,https://www.inaturalist.org/observations/299040084,NA,NA,
Tripsacum dactyloides,Virginia,2025-07-18 17:05:49,2025,7,18,38.42203,-78.852308,https://www.inaturalist.org/observations/299049437,NA,NA,
Tripsacum dactyloides,Virginia,2025-07-18 17:06:29,2025,7,18,38.422022,-78.852275,https://www.inaturalist.org/observations/299043100,NA,NA,
Tripsacum dactyloides,Virginia,2025-07-18 17:06:41,2025,7,18,38.422004,-78.852273,https://www.inaturalist.org/observations/299043001,NA,NA,
Tripsacum dactyloides,Virginia,2025-07-20 13:22:08,2025,7,20,38.42176,-78.852213,https://www.inaturalist.org/observations/299580426,NA,NA,
Tripsacum dactyloides,Virginia,2025-07-16 8:39:27,2025,7,16,38.607252,-77.288279,https://www.inaturalist.org/observations/299091712,NA,NA,
Tripsacum dactyloides,Virginia,2025-07-09 18:52:37,2025,7,9,38.421855,-78.852378,https://www.inaturalist.org/observations/298583049,NA,NA,
Tripsacum dactyloides,Virginia,2025-07-18 17:11:08,2025,7,18,38.422091,-78.852189,https://www.inaturalist.org/observations/299041501,NA,NA,
Tripsacum dactyloides,Virginia,2025-07-04 12:23:08,2025,7,4,38.619721,-77.251952,https://www.inaturalist.org/observations/295174069,NA,NA,
Tripsacum dactyloides,Virginia,2025-06-18 9:26:39,2025,6,18,38.771953,-78.131661,https://www.inaturalist.org/observations/290896961,NA,NA,
Tripsacum dactyloides,Virginia,2025-06-18 9:26:08,2025,6,18,38.771913,-78.131522,https://www.inaturalist.org/observations/290896876,NA,NA,
Tripsacum dactyloides,Virginia,2025-06-17 19:02:43,2025,6,17,37.447415,-77.646002,https://www.inaturalist.org/observations/290530035,NA,NA,
Tripsacum dactyloides,Virginia,2025-06-20 9:56:18,2025,6,20,38.606213,-77.283146,https://www.inaturalist.org/observations/291245951,NA,NA,
Tripsacum dactyloides,Virginia,2025-06-20 15:56:02,2025,6,20,37.251728,-76.710153,https://www.inaturalist.org/observations/291341869,NA,NA,
Tripsacum dactyloides,Virginia,2025-06-21 9:27:49,2025,6,21,38.643929,-77.237273,https://www.inaturalist.org/observations/291764309,NA,NA,
Tripsacum dactyloides,Virginia,2025-06-21 18:49:20,2025,6,21,38.80806,-77.308785,https://www.inaturalist.org/observations/291678756,NA,NA,
Tripsacum dactyloides,Virginia,2025-06-18 11:40:09,2025,6,18,38.111783,-76.706955,https://www.inaturalist.org/observations/290767884,NA,NA,
Tripsacum dactyloides,Virginia,2025-06-20 13:27:22,2025,6,20,38.87479,-77.193596,https://www.inaturalist.org/observations/291251349,NA,NA,
Tripsacum dactyloides,Virginia,2025-06-14 12:29:12,2025,6,14,37.30313,-78.40853,https://www.inaturalist.org/observations/289581447,NA,NA,
Tripsacum dactyloides,Virginia,2025-06-15 11:31:53,2025,6,15,39.279553,-77.737213,https://www.inaturalist.org/observations/290100941,NA,NA,
Tripsacum dactyloides,Virginia,2025-06-16 13:13:26,2025,6,16,37.636813,-77.797217,https://www.inaturalist.org/observations/290405017,NA,NA,
Tripsacum dactyloides,Virginia,2025-06-15 15:27:29,2025,6,15,37.946866,-76.935252,https://www.inaturalist.org/observations/289999208,NA,NA,
Tripsacum dactyloides,Virginia,2025-06-17 12:28:53,2025,6,17,37.136545,-76.533242,https://www.inaturalist.org/observations/290494968,NA,NA,
Tripsacum dactyloides,Virginia,2025-06-04 18:47:52,2025,6,4,37.636813,-77.797217,https://www.inaturalist.org/observations/286914381,NA,NA,
Tripsacum dactyloides,Virginia,2025-06-05 12:21:09,2025,6,5,39.072717,-77.463355,https://www.inaturalist.org/observations/287161721,NA,NA,
Tripsacum dactyloides,Virginia,2025-06-06 9:00:45,2025,6,6,38.658015,-77.199818,https://www.inaturalist.org/observations/287371405,NA,NA,
Tripsacum dactyloides,Virginia,2024-10-02 11:15:25,2024,10,2,37.114117,-79.73236,https://www.inaturalist.org/observations/245243802,NA,NA,
Tripsacum dactyloides,Virginia,2024-10-26 14:10:23,2024,10,26,38.841596,-77.058078,https://www.inaturalist.org/observations/249256367,NA,NA,
Tripsacum dactyloides,Virginia,2024-08-30 9:15,2024,8,30,38.658675,-77.199529,https://www.inaturalist.org/observations/239009175,NA,NA,
Tripsacum dactyloides,Virginia,2024-10-05 9:36:09,2024,10,5,39.054025,-77.504045,https://www.inaturalist.org/observations/249966225,NA,NA,
Tripsacum dactyloides,Virginia,2024-11-01 10:10:09,2024,11,1,38.648302,-77.224737,https://www.inaturalist.org/observations/250034900,NA,NA,
Tripsacum dactyloides,Virginia,2023-10-08 18:15:55,2023,10,8,39.081786,-77.499062,https://www.inaturalist.org/observations/188610639,NA,NA,
Tripsacum dactyloides,Virginia,2024-10-10 13:42,2024,10,10,38.96444,-77.315736,https://www.inaturalist.org/observations/246718855,NA,NA,
Tripsacum dactyloides,Virginia,2023-07-21 8:41,2023,7,21,38.706262,-77.247324,https://www.inaturalist.org/observations/174209736,NA,NA,
Tripsacum dactyloides,Virginia,2023-10-23 14:29:32,2023,10,23,38.619982,-78.183625,https://www.inaturalist.org/observations/190322973,NA,NA,
Tripsacum dactyloides,Virginia,2024-09-06 10:40:14,2024,9,6,38.630118,-77.252624,https://www.inaturalist.org/observations/240176286,NA,NA,
Tripsacum dactyloides,Virginia,2024-06-01 10:58:48,2024,6,1,38.812978,-77.671137,https://www.inaturalist.org/observations/223195246,NA,NA,
Tripsacum dactyloides,Virginia,2024-08-29 11:18:10,2024,8,29,39.014163,-77.43782,https://www.inaturalist.org/observations/238607374,NA,NA,
Tripsacum dactyloides,Virginia,2024-08-30 9:11:21,2024,8,30,38.659116,-77.199435,https://www.inaturalist.org/observations/238841001,NA,NA,
Tripsacum dactyloides,Virginia,2024-06-14 9:00:58,2024,6,14,38.64434,-77.236773,https://www.inaturalist.org/observations/222719607,NA,NA,
Tripsacum dactyloides,Virginia,2024-08-11 10:09:16,2024,8,11,38.644436,-77.243993,https://www.inaturalist.org/observations/235163240,NA,NA,
Tripsacum dactyloides,Virginia,2024-07-31 8:42:20,2024,7,31,38.645744,-77.240107,https://www.inaturalist.org/observations/233136879,NA,NA,
Tripsacum dactyloides,Virginia,2024-06-23 8:54:08,2024,6,23,38.786483,-77.973533,https://www.inaturalist.org/observations/225133143,NA,NA,
Tripsacum dactyloides,Virginia,2024-07-08 12:46:10,2024,7,8,36.861008,-78.594938,https://www.inaturalist.org/observations/228905532,NA,NA,
Tripsacum dactyloides,Virginia,2024-06-26 9:03,2024,6,26,38.647141,-77.239529,https://www.inaturalist.org/observations/226079347,NA,NA,
Tripsacum dactyloides,Virginia,2024-07-19 9:08:43,2024,7,19,38.606017,-77.281889,https://www.inaturalist.org/observations/230361746,NA,NA,
Tripsacum dactyloides,Virginia,2024-07-20 16:33,2024,7,20,36.569525,-77.370635,https://www.inaturalist.org/observations/230874755,NA,NA,
Tripsacum dactyloides,Virginia,2021-10-27 12:06:27,2021,10,27,38.917328,-77.283012,https://www.inaturalist.org/observations/99621646,NA,NA,
Tripsacum dactyloides,Virginia,2024-06-26 8:37,2024,6,26,38.647141,-77.239529,https://www.inaturalist.org/observations/226079396,NA,NA,
Tripsacum dactyloides,Virginia,2024-07-20 11:43,2024,7,20,38.856055,-77.428184,https://www.inaturalist.org/observations/230556967,NA,NA,
Tripsacum dactyloides,Virginia,2024-07-05 11:29:44,2024,7,5,36.757533,-78.725167,https://www.inaturalist.org/observations/228761542,NA,NA,
Tripsacum dactyloides,Virginia,2020-08-20 17:55:51,2020,8,20,38.943413,-77.293183,https://www.inaturalist.org/observations/57220038,NA,NA,
Tripsacum dactyloides,Virginia,2024-07-16 7:14:36,2024,7,16,37.251858,-76.710633,https://www.inaturalist.org/observations/229759569,NA,NA,
Tripsacum dactyloides,Virginia,2024-07-20 16:44,2024,7,20,36.439993,-77.363747,https://www.inaturalist.org/observations/230874742,NA,NA,
Tripsacum dactyloides,Virginia,2024-07-04 15:46:33,2024,7,4,38.001817,-79.576063,https://www.inaturalist.org/observations/227650856,NA,NA,
Tripsacum dactyloides,Virginia,2024-06-29 8:19,2024,6,29,36.826744,-78.688788,https://www.inaturalist.org/observations/227110837,NA,NA,
Tripsacum dactyloides,Virginia,2024-06-25 9:01:29,2024,6,25,38.06392,-76.91803,https://www.inaturalist.org/observations/225205337,NA,NA,
Tripsacum dactyloides,Virginia,2023-06-29 14:06:33,2023,6,29,37.921938,-78.587363,https://www.inaturalist.org/observations/170147811,NA,NA,
Tripsacum dactyloides,Virginia,2023-06-13 12:42:52,2023,6,13,37.298838,-77.147461,https://www.inaturalist.org/observations/167348173,NA,NA,
Tripsacum dactyloides,Virginia,2024-06-18 12:04:32,2024,6,18,37.997514,-76.820898,https://www.inaturalist.org/observations/223608221,NA,NA,
Tripsacum dactyloides,Virginia,2024-06-12 2:27,2024,6,12,37.376643,-78.800419,https://www.inaturalist.org/observations/222665940,NA,NA,
Tripsacum dactyloides,Virginia,2024-06-06 11:59:49,2024,6,6,36.418447,-78.411074,https://www.inaturalist.org/observations/220953469,NA,NA,
Tripsacum dactyloides,Virginia,2023-09-29 12:03,2023,9,29,38.644511,-77.243806,https://www.inaturalist.org/observations/186637830,NA,NA,
Tripsacum dactyloides,Virginia,2023-08-03 14:44:27,2023,8,3,38.771759,-78.131523,https://www.inaturalist.org/observations/176477060,NA,NA,
Tripsacum dactyloides,Virginia,2023-08-30 9:59:22,2023,8,30,38.640389,-77.227772,https://www.inaturalist.org/observations/181302278,NA,NA,
Tripsacum dactyloides,Virginia,2023-08-03 14:44,2023,8,3,38.771759,-78.131516,https://www.inaturalist.org/observations/176477021,NA,NA,
Tripsacum dactyloides,Virginia,2023-08-09 15:02,2023,8,9,38.645837,-77.234491,https://www.inaturalist.org/observations/177696354,NA,NA,
Tripsacum dactyloides,Virginia,2011-07-15 9:03,2011,7,15,38.921256,-77.286515,https://www.inaturalist.org/observations/53147507,NA,NA,
Tripsacum dactyloides,Virginia,2022-07-20 8:52:27,2022,7,20,38.447838,-77.388005,https://www.inaturalist.org/observations/127162996,NA,NA,
Tripsacum dactyloides,Virginia,2022-08-26 9:44,2022,8,26,38.819792,-77.55054,https://www.inaturalist.org/observations/134314205,NA,NA,
Tripsacum dactyloides,Virginia,2022-08-27 11:15,2022,8,27,37.296825,-76.633247,https://www.inaturalist.org/observations/132734173,NA,NA,
Tripsacum dactyloides,Virginia,2022-08-31 11:00:54,2022,8,31,38.647965,-77.224576,https://www.inaturalist.org/observations/133194840,NA,NA,
Tripsacum dactyloides,Virginia,2022-08-31 10:59:58,2022,8,31,38.647935,-77.224567,https://www.inaturalist.org/observations/133194903,NA,NA,
Tripsacum dactyloides,Virginia,2022-07-29 9:44:47,2022,7,29,38.637017,-77.231247,https://www.inaturalist.org/observations/128602916,NA,NA,
Tripsacum dactyloides,Virginia,2022-07-26 7:35:35,2022,7,26,37.117328,-79.733125,https://www.inaturalist.org/observations/128036015,NA,NA,
Tripsacum dactyloides,Virginia,2022-07-24 8:36,2022,7,24,38.776531,-77.047799,https://www.inaturalist.org/observations/127704424,NA,NA,
Tripsacum dactyloides,Virginia,2022-07-14 10:12:09,2022,7,14,38.769645,-77.048605,https://www.inaturalist.org/observations/126348898,NA,NA,
Tripsacum dactyloides,Virginia,2022-07-11 8:55:55,2022,7,11,37.498095,-77.418714,https://www.inaturalist.org/observations/125772994,NA,NA,
Tripsacum dactyloides,Virginia,2014-07-21 15:55,2014,7,21,38.923759,-77.290087,https://www.inaturalist.org/observations/20370789,NA,NA,
Tripsacum dactyloides,Virginia,2022-06-27 14:59:47,2022,6,27,39.04172,-77.428046,https://www.inaturalist.org/observations/123727385,NA,NA,
Tripsacum dactyloides,Virginia,2022-06-17 10:25:40,2022,6,17,37.230133,-76.50228,https://www.inaturalist.org/observations/122166461,NA,NA,
Tripsacum dactyloides,Virginia,2022-05-24 16:03:58,2022,5,24,38.741305,-78.162628,https://www.inaturalist.org/observations/121717939,NA,NA,
Tripsacum dactyloides,Virginia,2022-06-05 20:44,2022,6,5,38.96167,-77.318032,https://www.inaturalist.org/observations/120439365,NA,NA,
Tripsacum dactyloides,Virginia,2020-08-07 8:48,2020,8,7,38.645601,-77.238522,https://www.inaturalist.org/observations/55734274,NA,NA,
Tripsacum dactyloides,Virginia,2020-07-26 10:52:36,2020,7,26,38.64117,-77.237053,https://www.inaturalist.org/observations/54469619,NA,NA,
Tripsacum dactyloides,Virginia,2020-08-07 8:00,2020,8,7,38.64466,-77.234771,https://www.inaturalist.org/observations/55763694,NA,NA,
Tripsacum dactyloides,Virginia,2020-07-12 14:32,2020,7,12,37.685673,-77.447619,https://www.inaturalist.org/observations/52980708,NA,NA,
Tripsacum dactyloides,Virginia,2021-10-08 14:53:43,2021,10,8,37.98053,-78.220535,https://www.inaturalist.org/observations/97571606,NA,NA,
Tripsacum dactyloides,Virginia,2020-08-05 16:07,2020,8,5,38.809622,-77.526563,https://www.inaturalist.org/observations/55641291,NA,NA,
Tripsacum dactyloides,Virginia,2020-08-22 16:49:35,2020,8,22,38.928087,-77.2929,https://www.inaturalist.org/observations/57288127,NA,NA,
Tripsacum dactyloides,Virginia,2019-06-22 18:59:45,2019,6,22,37.715878,-78.234242,https://www.inaturalist.org/observations/27468229,NA,NA,
Tripsacum dactyloides,Virginia,2021-10-27 12:06:14,2021,10,27,38.9173,-77.282937,https://www.inaturalist.org/observations/99599851,NA,NA,
Tripsacum dactyloides,Virginia,2021-09-16 12:05:08,2021,9,16,36.718917,-76.258147,https://www.inaturalist.org/observations/95044593,NA,NA,
Tripsacum dactyloides,Virginia,2018-07-19 14:32:39,2018,7,19,38.957475,-77.367742,https://www.inaturalist.org/observations/14520133,NA,NA,
Tripsacum dactyloides,Virginia,2021-07-13T08:24Z,2021,7,13,37.519276,-77.472709,https://www.inaturalist.org/observations/86853649,NA,NA,
Tripsacum dactyloides,Virginia,2018-06-09 12:13,2018,6,9,37.524292,-77.470833,https://www.inaturalist.org/observations/13467906,NA,NA,
Tripsacum dactyloides,Virginia,2019-07-04 9:02:18,2019,7,4,39.279758,-77.737308,https://www.inaturalist.org/observations/28207601,NA,NA,
Tripsacum dactyloides,Virginia,2021-07-23 10:47:18,2021,7,23,38.952555,-77.34285,https://www.inaturalist.org/observations/88293617,NA,NA,
Tripsacum dactyloides,Virginia,2021-07-13 6:58:54,2021,7,13,37.413897,-78.914284,https://www.inaturalist.org/observations/86850514,NA,NA,
Tripsacum dactyloides,Virginia,2018-07-08 12:56,2018,7,8,38.64466,-77.234771,https://www.inaturalist.org/observations/14184720,NA,NA,
Tripsacum dactyloides,Virginia,2021-08-01 14:26:09,2021,8,1,38.837862,-77.504928,https://www.inaturalist.org/observations/89556343,NA,NA,
Tripsacum dactyloides,Virginia,2021-07-29 11:01:36,2021,7,29,38.436314,-78.079781,https://www.inaturalist.org/observations/89066215,NA,NA,
Tripsacum dactyloides,Virginia,2018-08-03 8:55,2018,8,3,38.64466,-77.234771,https://www.inaturalist.org/observations/69176645,NA,NA,
Tripsacum dactyloides,Virginia,2019-07-13 5:43:34,2019,7,13,37.227674,-79.957761,https://www.inaturalist.org/observations/28764782,NA,NA,
Tripsacum dactyloides,Virginia,2021-07-19 10:53:53,2021,7,19,38.806541,-77.520561,https://www.inaturalist.org/observations/87718081,NA,NA,
Tripsacum dactyloides,Virginia,2021-08-25 7:01,2021,8,25,38.64466,-77.234771,https://www.inaturalist.org/observations/94402694,NA,NA,
Tripsacum dactyloides,Virginia,2019-06-03 9:47:28,2019,6,3,36.981895,-76.62321,https://www.inaturalist.org/observations/26323439,NA,NA,
Tripsacum dactyloides,Virginia,2018-07-13 9:26,2018,7,13,39.003624,-78.065157,https://www.inaturalist.org/observations/14344903,NA,NA,
Tripsacum dactyloides,Virginia,2021-07-03 11:13,2021,7,3,39.044079,-77.50168,https://www.inaturalist.org/observations/85499703,NA,NA,
Tripsacum dactyloides,Virginia,2021-07-17 11:18:10,2021,7,17,38.852397,-78.327338,https://www.inaturalist.org/observations/89064531,NA,NA,
Tripsacum dactyloides,Virginia,2019-06-13 15:34,2019,6,13,38.606386,-77.279679,https://www.inaturalist.org/observations/26951261,NA,NA,
Tripsacum dactyloides,Virginia,2019-06-27 16:06:52,2019,6,27,38.644347,-77.236855,https://www.inaturalist.org/observations/27774877,NA,NA,
Tripsacum dactyloides,Virginia,2020-09-13 10:02:47,2020,9,13,37.274296,-80.114913,https://www.inaturalist.org/observations/59443347,NA,NA,
Tripsacum dactyloides,Virginia,2018-07-29 12:35,2018,7,29,39.145445,-77.680087,https://www.inaturalist.org/observations/18503301,NA,NA,
Tripsacum dactyloides,Virginia,2021-08-07 11:42:27,2021,8,7,38.946758,-77.327478,https://www.inaturalist.org/observations/90465626,NA,NA,
Tripsacum dactyloides,Virginia,2020-09-07 9:38:36,2020,9,7,37.150727,-76.437061,https://www.inaturalist.org/observations/58831964,NA,NA,
Tripsacum dactyloides,Virginia,2021-06-30 8:01,2021,6,30,38.644882,-77.23762,https://www.inaturalist.org/observations/85122276,NA,NA,
Tripsacum dactyloides,Virginia,2020-08-01 12:32,2020,8,1,38.816576,-77.675698,https://www.inaturalist.org/observations/55148372,NA,NA,
Tripsacum dactyloides,Virginia,2020-08-26 8:30:10,2020,8,26,38.813558,-77.530112,https://www.inaturalist.org/observations/57631184,NA,NA,
Tripsacum dactyloides,Virginia,2020-06-24 6:58,2020,6,24,38.64466,-77.234771,https://www.inaturalist.org/observations/50876934,NA,NA,
Tripsacum dactyloides,Virginia,2020-08-26 8:10,2020,8,26,38.64466,-77.234771,https://www.inaturalist.org/observations/57914558,NA,NA,
Tripsacum dactyloides,Virginia,2020-06-21 16:20,2020,6,21,38.83489,-77.505959,https://www.inaturalist.org/observations/50567003,NA,NA,
Tripsacum dactyloides,Virginia,2019-07-12 7:57,2019,7,12,38.64466,-77.234771,https://www.inaturalist.org/observations/28693608,NA,NA,
Tripsacum dactyloides,Virginia,2020-07-11 15:01:38,2020,7,11,38.111833,-76.70664,https://www.inaturalist.org/observations/52713597,NA,NA,
Tripsacum dactyloides,Virginia,2020-07-01 11:27:22,2020,7,1,38.769653,-77.048508,https://www.inaturalist.org/observations/51694577,NA,NA,
Tripsacum dactyloides,Virginia,2019-08-12 14:55:46,2019,8,12,38.943388,-77.324608,https://www.inaturalist.org/observations/30784733,NA,NA,
Tripsacum dactyloides,Virginia,2020-07-08 11:07:03,2020,7,8,38.814549,-77.51781,https://www.inaturalist.org/observations/52501321,NA,NA,
Tripsacum dactyloides,Virginia,2020-06-16 12:08,2020,6,16,38.738633,-77.787519,https://www.inaturalist.org/observations/49896506,NA,NA,
Tripsacum dactyloides,Virginia,2020-06-12 12:56,2020,6,12,38.815255,-77.670368,https://www.inaturalist.org/observations/49495695,NA,NA,
Tripsacum dactyloides,Virginia,2017-07-13 8:49:44,2017,7,13,37.629334,-77.525447,https://www.inaturalist.org/observations/7035461,NA,NA,
Tripsacum dactyloides,Virginia,2018-08-29 9:19,2018,8,29,38.64466,-77.234771,https://www.inaturalist.org/observations/16123254,NA,NA,
Tripsacum dactyloides,Virginia,2017-06-28 7:09,2017,6,28,38.64466,-77.234771,https://www.inaturalist.org/observations/6843655,NA,NA,
Tripsacum dactyloides,Virginia,2016-08-28 15:09,2016,8,28,38.591451,-77.258107,https://www.inaturalist.org/observations/4946300,NA,NA,
Tripsacum dactyloides,Virginia,2018-07-26 10:30,2018,7,26,38.705603,-77.247402,https://www.inaturalist.org/observations/14814559,NA,NA,
Tripsacum dactyloides,Virginia,2018-07-25 8:17,2018,7,25,38.64466,-77.234771,https://www.inaturalist.org/observations/14744880,NA,NA,
Tripsacum dactyloides,Virginia,2018-07-22 16:44:03,2018,7,22,38.776562,-77.047958,https://www.inaturalist.org/observations/14705894,NA,NA,
Tripsacum dactyloides,Virginia,2018-06-19 11:08,2018,6,19,38.64466,-77.234771,https://www.inaturalist.org/observations/13598358,NA,NA,
Tripsacum dactyloides,Virginia,2017-07-26 9:36,2017,7,26,38.64466,-77.234771,https://www.inaturalist.org/observations/9255697,NA,NA,
Tripsacum dactyloides,Virginia,2017-09-25 8:36,2017,9,25,38.64466,-77.234771,https://www.inaturalist.org/observations/8108752,NA,NA,
Tripsacum dactyloides,Virginia,2014-10-02 13:39,2014,10,2,38.760785,-77.307476,https://www.inaturalist.org/observations/4915679,NA,NA,
Tripsacum dactyloides,Virginia,2025-09-24 9:32:23,2025,9,24,38.650619,-77.234015,https://www.inaturalist.org/observations/316365632,NA,NA,
Tripsacum dactyloides,Virginia,2025-08-26 16:26,2025,8,26,37.043728,-78.143769,https://www.inaturalist.org/observations/309332793,NA,NA,
Tripsacum dactyloides,Virginia,2025-06-29 12:11:54,2025,6,29,38.882851,-77.148221,https://www.inaturalist.org/observations/293774339,NA,NA,
Tripsacum dactyloides,Virginia,2020-10-07T21:53:28Z,2020,10,7,38.839256,-77.366018,https://www.inaturalist.org/observations/61983877,NA,NA,
Tripsacum dactyloides,Virginia,2024-07-04 12:29:19,2024,7,4,37.502013,-80.110572,https://www.inaturalist.org/observations/227674383,NA,NA,
Tripsacum dactyloides,Virginia,2021-10-10 8:16,2021,10,10,38.647603,-77.230887,https://www.inaturalist.org/observations/97781254,NA,NA,
Tripsacum dactyloides,Virginia,8/22/21,2021,8,22,38.811051,-77.676383,https://www.inaturalist.org/observations/92182192,NA,NA,
Tripsacum dactyloides,Kansas,2013-06-22 10:26:58,2013,6,22,39.103218,-96.594078,https://www.inaturalist.org/observations/453952,NA,NA,
Tripsacum dactyloides,Kansas,2025-06-15 9:05:04,2025,6,15,39.106441,-96.587706,https://www.inaturalist.org/observations/323878218,NA,NA,
Tripsacum dactyloides,Kansas,2025-10-09 13:18:14,2025,10,9,39.111349,-96.704418,https://www.inaturalist.org/observations/319814403,NA,NA,
Tripsacum dactyloides,Kansas,2025-10-09 17:33:26,2025,10,9,38.864522,-99.33815,https://www.inaturalist.org/observations/319893189,NA,NA,
Tripsacum dactyloides,Kansas,2025-07-05 18:16:14,2025,7,5,38.680601,-94.884694,https://www.inaturalist.org/observations/295591713,NA,NA,
Tripsacum dactyloides,Kansas,2025-07-29 11:04:48,2025,7,29,39.199633,-95.6585,https://www.inaturalist.org/observations/302140097,NA,NA,
Tripsacum dactyloides,Kansas,2025-05-30 8:16:09,2025,5,30,38.42852,-96.553925,https://www.inaturalist.org/observations/286111484,NA,NA,
Tripsacum dactyloides,Kansas,2025-05-30 16:21:37,2025,5,30,39.253545,-95.011664,https://www.inaturalist.org/observations/285513324,NA,NA,
Tripsacum dactyloides,Kansas,2025-06-08 13:39:50,2025,6,8,38.905675,-95.155914,https://www.inaturalist.org/observations/288022229,NA,NA,
Tripsacum dactyloides,Kansas,2024-06-07 8:47:35,2024,6,7,39.090067,-95.027535,https://www.inaturalist.org/observations/221093808,NA,NA,
Tripsacum dactyloides,Kansas,2024-05-27 9:27:32,2024,5,27,37.649368,-96.104395,https://www.inaturalist.org/observations/218644678,NA,NA,
Tripsacum dactyloides,Kansas,2025-06-28 19:53:03,2025,6,28,38.919155,-95.226395,https://www.inaturalist.org/observations/293629999,NA,NA,
Tripsacum dactyloides,Kansas,2025-06-26 9:43:06,2025,6,26,37.181893,-95.456512,https://www.inaturalist.org/observations/292881275,NA,NA,
Tripsacum dactyloides,Kansas,2024-05-25 10:44:59,2024,5,25,38.093418,-97.593673,https://www.inaturalist.org/observations/218794618,NA,NA,
Tripsacum dactyloides,Kansas,2023-06-12 10:28:46,2023,6,12,38.905753,-95.156228,https://www.inaturalist.org/observations/167045939,NA,NA,
Tripsacum dactyloides,Kansas,2025-04-19 14:02,2025,4,19,38.933023,-95.215084,https://www.inaturalist.org/observations/271580316,NA,NA,
Tripsacum dactyloides,Kansas,2023-06-15 12:58:49,2023,6,15,38.430487,-96.559417,https://www.inaturalist.org/observations/167622290,NA,NA,
Tripsacum dactyloides,Kansas,2024-05-14 16:10:21,2024,5,14,38.825867,-94.726288,https://www.inaturalist.org/observations/215785456,NA,NA,
Tripsacum dactyloides,Kansas,2023-06-06 18:26:53,2023,6,6,38.920762,-95.247917,https://www.inaturalist.org/observations/166022148,NA,NA,
Tripsacum dactyloides,Kansas,2024-06-02 20:14:33,2024,6,2,39.099517,-96.612655,https://www.inaturalist.org/observations/220180528,NA,NA,
Tripsacum dactyloides,Kansas,2025-07-23 10:51:47,2025,7,23,38.897024,-94.898246,https://www.inaturalist.org/observations/300432014,NA,NA,
Tripsacum dactyloides,Kansas,2025-06-19 10:42:02,2025,6,19,38.457304,-94.922077,https://www.inaturalist.org/observations/299003405,NA,NA,
Tripsacum dactyloides,Kansas,2025-07-13 11:55:38,2025,7,13,38.950672,-95.697204,https://www.inaturalist.org/observations/297638986,NA,NA,
Tripsacum dactyloides,Kansas,2025-07-09 18:42:55,2025,7,9,39.102775,-96.59388,https://www.inaturalist.org/observations/296685414,NA,NA,
Tripsacum dactyloides,Kansas,2025-07-16 11:31:32,2025,7,16,38.897533,-94.898578,https://www.inaturalist.org/observations/298454616,NA,NA,
Tripsacum dactyloides,Kansas,2025-07-09 18:04:38,2025,7,9,39.101361,-96.574433,https://www.inaturalist.org/observations/296687336,NA,NA,
Tripsacum dactyloides,Kansas,2025-06-27 19:43:53,2025,6,27,38.918553,-95.246072,https://www.inaturalist.org/observations/293788018,NA,NA,
Tripsacum dactyloides,Kansas,2025-06-22 10:07:30,2025,6,22,39.102041,-96.59185,https://www.inaturalist.org/observations/291912038,NA,NA,
Tripsacum dactyloides,Kansas,2022-06-18 10:21,2022,6,18,38.406308,-96.551436,https://www.inaturalist.org/observations/292471237,NA,NA,
Tripsacum dactyloides,Kansas,2024-05-31 16:53,2024,5,31,38.403036,-96.551567,https://www.inaturalist.org/observations/292471245,NA,NA,
Tripsacum dactyloides,Kansas,2025-06-06 15:16:21,2025,6,6,38.933063,-95.21537,https://www.inaturalist.org/observations/287451018,NA,NA,
Tripsacum dactyloides,Kansas,2025-06-06 13:03:54,2025,6,6,38.662754,-94.73159,https://www.inaturalist.org/observations/287362718,NA,NA,
Tripsacum dactyloides,Kansas,2025-06-22 13:54:05,2025,6,22,38.897375,-94.899006,https://www.inaturalist.org/observations/292390532,NA,NA,
Tripsacum dactyloides,Kansas,2025-06-21 8:22:42,2025,6,21,38.434409,-96.562789,https://www.inaturalist.org/observations/291630953,NA,NA,
Tripsacum dactyloides,Kansas,2025-06-17 14:20:19,2025,6,17,39.08407,-96.558753,https://www.inaturalist.org/observations/291205852,NA,NA,
Tripsacum dactyloides,Kansas,2025-06-23 12:14:14,2025,6,23,38.724702,-98.030406,https://www.inaturalist.org/observations/292192184,NA,NA,
Tripsacum dactyloides,Kansas,2025-06-24 12:58:44,2025,6,24,38.768585,-97.566696,https://www.inaturalist.org/observations/292410733,NA,NA,
Tripsacum dactyloides,Kansas,2025-06-01 13:30:08,2025,6,1,38.931562,-95.236,https://www.inaturalist.org/observations/291368147,NA,NA,
Tripsacum dactyloides,Kansas,2025-06-19 10:45:07,2025,6,19,38.457291,-94.922115,https://www.inaturalist.org/observations/290957329,NA,NA,
Tripsacum dactyloides,Kansas,2025-05-28 14:07:34,2025,5,28,38.978912,-94.781766,https://www.inaturalist.org/observations/290430805,NA,NA,
Tripsacum dactyloides,Kansas,2025-06-11 12:50:43,2025,6,11,38.988263,-94.782627,https://www.inaturalist.org/observations/290429286,NA,NA,
Tripsacum dactyloides,Kansas,2025-05-29 12:56:15,2025,5,29,38.898028,-94.898432,https://www.inaturalist.org/observations/285125828,NA,NA,
Tripsacum dactyloides,Kansas,2025-06-16 19:53:17,2025,6,16,38.99097,-94.797622,https://www.inaturalist.org/observations/290307278,NA,NA,
Tripsacum dactyloides,Kansas,2025-06-11 12:25:42,2025,6,11,38.988252,-94.784083,https://www.inaturalist.org/observations/290430619,NA,NA,
Tripsacum dactyloides,Kansas,2025-06-13 18:45:12,2025,6,13,38.913842,-95.240988,https://www.inaturalist.org/observations/289433396,NA,NA,
Tripsacum dactyloides,Kansas,2025-05-30 16:03:42,2025,5,30,39.254672,-95.011593,https://www.inaturalist.org/observations/286015388,NA,NA,
Tripsacum dactyloides,Kansas,2025-05-31 14:27:54,2025,5,31,39.074157,-95.040431,https://www.inaturalist.org/observations/286593190,NA,NA,
Tripsacum dactyloides,Kansas,2025-05-29 18:26:33,2025,5,29,38.95018,-95.258392,https://www.inaturalist.org/observations/285251794,NA,NA,
Tripsacum dactyloides,Kansas,2025-05-14 15:03:47,2025,5,14,39.479384,-95.85766,https://www.inaturalist.org/observations/281146044,NA,NA,
Tripsacum dactyloides,Kansas,2025-05-19 7:59,2025,5,19,39.10382,-96.595249,https://www.inaturalist.org/observations/282428285,NA,NA,
Tripsacum dactyloides,Kansas,2025-05-17 14:15,2025,5,17,38.933106,-95.214671,https://www.inaturalist.org/observations/281911591,NA,NA,
Tripsacum dactyloides,Kansas,2025-04-30 9:01:04,2025,4,30,38.933296,-95.21584,https://www.inaturalist.org/observations/277012460,NA,NA,
Tripsacum dactyloides,Kansas,2025-04-30 9:24:19,2025,4,30,38.932998,-95.215604,https://www.inaturalist.org/observations/277018936,NA,NA,
Tripsacum dactyloides,Kansas,2024-07-04 16:00:23,2024,7,4,38.40302,-96.549713,https://www.inaturalist.org/observations/256623077,NA,NA,
Tripsacum dactyloides,Kansas,2024-07-07 15:26,2024,7,7,38.406242,-96.551703,https://www.inaturalist.org/observations/256569806,NA,NA,
Tripsacum dactyloides,Kansas,2024-09-27 10:26:13,2024,9,27,38.896852,-94.899161,https://www.inaturalist.org/observations/244319880,NA,NA,
Tripsacum dactyloides,Kansas,2022-06-08 13:37,2022,6,8,38.880992,-94.895421,https://www.inaturalist.org/observations/120881665,NA,NA,
Tripsacum dactyloides,Kansas,2024-09-02 14:49:24,2024,9,2,39.055364,-95.772378,https://www.inaturalist.org/observations/239474651,NA,NA,
Tripsacum dactyloides,Kansas,2024-08-10 11:21:42,2024,8,10,38.831453,-94.638703,https://www.inaturalist.org/observations/234924145,NA,NA,
Tripsacum dactyloides,Kansas,2024-07-27 15:50:24,2024,7,27,38.54779,-94.666287,https://www.inaturalist.org/observations/232117614,NA,NA,
Tripsacum dactyloides,Kansas,2024-07-26 16:40:54,2024,7,26,38.659408,-96.422662,https://www.inaturalist.org/observations/232146435,NA,NA,
Tripsacum dactyloides,Kansas,2024-07-03 12:38,2024,7,3,38.716739,-95.090333,https://www.inaturalist.org/observations/227224589,NA,NA,
Tripsacum dactyloides,Kansas,2024-07-04 13:05:38,2024,7,4,38.669425,-100.918367,https://www.inaturalist.org/observations/227220775,NA,NA,
Tripsacum dactyloides,Kansas,2024-06-04 9:52:36,2024,6,4,38.983475,-95.40463,https://www.inaturalist.org/observations/220543133,NA,NA,
Tripsacum dactyloides,Kansas,2024-07-03 11:30:17,2024,7,3,39.100611,-96.608122,https://www.inaturalist.org/observations/226920397,NA,NA,
Tripsacum dactyloides,Kansas,2024-07-14 16:46,2024,7,14,38.402837,-96.551163,https://www.inaturalist.org/observations/229402747,NA,NA,
Tripsacum dactyloides,Kansas,2024-07-14 16:58:42,2024,7,14,38.403858,-96.551963,https://www.inaturalist.org/observations/229399363,NA,NA,
Tripsacum dactyloides,Kansas,2024-06-15 13:36:32,2024,6,15,38.435582,-96.55769,https://www.inaturalist.org/observations/222979276,NA,NA,
Tripsacum dactyloides,Kansas,2024-06-10 18:31:43,2024,6,10,38.145266,-94.723669,https://www.inaturalist.org/observations/221925849,NA,NA,
Tripsacum dactyloides,Kansas,2024-06-02 20:01:18,2024,6,2,39.099549,-96.612616,https://www.inaturalist.org/observations/220149750,NA,NA,
Tripsacum dactyloides,Kansas,2024-06-03 16:27:56,2024,6,3,38.115101,-97.856901,https://www.inaturalist.org/observations/220563122,NA,NA,
Tripsacum dactyloides,Kansas,2024-05-28 12:41:57,2024,5,28,37.708653,-97.353775,https://www.inaturalist.org/observations/220906311,NA,NA,
Tripsacum dactyloides,Kansas,2024-06-07 13:24,2024,6,7,38.622156,-94.986078,https://www.inaturalist.org/observations/221469131,NA,NA,
Tripsacum dactyloides,Kansas,2024-05-30 13:00:05,2024,5,30,38.768475,-97.566597,https://www.inaturalist.org/observations/219369935,NA,NA,
Tripsacum dactyloides,Kansas,2024-06-04 10:13:38,2024,6,4,38.984813,-95.404713,https://www.inaturalist.org/observations/220544270,NA,NA,
Tripsacum dactyloides,Kansas,2024-05-30 11:16:33,2024,5,30,38.906117,-95.154637,https://www.inaturalist.org/observations/219349175,NA,NA,
Tripsacum dactyloides,Kansas,2024-05-24 9:19:14,2024,5,24,38.945545,-96.406953,https://www.inaturalist.org/observations/218010748,NA,NA,
Tripsacum dactyloides,Kansas,2024-05-27 15:34:54,2024,5,27,38.928138,-95.232467,https://www.inaturalist.org/observations/218755608,NA,NA,
Tripsacum dactyloides,Kansas,2024-05-27 11:20:06,2024,5,27,38.965656,-95.008581,https://www.inaturalist.org/observations/218670258,NA,NA,
Tripsacum dactyloides,Kansas,2024-05-14 14:02:31,2024,5,14,38.932337,-95.222085,https://www.inaturalist.org/observations/215762529,NA,NA,
Tripsacum dactyloides,Kansas,2023-05-27 18:58:13,2023,5,27,37.715497,-94.931153,https://www.inaturalist.org/observations/164193289,NA,NA,
Tripsacum dactyloides,Kansas,2023-06-25 13:14:55,2023,6,25,38.414173,-96.551651,https://www.inaturalist.org/observations/169467476,NA,NA,
Tripsacum dactyloides,Kansas,2023-10-21 10:10:27,2023,10,21,38.8928,-94.89678,https://www.inaturalist.org/observations/188608079,NA,NA,
Tripsacum dactyloides,Kansas,2023-09-28 5:48,2023,9,28,38.403471,-96.550413,https://www.inaturalist.org/observations/188467507,NA,NA,
Tripsacum dactyloides,Kansas,2023-09-19 10:30:24,2023,9,19,38.905454,-95.153889,https://www.inaturalist.org/observations/184112366,NA,NA,
Tripsacum dactyloides,Kansas,2023-07-18 17:34:15,2023,7,18,38.897427,-94.841017,https://www.inaturalist.org/observations/173675521,NA,NA,
Tripsacum dactyloides,Kansas,2023-07-18 17:33:06,2023,7,18,38.896759,-94.841019,https://www.inaturalist.org/observations/173675232,NA,NA,
Tripsacum dactyloides,Kansas,2023-07-19 11:50:05,2023,7,19,37.74321,-97.268349,https://www.inaturalist.org/observations/173861272,NA,NA,
Tripsacum dactyloides,Kansas,2023-07-10 17:15,2023,7,10,39.05947,-95.751297,https://www.inaturalist.org/observations/172444675,NA,NA,
Tripsacum dactyloides,Kansas,2023-07-08 10:16:26,2023,7,8,38.896006,-94.839581,https://www.inaturalist.org/observations/171756531,NA,NA,
Tripsacum dactyloides,Kansas,2023-05-30 8:11:17,2023,5,30,38.932375,-95.21509,https://www.inaturalist.org/observations/164622769,NA,NA,
Tripsacum dactyloides,Kansas,2023-07-02 7:10:12,2023,7,2,38.91763,-94.974267,https://www.inaturalist.org/observations/170698360,NA,NA,
Tripsacum dactyloides,Kansas,2023-06-25 16:40:42,2023,6,25,38.138512,-97.430591,https://www.inaturalist.org/observations/169472317,NA,NA,
Tripsacum dactyloides,Kansas,2023-06-25 19:55:55,2023,6,25,39.05592,-96.168822,https://www.inaturalist.org/observations/169536383,NA,NA,
Tripsacum dactyloides,Kansas,2023-06-15 14:51:19,2023,6,15,38.768402,-97.566414,https://www.inaturalist.org/observations/167583552,NA,NA,
Tripsacum dactyloides,Kansas,2023-06-23 10:40:57,2023,6,23,39.008635,-95.604202,https://www.inaturalist.org/observations/169011258,NA,NA,
Tripsacum dactyloides,Kansas,2023-06-06 19:47:50,2023,6,6,38.920868,-95.226719,https://www.inaturalist.org/observations/165995962,NA,NA,
Tripsacum dactyloides,Kansas,2023-06-12 14:04,2023,6,12,38.931581,-95.235869,https://www.inaturalist.org/observations/167094979,NA,NA,
Tripsacum dactyloides,Kansas,2023-06-03 10:19:25,2023,6,3,38.905928,-95.158841,https://www.inaturalist.org/observations/165347329,NA,NA,
Tripsacum dactyloides,Kansas,2023-05-25 8:59:31,2023,5,25,38.940788,-95.377647,https://www.inaturalist.org/observations/163758912,NA,NA,
Tripsacum dactyloides,Kansas,2023-04-30 12:37:50,2023,4,30,38.897363,-94.895513,https://www.inaturalist.org/observations/158407906,NA,NA,
Tripsacum dactyloides,Kansas,2021-06-12T20:36Z,2021,6,12,39.103369,-96.599581,https://www.inaturalist.org/observations/82795176,NA,NA,
Tripsacum dactyloides,Kansas,2021-06-12T20:25Z,2021,6,12,39.103369,-96.605074,https://www.inaturalist.org/observations/82795172,NA,NA,
Tripsacum dactyloides,Kansas,2022-06-20 8:31:53,2022,6,20,38.876747,-94.946787,https://www.inaturalist.org/observations/122837089,NA,NA,
Tripsacum dactyloides,Kansas,2022-08-23 10:51:40,2022,8,23,38.667103,-100.919883,https://www.inaturalist.org/observations/144457604,NA,NA,
Tripsacum dactyloides,Kansas,2022-11-24 8:39:22,2022,11,24,38.901163,-94.891753,https://www.inaturalist.org/observations/142774829,NA,NA,
Tripsacum dactyloides,Kansas,2022-06-19 15:08,2022,6,19,38.406093,-96.550443,https://www.inaturalist.org/observations/141508857,NA,NA,
Tripsacum dactyloides,Kansas,2022-06-05 20:08,2022,6,5,37.283217,-97.385641,https://www.inaturalist.org/observations/136123320,NA,NA,
Tripsacum dactyloides,Kansas,2022-07-11 9:49:32,2022,7,11,38.0748,-98.489776,https://www.inaturalist.org/observations/125786404,NA,NA,
Tripsacum dactyloides,Kansas,2022-07-18 10:05:52,2022,7,18,38.987611,-94.783972,https://www.inaturalist.org/observations/126819784,NA,NA,
Tripsacum dactyloides,Kansas,2022-07-21 17:20:04,2022,7,21,38.666489,-100.920349,https://www.inaturalist.org/observations/127285088,NA,NA,
Tripsacum dactyloides,Kansas,2022-07-07 10:57:45,2022,7,7,38.936346,-95.339585,https://www.inaturalist.org/observations/125230369,NA,NA,
Tripsacum dactyloides,Kansas,2022-06-26 9:08:38,2022,6,26,39.089703,-95.027358,https://www.inaturalist.org/observations/123602552,NA,NA,
Tripsacum dactyloides,Kansas,2022-06-02 16:13:06,2022,6,2,38.218655,-95.999026,https://www.inaturalist.org/observations/121071931,NA,NA,
Tripsacum dactyloides,Kansas,2022-06-18 9:33,2022,6,18,39.196654,-95.345989,https://www.inaturalist.org/observations/122422554,NA,NA,
Tripsacum dactyloides,Kansas,2022-07-05 10:30:54,2022,7,5,39.0368,-94.680192,https://www.inaturalist.org/observations/124918502,NA,NA,
Tripsacum dactyloides,Kansas,2022-06-19 11:23,2022,6,19,38.919565,-95.227762,https://www.inaturalist.org/observations/122557408,NA,NA,
Tripsacum dactyloides,Kansas,2022-06-26 10:53,2022,6,26,38.951223,-95.697424,https://www.inaturalist.org/observations/123773176,NA,NA,
Tripsacum dactyloides,Kansas,2022-06-04 18:42:58,2022,6,4,38.368361,-96.590298,https://www.inaturalist.org/observations/120264531,NA,NA,
Tripsacum dactyloides,Kansas,2022-06-19 11:11,2022,6,19,38.920695,-95.223918,https://www.inaturalist.org/observations/122557089,NA,NA,
Tripsacum dactyloides,Kansas,2022-06-26 16:50,2022,6,26,39.265159,-94.92685,https://www.inaturalist.org/observations/123785524,NA,NA,
Tripsacum dactyloides,Kansas,2022-06-07 10:19:50,2022,6,7,38.97761,-95.307825,https://www.inaturalist.org/observations/120676340,NA,NA,
Tripsacum dactyloides,Kansas,2022-06-18 10:03,2022,6,18,39.197061,-95.345639,https://www.inaturalist.org/observations/122485976,NA,NA,
Tripsacum dactyloides,Kansas,2022-06-26 15:53,2022,6,26,39.263252,-95.012465,https://www.inaturalist.org/observations/123784588,NA,NA,
Tripsacum dactyloides,Kansas,2022-06-19 8:23:43,2022,6,19,38.961872,-95.28878,https://www.inaturalist.org/observations/122472930,NA,NA,
Tripsacum dactyloides,Kansas,2022-06-23 10:13:17,2022,6,23,37.743412,-97.27043,https://www.inaturalist.org/observations/123116851,NA,NA,
Tripsacum dactyloides,Kansas,2022-06-26 16:18,2022,6,26,39.262804,-95.015385,https://www.inaturalist.org/observations/123784976,NA,NA,
Tripsacum dactyloides,Kansas,2022-06-09 20:08:26,2022,6,9,38.980306,-95.242281,https://www.inaturalist.org/observations/121034994,NA,NA,
Tripsacum dactyloides,Kansas,2022-06-08 20:08:46,2022,6,8,39.120504,-96.482191,https://www.inaturalist.org/observations/120909397,NA,NA,
Tripsacum dactyloides,Kansas,2022-06-12 16:14:16,2022,6,12,38.435597,-96.557695,https://www.inaturalist.org/observations/121506406,NA,NA,
Tripsacum dactyloides,Kansas,2022-06-09 19:40:42,2022,6,9,39.055428,-96.168838,https://www.inaturalist.org/observations/121033885,NA,NA,
Tripsacum dactyloides,Kansas,2022-05-21 10:10:27,2022,5,21,38.990135,-94.799013,https://www.inaturalist.org/observations/118017119,NA,NA,
Tripsacum dactyloides,Kansas,2022-05-21 10:44:40,2022,5,21,39.114812,-96.755904,https://www.inaturalist.org/observations/118032929,NA,NA,
Tripsacum dactyloides,Kansas,2021-09-15 18:44:14,2021,9,15,38.162808,-96.563447,https://www.inaturalist.org/observations/95094578,NA,NA,
Tripsacum dactyloides,Kansas,2019-08-02 14:13:48,2019,8,2,38.988068,-95.302932,https://www.inaturalist.org/observations/30063263,NA,NA,
Tripsacum dactyloides,Kansas,2021-08-23 11:34,2021,8,23,38.845767,-94.84523,https://www.inaturalist.org/observations/92264402,NA,NA,
Tripsacum dactyloides,Kansas,2019-06-11 13:22:36,2019,6,11,39.055367,-95.772408,https://www.inaturalist.org/observations/26822941,NA,NA,
Tripsacum dactyloides,Kansas,2021-06-05 9:09:22,2021,6,5,38.161934,-95.30413,https://www.inaturalist.org/observations/81701977,NA,NA,
Tripsacum dactyloides,Kansas,2021-06-06 13:01:30,2021,6,6,39.106887,-96.609134,https://www.inaturalist.org/observations/82025121,NA,NA,
Tripsacum dactyloides,Kansas,2021-06-06 14:52,2021,6,6,38.885726,-95.477107,https://www.inaturalist.org/observations/82109406,NA,NA,
Tripsacum dactyloides,Kansas,2021-06-23 8:57:55,2021,6,23,39.102395,-96.58963,https://www.inaturalist.org/observations/84261979,NA,NA,
Tripsacum dactyloides,Kansas,2021-06-11T07:32:55Z,2021,6,11,39.094941,-95.269106,https://www.inaturalist.org/observations/83407735,NA,NA,
Tripsacum dactyloides,Kansas,2021-07-21T15:16:20Z,2021,7,21,38.880745,-94.896133,https://www.inaturalist.org/observations/88054781,NA,NA,
Tripsacum dactyloides,Kansas,2021-08-03 19:24,2021,8,3,39.059739,-96.120583,https://www.inaturalist.org/observations/89996324,NA,NA,
Tripsacum dactyloides,Kansas,2021-06-26 12:18:14,2021,6,26,39.082661,-95.298187,https://www.inaturalist.org/observations/84576821,NA,NA,
Tripsacum dactyloides,Kansas,2021-06-08T08:03:40Z,2021,6,8,38.990087,-94.797287,https://www.inaturalist.org/observations/82214709,NA,NA,
Tripsacum dactyloides,Kansas,2021-06-06 20:17:50,2021,6,6,39.102635,-96.612702,https://www.inaturalist.org/observations/81963083,NA,NA,
Tripsacum dactyloides,Kansas,2020-11-04T08:33:05Z,2020,11,4,38.781398,-95.65123,https://www.inaturalist.org/observations/64174635,NA,NA,
Tripsacum dactyloides,Kansas,2020-08-12 9:49:24,2020,8,12,38.688508,-100.919632,https://www.inaturalist.org/observations/56479330,NA,NA,
Tripsacum dactyloides,Kansas,2019-06-04 15:19:50,2019,6,4,37.806548,-94.941464,https://www.inaturalist.org/observations/26408498,NA,NA,
Tripsacum dactyloides,Kansas,2019-06-04 15:43:42,2019,6,4,37.805187,-94.952875,https://www.inaturalist.org/observations/26408810,NA,NA,
Tripsacum dactyloides,Kansas,2019-06-10 9:30:01,2019,6,10,39.098118,-96.589909,https://www.inaturalist.org/observations/26769184,NA,NA,
Tripsacum dactyloides,Kansas,2019-07-03 9:26:22,2019,7,3,39.091772,-96.559329,https://www.inaturalist.org/observations/28139600,NA,NA,
Tripsacum dactyloides,Kansas,2019-07-13 7:08:43,2019,7,13,39.084854,-96.559769,https://www.inaturalist.org/observations/28743563,NA,NA,
Tripsacum dactyloides,Kansas,2019-06-16 19:13:05,2019,6,16,38.66892,-100.9199,https://www.inaturalist.org/observations/27129976,NA,NA,
Tripsacum dactyloides,Kansas,2020-05-27 14:48:08,2020,5,27,39.102939,-96.611045,https://www.inaturalist.org/observations/47568645,NA,NA,
Tripsacum dactyloides,Kansas,2020-06-06 9:32,2020,6,6,38.904308,-95.155706,https://www.inaturalist.org/observations/48691919,NA,NA,
Tripsacum dactyloides,Kansas,2019-06-11 13:30:25,2019,6,11,39.056708,-95.771692,https://www.inaturalist.org/observations/26822392,NA,NA,
Tripsacum dactyloides,Kansas,2018-06-09 8:32,2018,6,9,38.403062,-96.551009,https://www.inaturalist.org/observations/13456135,NA,NA,
Tripsacum dactyloides,Kansas,2018-06-15 9:56:58,2018,6,15,38.429086,-96.554955,https://www.inaturalist.org/observations/13450972,NA,NA,
Tripsacum dactyloides,Kansas,2016-06-10 8:11,2016,6,10,39.068876,-95.753446,https://www.inaturalist.org/observations/18482660,NA,NA,
Tripsacum dactyloides,Kansas,2018-06-04 10:47:07,2018,6,4,38.072256,-94.731712,https://www.inaturalist.org/observations/13412168,NA,NA,
Tripsacum dactyloides,Kansas,2016-06-07 9:50:39,2016,6,7,39.099526,-96.612701,https://www.inaturalist.org/observations/3401140,NA,NA,
Tripsacum dactyloides,Kansas,6/9/14,2014,6,9,37.100483,-96.800923,https://www.inaturalist.org/observations/1187494,NA,NA,
Tripsacum dactyloides,Kansas,2014-06-19 12:16:07,2014,6,19,37.537791,-97.679434,https://www.inaturalist.org/observations/1890846,NA,NA,
Tripsacum dactyloides,Kansas,6/30/14,2014,6,30,38.67443,-100.916728,https://www.inaturalist.org/observations/762906,NA,NA,
Tripsacum dactyloides,Kansas,2025-09-01 14:47:22,2025,9,1,38.832462,-94.750687,https://www.inaturalist.org/observations/310913573,NA,NA,
Tripsacum dactyloides,Kansas,2025-05-19 8:29,2025,5,19,39.103121,-96.594091,https://www.inaturalist.org/observations/282428287,NA,NA,
Tripsacum dactyloides,Kansas,2023-05-17 11:52:16,2023,5,17,39.102239,-96.591422,https://www.inaturalist.org/observations/162247597,NA,NA,
Tripsacum dactyloides,Kansas,2021-07-13 8:46:36,2021,7,13,37.90835,-97.327522,https://www.inaturalist.org/observations/86858280,NA,NA,
Tripsacum dactyloides,Kansas,2020-09-17T11:17:36Z,2020,9,17,38.955469,-95.243482,https://www.inaturalist.org/observations/59883563,NA,NA,
Tripsacum dactyloides,Arkansas,2025-10-10 14:51:10,2025,10,10,36.065282,-94.232755,https://www.inaturalist.org/observations/320021497,NA,NA,
Tripsacum dactyloides,Arkansas,2023-07-15 13:59:50,2023,7,15,33.585971,-92.852029,https://www.inaturalist.org/observations/173650151,NA,NA,
Tripsacum dactyloides,Arkansas,2025-09-07 15:34:06,2025,9,7,34.790988,-92.316003,https://www.inaturalist.org/observations/312336911,NA,NA,
Tripsacum dactyloides,Arkansas,2023-05-23 9:37,2023,5,23,33.76007,-93.977006,https://www.inaturalist.org/observations/163461567,NA,NA,
Tripsacum dactyloides,Arkansas,2025-06-20 19:43:09,2025,6,20,35.781966,-94.252686,https://www.inaturalist.org/observations/292763225,NA,NA,
Tripsacum dactyloides,Arkansas,2023-04-16 19:15:46,2023,4,16,34.781322,-91.650825,https://www.inaturalist.org/observations/155263067,NA,NA,
Tripsacum dactyloides,Arkansas,2025-10-08 9:06:25,2025,10,8,36.065363,-94.232892,https://www.inaturalist.org/observations/319634276,NA,NA,
Tripsacum dactyloides,Arkansas,2025-05-22 16:39:25,2025,5,22,36.01213,-92.381099,https://www.inaturalist.org/observations/284057797,NA,NA,
Tripsacum dactyloides,Arkansas,2025-09-21 9:44:37,2025,9,21,36.243303,-93.133252,https://www.inaturalist.org/observations/315531461,NA,NA,
Tripsacum dactyloides,Arkansas,2025-04-22 15:58:59,2025,4,22,36.038811,-94.183905,https://www.inaturalist.org/observations/284975008,NA,NA,
Tripsacum dactyloides,Arkansas,2025-04-18 19:13:08,2025,4,18,34.781137,-91.626572,https://www.inaturalist.org/observations/284966343,NA,NA,
Tripsacum dactyloides,Arkansas,2025-10-15 11:31:43,2025,10,15,34.793553,-92.349838,https://www.inaturalist.org/observations/321132263,NA,NA,
Tripsacum dactyloides,Arkansas,2025-08-10 9:57:48,2025,8,10,34.76689,-92.295558,https://www.inaturalist.org/observations/305254150,NA,NA,
Tripsacum dactyloides,Arkansas,2025-07-09 15:48:50,2025,7,9,36.382233,-94.201019,https://www.inaturalist.org/observations/296600785,NA,NA,
Tripsacum dactyloides,Arkansas,2025-07-21 9:37:16,2025,7,21,34.743219,-94.077932,https://www.inaturalist.org/observations/307601174,NA,NA,
Tripsacum dactyloides,Arkansas,2025-07-25 8:17:29,2025,7,25,36.255797,-94.271453,https://www.inaturalist.org/observations/301044530,NA,NA,
Tripsacum dactyloides,Arkansas,2025-07-06 7:35,2025,7,6,34.463939,-93.044036,https://www.inaturalist.org/observations/295699005,NA,NA,
Tripsacum dactyloides,Arkansas,2025-08-02 19:42:19,2025,8,2,34.081696,-93.177262,https://www.inaturalist.org/observations/303388620,NA,NA,
Tripsacum dactyloides,Arkansas,2025-07-21 8:58,2025,7,21,34.463783,-93.044258,https://www.inaturalist.org/observations/299901817,NA,NA,
Tripsacum dactyloides,Arkansas,2025-06-25 15:22:06,2025,6,25,36.312663,-94.193636,https://www.inaturalist.org/observations/293583912,NA,NA,
Tripsacum dactyloides,Arkansas,2025-06-25 15:16:11,2025,6,25,36.31292,-94.193505,https://www.inaturalist.org/observations/293577377,NA,NA,
Tripsacum dactyloides,Arkansas,2025-07-05 9:35,2025,7,5,35.488896,-92.107934,https://www.inaturalist.org/observations/296057016,NA,NA,
Tripsacum dactyloides,Arkansas,2025-06-11 6:32:41,2025,6,11,35.367037,-93.977039,https://www.inaturalist.org/observations/289311518,NA,NA,
Tripsacum dactyloides,Arkansas,2025-06-06 16:05:57,2025,6,6,34.781137,-91.496392,https://www.inaturalist.org/observations/287757500,NA,NA,
Tripsacum dactyloides,Arkansas,2025-06-06 7:47,2025,6,6,34.616906,-92.787506,https://www.inaturalist.org/observations/287843214,NA,NA,
Tripsacum dactyloides,Arkansas,2025-06-09 11:27:36,2025,6,9,36.220772,-94.486222,https://www.inaturalist.org/observations/288233055,NA,NA,
Tripsacum dactyloides,Arkansas,2025-06-06 11:47:09,2025,6,6,34.451875,-91.57537,https://www.inaturalist.org/observations/287345338,NA,NA,
Tripsacum dactyloides,Arkansas,2025-04-09 19:28:07,2025,4,9,34.78173,-91.685013,https://www.inaturalist.org/observations/284733041,NA,NA,
Tripsacum dactyloides,Arkansas,2025-04-09 19:16:56,2025,4,9,34.781788,-91.688238,https://www.inaturalist.org/observations/284729496,NA,NA,
Tripsacum dactyloides,Arkansas,2025-05-24 20:14:49,2025,5,24,36.00003,-94.161323,https://www.inaturalist.org/observations/283853185,NA,NA,
Tripsacum dactyloides,Arkansas,2025-05-19 17:11:54,2025,5,19,34.970787,-92.3767,https://www.inaturalist.org/observations/283364562,NA,NA,
Tripsacum dactyloides,Arkansas,2024-09-18 9:37,2024,9,18,34.992813,-92.359101,https://www.inaturalist.org/observations/242548132,NA,NA,
Tripsacum dactyloides,Arkansas,2024-08-29 14:47:27,2024,8,29,34.078472,-93.905197,https://www.inaturalist.org/observations/240086948,NA,NA,
Tripsacum dactyloides,Arkansas,2024-08-25 11:21:39,2024,8,25,36.18088,-94.123169,https://www.inaturalist.org/observations/238196583,NA,NA,
Tripsacum dactyloides,Arkansas,2024-06-06 14:22:48,2024,6,6,36.065215,-94.23289,https://www.inaturalist.org/observations/222234761,NA,NA,
Tripsacum dactyloides,Arkansas,2024-05-27 11:16,2024,5,27,36.423305,-93.773076,https://www.inaturalist.org/observations/219031772,NA,NA,
Tripsacum dactyloides,Arkansas,2024-05-28 12:23,2024,5,28,33.619953,-94.228111,https://www.inaturalist.org/observations/219093235,NA,NA,
Tripsacum dactyloides,Arkansas,2024-06-28 11:10,2024,6,28,33.596697,-94.195731,https://www.inaturalist.org/observations/225839855,NA,NA,
Tripsacum dactyloides,Arkansas,2024-07-19 12:08:05,2024,7,19,33.805727,-93.362326,https://www.inaturalist.org/observations/230384905,NA,NA,
Tripsacum dactyloides,Arkansas,2024-07-06 12:37,2024,7,6,33.098622,-93.402139,https://www.inaturalist.org/observations/227742957,NA,NA,
Tripsacum dactyloides,Arkansas,2024-07-11 11:04:28,2024,7,11,33.787897,-93.812476,https://www.inaturalist.org/observations/228760181,NA,NA,
Tripsacum dactyloides,Arkansas,2024-06-15 7:26:56,2024,6,15,36.319042,-93.969375,https://www.inaturalist.org/observations/227663020,NA,NA,
Tripsacum dactyloides,Arkansas,2024-06-06 9:23:11,2024,6,6,35.870887,-94.124544,https://www.inaturalist.org/observations/220906991,NA,NA,
Tripsacum dactyloides,Arkansas,2024-06-06 10:45:55,2024,6,6,33.808413,-93.36228,https://www.inaturalist.org/observations/221011849,NA,NA,
Tripsacum dactyloides,Arkansas,2024-06-09 14:54:59,2024,6,9,36.102211,-93.718826,https://www.inaturalist.org/observations/221653582,NA,NA,
Tripsacum dactyloides,Arkansas,2023-05-09 15:31:40,2023,5,9,36.065216,-94.232739,https://www.inaturalist.org/observations/160798935,NA,NA,
Tripsacum dactyloides,Arkansas,2024-06-02 18:29:18,2024,6,2,36.065139,-94.232806,https://www.inaturalist.org/observations/220132072,NA,NA,
Tripsacum dactyloides,Arkansas,2024-05-30 13:58:56,2024,5,30,34.085974,-93.176117,https://www.inaturalist.org/observations/219529233,NA,NA,
Tripsacum dactyloides,Arkansas,2024-05-29 7:27,2024,5,29,34.189018,-93.071485,https://www.inaturalist.org/observations/219234595,NA,NA,
Tripsacum dactyloides,Arkansas,2024-05-25 17:29:23,2024,5,25,34.781928,-91.695205,https://www.inaturalist.org/observations/218306031,NA,NA,
Tripsacum dactyloides,Arkansas,2024-05-25 15:49:54,2024,5,25,34.781228,-91.635003,https://www.inaturalist.org/observations/218273818,NA,NA,
Tripsacum dactyloides,Arkansas,2024-05-22 12:51,2024,5,22,36.357016,-94.143362,https://www.inaturalist.org/observations/218032571,NA,NA,
Tripsacum dactyloides,Arkansas,2024-05-14 13:41,2024,5,14,34.780399,-91.528459,https://www.inaturalist.org/observations/216040830,NA,NA,
Tripsacum dactyloides,Arkansas,2023-06-05 11:05:15,2023,6,5,34.630745,-91.583572,https://www.inaturalist.org/observations/165896177,NA,NA,
Tripsacum dactyloides,Arkansas,2023-07-03 15:35:54,2023,7,3,35.2686,-92.38347,https://www.inaturalist.org/observations/170934007,NA,NA,
Tripsacum dactyloides,Arkansas,2024-05-11 14:21,2024,5,11,36.013109,-94.220562,https://www.inaturalist.org/observations/215104314,NA,NA,
Tripsacum dactyloides,Arkansas,2024-04-16 13:11:42,2024,4,16,34.782437,-91.4952,https://www.inaturalist.org/observations/207701944,NA,NA,
Tripsacum dactyloides,Arkansas,2021-09-14 12:28,2021,9,14,36.381854,-94.202652,https://www.inaturalist.org/observations/196200339,NA,NA,
Tripsacum dactyloides,Arkansas,2023-06-03 12:12:41,2023,6,3,34.780992,-91.626672,https://www.inaturalist.org/observations/166001253,NA,NA,
Tripsacum dactyloides,Arkansas,2023-07-11 8:27:51,2023,7,11,33.622762,-91.264747,https://www.inaturalist.org/observations/172503510,NA,NA,
Tripsacum dactyloides,Arkansas,2023-06-06 16:32:17,2023,6,6,36.000188,-94.159887,https://www.inaturalist.org/observations/166004543,NA,NA,
Tripsacum dactyloides,Arkansas,2023-06-02 13:17,2023,6,2,33.650494,-93.832222,https://www.inaturalist.org/observations/166393406,NA,NA,
Tripsacum dactyloides,Arkansas,2023-06-04 9:05,2023,6,4,33.78259,-93.768441,https://www.inaturalist.org/observations/167865224,NA,NA,
Tripsacum dactyloides,Arkansas,2023-05-15 8:54,2023,5,15,34.780324,-91.496175,https://www.inaturalist.org/observations/179907630,NA,NA,
Tripsacum dactyloides,Arkansas,9/10/23,2023,9,10,34.638602,-90.629444,https://www.inaturalist.org/observations/182764912,NA,NA,
Tripsacum dactyloides,Arkansas,2023-08-01 9:37,2023,8,1,33.77004,-93.03914,https://www.inaturalist.org/observations/176268340,NA,NA,
Tripsacum dactyloides,Arkansas,2023-07-03 7:56,2023,7,3,35.27888,-94.116199,https://www.inaturalist.org/observations/172108260,NA,NA,
Tripsacum dactyloides,Arkansas,2023-07-09 14:46:52,2023,7,9,36.156122,-94.40538,https://www.inaturalist.org/observations/172021339,NA,NA,
Tripsacum dactyloides,Arkansas,2023-05-31 15:46:45,2023,5,31,34.78143,-91.641853,https://www.inaturalist.org/observations/166012178,NA,NA,
Tripsacum dactyloides,Arkansas,6/14/23,2023,6,14,34.781884,-91.690831,https://www.inaturalist.org/observations/167798228,NA,NA,
Tripsacum dactyloides,Arkansas,2023-06-23 11:49,2023,6,23,35.933992,-93.71476,https://www.inaturalist.org/observations/169095124,NA,NA,
Tripsacum dactyloides,Arkansas,2023-06-07 15:34,2023,6,7,36.218364,-94.488764,https://www.inaturalist.org/observations/166391999,NA,NA,
Tripsacum dactyloides,Arkansas,2023-06-04 9:32,2023,6,4,33.783187,-93.76832,https://www.inaturalist.org/observations/166130402,NA,NA,
Tripsacum dactyloides,Arkansas,2023-05-24 13:14:35,2023,5,24,33.744355,-93.620047,https://www.inaturalist.org/observations/163630247,NA,NA,
Tripsacum dactyloides,Arkansas,2022-10-12 12:35:34,2022,10,12,33.576333,-91.970222,https://www.inaturalist.org/observations/138929169,NA,NA,
Tripsacum dactyloides,Arkansas,2022-10-02 10:15:43,2022,10,2,34.78488,-92.338255,https://www.inaturalist.org/observations/137357613,NA,NA,
Tripsacum dactyloides,Arkansas,2022-09-09 18:18:26,2022,9,9,34.273479,-91.33091,https://www.inaturalist.org/observations/134359115,NA,NA,
Tripsacum dactyloides,Arkansas,2022-08-27 10:46,2022,8,27,33.78802,-93.81206,https://www.inaturalist.org/observations/132555830,NA,NA,
Tripsacum dactyloides,Arkansas,2022-08-26 10:42:59,2022,8,26,34.83488,-92.499817,https://www.inaturalist.org/observations/132433019,NA,NA,
Tripsacum dactyloides,Arkansas,2022-08-27 13:24,2022,8,27,33.81384,-93.77966,https://www.inaturalist.org/observations/132559660,NA,NA,
Tripsacum dactyloides,Arkansas,2022-08-17 9:38:55,2022,8,17,33.585679,-93.731758,https://www.inaturalist.org/observations/131203468,NA,NA,
Tripsacum dactyloides,Arkansas,2022-08-17 9:37:57,2022,8,17,33.585784,-93.731002,https://www.inaturalist.org/observations/131203350,NA,NA,
Tripsacum dactyloides,Arkansas,2022-06-29 14:28:50,2022,6,29,34.838005,-92.524017,https://www.inaturalist.org/observations/124057859,NA,NA,
Tripsacum dactyloides,Arkansas,2022-06-29 14:40:05,2022,6,29,34.83765,-92.522233,https://www.inaturalist.org/observations/124058615,NA,NA,
Tripsacum dactyloides,Arkansas,2022-06-03 12:37,2022,6,3,34.938657,-92.401373,https://www.inaturalist.org/observations/120088491,NA,NA,
Tripsacum dactyloides,Arkansas,2022-06-08 16:29:13,2022,6,8,36.243558,-93.133164,https://www.inaturalist.org/observations/121475517,NA,NA,
Tripsacum dactyloides,Arkansas,2022-06-22 11:29:04,2022,6,22,33.824567,-93.421355,https://www.inaturalist.org/observations/123072536,NA,NA,
Tripsacum dactyloides,Arkansas,2022-06-22 11:13:12,2022,6,22,33.828003,-93.41548,https://www.inaturalist.org/observations/123037008,NA,NA,
Tripsacum dactyloides,Arkansas,2019-06-08 23:50,2019,6,8,36.318573,-93.96199,https://www.inaturalist.org/observations/26725025,NA,NA,
Tripsacum dactyloides,Arkansas,2022-06-22 14:41,2022,6,22,33.835372,-93.403442,https://www.inaturalist.org/observations/123074983,NA,NA,
Tripsacum dactyloides,Arkansas,2022-06-15 14:52:45,2022,6,15,36.2423,-93.136033,https://www.inaturalist.org/observations/122571841,NA,NA,
Tripsacum dactyloides,Arkansas,2022-06-08 17:34:47,2022,6,8,36.246903,-93.132211,https://www.inaturalist.org/observations/121170910,NA,NA,
Tripsacum dactyloides,Arkansas,2022-05-12 16:11,2022,5,12,34.781981,-91.495607,https://www.inaturalist.org/observations/117226988,NA,NA,
Tripsacum dactyloides,Arkansas,2021-07-19 15:48,2021,7,19,36.511073,-94.121957,https://www.inaturalist.org/observations/87804227,NA,NA,
Tripsacum dactyloides,Arkansas,2022-05-18 19:12:05,2022,5,18,35.105016,-92.43874,https://www.inaturalist.org/observations/117667518,NA,NA,
Tripsacum dactyloides,Arkansas,2020-07-02 15:15,2020,7,2,35.488668,-92.108041,https://www.inaturalist.org/observations/116863219,NA,NA,
Tripsacum dactyloides,Arkansas,2022-05-15 9:53,2022,5,15,34.782012,-91.496138,https://www.inaturalist.org/observations/117451381,NA,NA,
Tripsacum dactyloides,Arkansas,2021-07-21 12:02:40,2021,7,21,36.15704,-91.056523,https://www.inaturalist.org/observations/88011427,NA,NA,
Tripsacum dactyloides,Arkansas,2021-07-15T14:41:43Z,2021,7,15,33.964944,-93.595636,https://www.inaturalist.org/observations/87847761,NA,NA,
Tripsacum dactyloides,Arkansas,2021-07-16 15:35:19,2021,7,16,33.832405,-93.363487,https://www.inaturalist.org/observations/87322066,NA,NA,
Tripsacum dactyloides,Arkansas,2021-07-16 10:15:04,2021,7,16,33.82299,-93.390999,https://www.inaturalist.org/observations/87275909,NA,NA,
Tripsacum dactyloides,Arkansas,2021-07-16 18:32:50,2021,7,16,33.8265,-93.392355,https://www.inaturalist.org/observations/87337236,NA,NA,
Tripsacum dactyloides,Arkansas,2021-07-15 19:22,2021,7,15,33.795375,-93.38772,https://www.inaturalist.org/observations/87230145,NA,NA,
Tripsacum dactyloides,Arkansas,2021-07-16 8:24:17,2021,7,16,33.810362,-93.405023,https://www.inaturalist.org/observations/87263796,NA,NA,
Tripsacum dactyloides,Arkansas,2021-07-16 17:29:19,2021,7,16,33.833817,-93.394355,https://www.inaturalist.org/observations/87330138,NA,NA,
Tripsacum dactyloides,Arkansas,2021-07-16 8:50:40,2021,7,16,33.8103,-93.404183,https://www.inaturalist.org/observations/87266666,NA,NA,
Tripsacum dactyloides,Arkansas,2021-07-15 20:01:38,2021,7,15,33.75595,-93.440362,https://www.inaturalist.org/observations/87229155,NA,NA,
Tripsacum dactyloides,Arkansas,2021-11-20 12:15:07,2021,11,20,36.380303,-94.199242,https://www.inaturalist.org/observations/101577032,NA,NA,
Tripsacum dactyloides,Arkansas,2021-10-12 14:32:21,2021,10,12,36.380204,-94.199185,https://www.inaturalist.org/observations/98028878,NA,NA,
Tripsacum dactyloides,Arkansas,2021-07-09 11:10:17,2021,7,9,34.9174,-93.059983,https://www.inaturalist.org/observations/86322546,NA,NA,
Tripsacum dactyloides,Arkansas,2021-09-03 7:30,2021,9,3,34.65336,-94.27412,https://www.inaturalist.org/observations/93619053,NA,NA,
Tripsacum dactyloides,Arkansas,2021-08-15 14:52:23,2021,8,15,35.843606,-94.5225,https://www.inaturalist.org/observations/91339165,NA,NA,
Tripsacum dactyloides,Arkansas,2021-08-15 15:55,2021,8,15,35.866119,-94.474878,https://www.inaturalist.org/observations/91416133,NA,NA,
Tripsacum dactyloides,Arkansas,2021-07-18 11:31:39,2021,7,18,35.952936,-93.898934,https://www.inaturalist.org/observations/87664801,NA,NA,
Tripsacum dactyloides,Arkansas,2021-07-04 9:33:28,2021,7,4,35.489125,-92.107933,https://www.inaturalist.org/observations/85620185,NA,NA,
Tripsacum dactyloides,Arkansas,2021-06-26 11:19:37,2021,6,26,34.966411,-92.350414,https://www.inaturalist.org/observations/84588914,NA,NA,
Tripsacum dactyloides,Arkansas,6/15/21,2021,6,15,33.766011,-94.059139,https://www.inaturalist.org/observations/83596789,NA,NA,
Tripsacum dactyloides,Arkansas,5/30/21,2021,5,30,36.356993,-94.143379,https://www.inaturalist.org/observations/84021859,NA,NA,
Tripsacum dactyloides,Arkansas,2021-06-15 9:31:48,2021,6,15,36.076052,-94.090406,https://www.inaturalist.org/observations/83139516,NA,NA,
Tripsacum dactyloides,Arkansas,2019-10-12T17:54:30Z,2019,10,12,33.706807,-93.619089,https://www.inaturalist.org/observations/34278954,NA,NA,
Tripsacum dactyloides,Arkansas,2021-06-03T12:13:51Z,2021,6,3,33.801185,-93.774459,https://www.inaturalist.org/observations/81453974,NA,NA,
Tripsacum dactyloides,Arkansas,5/31/21,2021,5,31,36.241882,-93.136223,https://www.inaturalist.org/observations/81506231,NA,NA,
Tripsacum dactyloides,Arkansas,2021-06-08 16:01:29,2021,6,8,34.681313,-92.463988,https://www.inaturalist.org/observations/82219416,NA,NA,
Tripsacum dactyloides,Arkansas,2020-10-16 11:58:49,2020,10,16,34.176708,-91.994867,https://www.inaturalist.org/observations/62729105,NA,NA,
Tripsacum dactyloides,Arkansas,10/11/20,2020,10,11,33.591398,-91.155885,https://www.inaturalist.org/observations/62447600,NA,NA,
Tripsacum dactyloides,Arkansas,2020-08-03 8:31:37,2020,8,3,34.971676,-92.349476,https://www.inaturalist.org/observations/55292618,NA,NA,
Tripsacum dactyloides,Arkansas,2020-08-04 11:08,2020,8,4,35.15845,-93.59971,https://www.inaturalist.org/observations/55510978,NA,NA,
Tripsacum dactyloides,Arkansas,2020-08-02 10:24:05,2020,8,2,34.914081,-93.05402,https://www.inaturalist.org/observations/55189707,NA,NA,
Tripsacum dactyloides,Arkansas,2014-06-18 11:03,2014,6,18,34.50811,-92.68156,https://www.inaturalist.org/observations/36998354,NA,NA,
Tripsacum dactyloides,Arkansas,2020-06-23 12:05,2020,6,23,35.21298,-94.40886,https://www.inaturalist.org/observations/50765986,NA,NA,
Tripsacum dactyloides,Arkansas,6/20/20,2020,6,20,34.629194,-91.584212,https://www.inaturalist.org/observations/50361496,NA,NA,
Tripsacum dactyloides,Arkansas,2020-06-09 12:43,2020,6,9,36.165767,-94.433181,https://www.inaturalist.org/observations/49059944,NA,NA,
Tripsacum dactyloides,Arkansas,2020-06-01 14:10:39,2020,6,1,34.781786,-91.496505,https://www.inaturalist.org/observations/48167821,NA,NA,
Tripsacum dactyloides,Arkansas,2020-05-24 19:30:07,2020,5,24,35.10501,-92.439112,https://www.inaturalist.org/observations/47207310,NA,NA,
Tripsacum dactyloides,Arkansas,2020-06-01 13:18:42,2020,6,1,34.782357,-91.495156,https://www.inaturalist.org/observations/48167193,NA,NA,
Tripsacum dactyloides,Arkansas,2019-07-05 12:14:21,2019,7,5,33.811646,-93.766593,https://www.inaturalist.org/observations/28265551,NA,NA,
Tripsacum dactyloides,Arkansas,2019-09-10 16:35:34,2019,9,10,35.985803,-94.29972,https://www.inaturalist.org/observations/32509578,NA,NA,
Tripsacum dactyloides,Arkansas,2019-09-09 9:25,2019,9,9,34.974939,-92.383686,https://www.inaturalist.org/observations/32419816,NA,NA,
Tripsacum dactyloides,Arkansas,2019-08-29 14:03:47,2019,8,29,36.191928,-94.389412,https://www.inaturalist.org/observations/31816313,NA,NA,
Tripsacum dactyloides,Arkansas,2019-07-02 10:37:10,2019,7,2,36.080202,-94.085052,https://www.inaturalist.org/observations/28070869,NA,NA,
Tripsacum dactyloides,Arkansas,2019-06-01 4:41,2019,6,1,36.245502,-93.134022,https://www.inaturalist.org/observations/26223636,NA,NA,
Tripsacum dactyloides,Arkansas,2017-06-15 12:58:26,2017,6,15,36.178437,-91.488067,https://www.inaturalist.org/observations/12809502,NA,NA,
Tripsacum dactyloides,Arkansas,6/26/16,2016,6,26,34.186286,-93.061671,https://www.inaturalist.org/observations/3585050,NA,NA,
Tripsacum dactyloides,Arkansas,2014-08-03 9:07:36,2014,8,3,34.791876,-92.316113,https://www.inaturalist.org/observations/818631,NA,NA,
Tripsacum dactyloides,Arkansas,2016-05-31 9:31:18,2016,5,31,34.915042,-93.053968,https://www.inaturalist.org/observations/3351321,NA,NA,
Tripsacum dactyloides,Arkansas,2025-06-03 16:22:10,2025,6,3,34.24672,-93.705645,https://www.inaturalist.org/observations/286659222,NA,NA,
Tripsacum dactyloides,Arkansas,2023-05-14 10:19:15,2023,5,14,34.29676,-94.16022,https://www.inaturalist.org/observations/227884499,NA,NA,
Tripsacum dactyloides,Arkansas,2024-06-06 10:17:49,2024,6,6,33.80867,-93.361542,https://www.inaturalist.org/observations/221007171,NA,NA,
Tripsacum dactyloides,Arkansas,2022-07-23 14:35:45,2022,7,23,36.066831,-94.234079,https://www.inaturalist.org/observations/152077716,NA,NA,
Tripsacum dactyloides,Arkansas,2020-05-21 12:02:58,2020,5,21,34.774742,-92.370413,https://www.inaturalist.org/observations/46807736,NA,NA,
Tripsacum dactyloides,Alabama,2025-06-01 13:54:43,2025,6,1,33.148022,-87.133843,https://www.inaturalist.org/observations/332092753,NA,NA,
Tripsacum dactyloides,Alabama,2025-11-02 12:27:27,2025,11,2,31.041636,-85.858138,https://www.inaturalist.org/observations/324603090,NA,NA,
Tripsacum dactyloides,Alabama,2025-10-03 17:20,2025,10,3,33.056867,-88.265472,https://www.inaturalist.org/observations/323389446,NA,NA,
Tripsacum dactyloides,Alabama,2025-09-28 13:14:53,2025,9,28,31.131308,-87.856995,https://www.inaturalist.org/observations/317366464,NA,NA,
Tripsacum dactyloides,Alabama,2025-09-15 8:11:07,2025,9,15,32.693863,-87.25332,https://www.inaturalist.org/observations/316873585,NA,NA,
Tripsacum dactyloides,Alabama,2025-09-01 13:54:44,2025,9,1,32.398849,-86.792054,https://www.inaturalist.org/observations/310918859,NA,NA,
Tripsacum dactyloides,Alabama,2025-07-05 9:25:18,2025,7,5,33.05773,-87.034272,https://www.inaturalist.org/observations/295592913,NA,NA,
Tripsacum dactyloides,Alabama,2025-07-05 9:31:05,2025,7,5,33.057761,-87.033408,https://www.inaturalist.org/observations/295592770,NA,NA,
Tripsacum dactyloides,Alabama,2025-08-03 11:11:46,2025,8,3,32.605501,-88.185761,https://www.inaturalist.org/observations/303454107,NA,NA,
Tripsacum dactyloides,Alabama,2025-07-24 7:07:14,2025,7,24,33.944558,-87.990045,https://www.inaturalist.org/observations/300831962,NA,NA,
Tripsacum dactyloides,Alabama,2025-07-18 16:06:16,2025,7,18,32.702251,-86.291214,https://www.inaturalist.org/observations/299022115,NA,NA,
Tripsacum dactyloides,Alabama,2025-07-18 10:45:33,2025,7,18,34.770238,-86.301283,https://www.inaturalist.org/observations/299029184,NA,NA,
Tripsacum dactyloides,Alabama,2025-07-09 8:42:21,2025,7,9,31.806836,-88.193997,https://www.inaturalist.org/observations/296632100,NA,NA,
Tripsacum dactyloides,Alabama,2025-06-28 13:41:56,2025,6,28,34.732697,-86.700875,https://www.inaturalist.org/observations/293486970,NA,NA,
Tripsacum dactyloides,Alabama,2025-05-17 12:05:52,2025,5,17,33.057445,-87.033669,https://www.inaturalist.org/observations/291898944,NA,NA,
Tripsacum dactyloides,Alabama,2025-06-21 16:15:43,2025,6,21,33.153187,-87.184646,https://www.inaturalist.org/observations/291648846,NA,NA,
Tripsacum dactyloides,Alabama,2025-06-06 11:57:46,2025,6,6,34.517858,-87.503933,https://www.inaturalist.org/observations/287463969,NA,NA,
Tripsacum dactyloides,Alabama,2025-06-03 12:01:59,2025,6,3,33.428047,-86.341454,https://www.inaturalist.org/observations/287478153,NA,NA,
Tripsacum dactyloides,Alabama,2025-05-24 13:11:55,2025,5,24,33.057507,-87.033706,https://www.inaturalist.org/observations/283794599,NA,NA,
Tripsacum dactyloides,Alabama,2024-08-02 11:38,2024,8,2,32.114076,-87.405661,https://www.inaturalist.org/observations/259595188,NA,NA,
Tripsacum dactyloides,Alabama,2024-10-10 10:44,2024,10,10,33.014944,-87.641727,https://www.inaturalist.org/observations/249768302,NA,NA,
Tripsacum dactyloides,Alabama,2022-09-03 16:59,2022,9,3,34.438403,-87.292058,https://www.inaturalist.org/observations/133528135,NA,NA,
Tripsacum dactyloides,Alabama,2022-06-24 10:19,2022,6,24,32.693273,-88.024829,https://www.inaturalist.org/observations/123295303,NA,NA,
Tripsacum dactyloides,Alabama,2019-06-10 12:46,2019,6,10,34.465029,-87.395762,https://www.inaturalist.org/observations/26769572,NA,NA,
Tripsacum dactyloides,Alabama,2023-09-24 20:17,2023,9,24,34.438464,-87.292206,https://www.inaturalist.org/observations/184783437,NA,NA,
Tripsacum dactyloides,Alabama,2022-06-08 15:52,2022,6,8,32.239529,-87.363882,https://www.inaturalist.org/observations/122189379,NA,NA,
Tripsacum dactyloides,Alabama,2024-06-17 19:24,2024,6,17,34.465531,-87.395907,https://www.inaturalist.org/observations/223461478,NA,NA,
Tripsacum dactyloides,Alabama,2023-06-19 13:22,2023,6,19,33.552771,-87.941996,https://www.inaturalist.org/observations/168435391,NA,NA,
Tripsacum dactyloides,Alabama,2023-06-19 14:15,2023,6,19,33.560399,-88.131869,https://www.inaturalist.org/observations/168435394,NA,NA,
Tripsacum dactyloides,Alabama,2024-10-07 17:38,2024,10,7,32.298492,-86.807547,https://www.inaturalist.org/observations/247060251,NA,NA,
Tripsacum dactyloides,Alabama,2024-09-24 11:12:43,2024,9,24,32.1272,-87.34507,https://www.inaturalist.org/observations/243879479,NA,NA,
Tripsacum dactyloides,Alabama,2024-09-10 9:21:57,2024,9,10,32.693737,-87.253263,https://www.inaturalist.org/observations/241030639,NA,NA,
Tripsacum dactyloides,Alabama,2024-09-08 16:07,2024,9,8,32.909547,-88.318659,https://www.inaturalist.org/observations/240875403,NA,NA,
Tripsacum dactyloides,Alabama,2022-05-30 11:12:42,2022,5,30,33.185483,-86.767595,https://www.inaturalist.org/observations/119604140,NA,NA,
Tripsacum dactyloides,Alabama,2023-05-20 14:23:43,2023,5,20,33.05773,-87.034255,https://www.inaturalist.org/observations/163041952,NA,NA,
Tripsacum dactyloides,Alabama,2023-10-04 8:42:59,2023,10,4,31.551147,-87.513437,https://www.inaturalist.org/observations/187197301,NA,NA,
Tripsacum dactyloides,Alabama,2023-08-27 14:59:23,2023,8,27,32.551605,-85.47979,https://www.inaturalist.org/observations/180504759,NA,NA,
Tripsacum dactyloides,Alabama,2021-07-01 15:54,2021,7,1,33.057509,-87.034022,https://www.inaturalist.org/observations/85945005,NA,NA,
Tripsacum dactyloides,Alabama,2024-06-28 9:55:33,2024,6,28,32.250611,-86.650729,https://www.inaturalist.org/observations/226784457,NA,NA,
Tripsacum dactyloides,Alabama,2023-09-12 17:39,2023,9,12,32.619123,-87.527558,https://www.inaturalist.org/observations/184431655,NA,NA,
Tripsacum dactyloides,Alabama,2023-09-12 17:19:16,2023,9,12,32.619083,-87.528367,https://www.inaturalist.org/observations/183771610,NA,NA,
Tripsacum dactyloides,Alabama,2023-06-04 15:13,2023,6,4,32.889651,-87.446053,https://www.inaturalist.org/observations/166185638,NA,NA,
Tripsacum dactyloides,Alabama,2023-07-12 10:44:07,2023,7,12,33.09753,-86.857925,https://www.inaturalist.org/observations/172610985,NA,NA,
Tripsacum dactyloides,Alabama,2024-06-16 8:35:21,2024,6,16,32.3974,-86.783737,https://www.inaturalist.org/observations/223148245,NA,NA,
Tripsacum dactyloides,Alabama,2023-09-20 11:04:17,2023,9,20,31.139783,-87.914895,https://www.inaturalist.org/observations/184215492,NA,NA,
Tripsacum dactyloides,Alabama,2023-07-11 17:25:07,2023,7,11,34.718643,-86.642624,https://www.inaturalist.org/observations/172414423,NA,NA,
Tripsacum dactyloides,Alabama,2024-06-12 13:32:48,2024,6,12,34.562708,-86.902779,https://www.inaturalist.org/observations/226944334,NA,NA,
Tripsacum dactyloides,Alabama,2023-08-27 14:59:31,2023,8,27,32.55168,-85.479813,https://www.inaturalist.org/observations/180506253,NA,NA,
Tripsacum dactyloides,Alabama,2023-12-21 12:24:25,2023,12,21,32.90663,-88.307795,https://www.inaturalist.org/observations/194710919,NA,NA,
Tripsacum dactyloides,Alabama,2024-06-21 9:28:49,2024,6,21,31.368072,-87.73545,https://www.inaturalist.org/observations/224234156,NA,NA,
Tripsacum dactyloides,Alabama,2023-05-27 11:47,2023,5,27,33.057858,-87.034989,https://www.inaturalist.org/observations/164229513,NA,NA,
Tripsacum dactyloides,Alabama,2023-05-24 12:29:32,2023,5,24,33.235265,-87.514401,https://www.inaturalist.org/observations/163514579,NA,NA,
Tripsacum dactyloides,Alabama,2024-06-22 8:28,2024,6,22,33.057655,-87.034192,https://www.inaturalist.org/observations/225808759,NA,NA,
Tripsacum dactyloides,Alabama,2024-07-26 10:05:20,2024,7,26,34.490362,-86.965508,https://www.inaturalist.org/observations/231938817,NA,NA,
Tripsacum dactyloides,Alabama,2024-07-26 10:03:51,2024,7,26,34.490222,-86.96547,https://www.inaturalist.org/observations/231939368,NA,NA,
Tripsacum dactyloides,Alabama,2024-06-27 15:08:38,2024,6,27,34.823712,-86.245312,https://www.inaturalist.org/observations/225956068,NA,NA,
Tripsacum dactyloides,Alabama,2024-06-25 11:52:30,2024,6,25,34.730161,-87.199673,https://www.inaturalist.org/observations/225216850,NA,NA,
Tripsacum dactyloides,Alabama,2024-06-08 11:19:38,2024,6,8,30.278072,-87.54997,https://www.inaturalist.org/observations/225000983,NA,NA,
Tripsacum dactyloides,Alabama,2024-06-03 15:00,2024,6,3,33.865497,-85.670055,https://www.inaturalist.org/observations/220575310,NA,NA,
Tripsacum dactyloides,Alabama,2023-06-23 12:18:35,2023,6,23,33.625474,-85.659936,https://www.inaturalist.org/observations/173402152,NA,NA,
Tripsacum dactyloides,Alabama,2023-09-14 19:08:16,2023,9,14,33.998747,-88.138547,https://www.inaturalist.org/observations/183295720,NA,NA,
Tripsacum dactyloides,Alabama,2023-05-27 15:09,2023,5,27,34.858349,-86.06134,https://www.inaturalist.org/observations/175857587,NA,NA,
Tripsacum dactyloides,Alabama,2023-09-12 8:05:25,2023,9,12,32.197342,-85.58113,https://www.inaturalist.org/observations/182945104,NA,NA,
Tripsacum dactyloides,Alabama,2023-08-29 9:24:34,2023,8,29,33.51176,-86.856867,https://www.inaturalist.org/observations/180835768,NA,NA,
Tripsacum dactyloides,Alabama,2023-08-01 8:54:06,2023,8,1,34.551267,-86.818838,https://www.inaturalist.org/observations/176107792,NA,NA,
Tripsacum dactyloides,Alabama,2023-07-09 14:03:51,2023,7,9,32.879649,-88.294415,https://www.inaturalist.org/observations/172080440,NA,NA,
Tripsacum dactyloides,Alabama,2023-05-29 11:35,2023,5,29,33.057757,-87.034246,https://www.inaturalist.org/observations/167527039,NA,NA,
Tripsacum dactyloides,Alabama,2023-05-29 11:16,2023,5,29,33.057948,-87.03447,https://www.inaturalist.org/observations/165911396,NA,NA,
Tripsacum dactyloides,Alabama,2023-05-20 13:40:50,2023,5,20,33.137147,-87.188915,https://www.inaturalist.org/observations/162776497,NA,NA,
Tripsacum dactyloides,Alabama,2022-10-06 13:48:33,2022,10,6,32.692067,-87.255142,https://www.inaturalist.org/observations/139394161,NA,NA,
Tripsacum dactyloides,Alabama,2022-08-29 15:16:44,2022,8,29,32.696367,-88.111314,https://www.inaturalist.org/observations/132962769,NA,NA,
Tripsacum dactyloides,Alabama,2022-06-18 9:16:11,2022,6,18,34.612513,-85.63703,https://www.inaturalist.org/observations/122317248,NA,NA,
Tripsacum dactyloides,Alabama,2010-06-11 9:47,2010,6,11,33.244975,-87.069075,https://www.inaturalist.org/observations/67235441,NA,NA,
Tripsacum dactyloides,Alabama,2022-05-30 12:44:45,2022,5,30,32.914441,-88.30608,https://www.inaturalist.org/observations/119518223,NA,NA,
Tripsacum dactyloides,Alabama,2021-06-08 12:57:08,2021,6,8,33.057899,-87.034533,https://www.inaturalist.org/observations/82917032,NA,NA,
Tripsacum dactyloides,Alabama,2018-06-03 17:28:39,2018,6,3,33.057608,-87.034233,https://www.inaturalist.org/observations/14387703,NA,NA,
Tripsacum dactyloides,Alabama,2021-09-26 13:01:45,2021,9,26,33.057614,-87.034345,https://www.inaturalist.org/observations/96308697,NA,NA,
Tripsacum dactyloides,Alabama,2021-05-29 13:01,2021,5,29,33.05857,-87.034686,https://www.inaturalist.org/observations/80909242,NA,NA,
Tripsacum dactyloides,Alabama,2021-07-04 10:56,2021,7,4,32.868776,-88.299415,https://www.inaturalist.org/observations/86098750,NA,NA,
Tripsacum dactyloides,Alabama,2021-08-27 14:40,2021,8,27,33.036906,-87.121613,https://www.inaturalist.org/observations/92997965,NA,NA,
Tripsacum dactyloides,Alabama,2021-07-10 12:48:18,2021,7,10,34.396378,-85.626337,https://www.inaturalist.org/observations/86486752,NA,NA,
Tripsacum dactyloides,Alabama,2021-07-03 11:06,2021,7,3,32.912743,-88.323855,https://www.inaturalist.org/observations/86052623,NA,NA,
Tripsacum dactyloides,Alabama,2021-06-04 11:24:35,2021,6,4,33.057583,-87.034164,https://www.inaturalist.org/observations/81642022,NA,NA,
Tripsacum dactyloides,Alabama,2021-08-07 14:26:52,2021,8,7,32.888447,-88.291922,https://www.inaturalist.org/observations/90358682,NA,NA,
Tripsacum dactyloides,Alabama,2021-06-04T15:08:13Z,2021,6,4,32.914744,-88.304845,https://www.inaturalist.org/observations/81612912,NA,NA,
Tripsacum dactyloides,Alabama,2021-07-04 10:36:55,2021,7,4,32.867753,-88.298547,https://www.inaturalist.org/observations/87469162,NA,NA,
Tripsacum dactyloides,Alabama,2021-07-16 18:41:06,2021,7,16,34.508263,-86.70617,https://www.inaturalist.org/observations/87350896,NA,NA,
Tripsacum dactyloides,Alabama,2015-06-13 9:34,2015,6,13,33.089294,-87.062362,https://www.inaturalist.org/observations/66592989,NA,NA,
Tripsacum dactyloides,Alabama,2020-10-13 9:50:40,2020,10,13,33.221293,-87.567609,https://www.inaturalist.org/observations/62484170,NA,NA,
Tripsacum dactyloides,Alabama,2018-10-29 10:46:24,2018,10,29,32.388817,-86.49356,https://www.inaturalist.org/observations/17935242,NA,NA,
Tripsacum dactyloides,Alabama,2020-07-18 18:05:05,2020,7,18,34.012242,-85.79003,https://www.inaturalist.org/observations/53816452,NA,NA,
Tripsacum dactyloides,Alabama,2020-09-27 14:51:11,2020,9,27,33.85,-86.57,https://www.inaturalist.org/observations/61049612,NA,NA,
Tripsacum dactyloides,Alabama,2020-08-21 13:03:46,2020,8,21,34.786814,-86.494194,https://www.inaturalist.org/observations/57270942,NA,NA,
Tripsacum dactyloides,Alabama,2020-07-31 13:55,2020,7,31,30.747725,-87.923858,https://www.inaturalist.org/observations/55108814,NA,NA,
Tripsacum dactyloides,Alabama,2020-07-27 10:43,2020,7,27,33.305268,-87.590667,https://www.inaturalist.org/observations/54531005,NA,NA,
Tripsacum dactyloides,Alabama,2020-07-05 8:23:48,2020,7,5,33.64558,-85.575236,https://www.inaturalist.org/observations/52013659,NA,NA,
Tripsacum dactyloides,Alabama,2020-06-17 7:35:14,2020,6,17,34.194112,-87.389488,https://www.inaturalist.org/observations/49936823,NA,NA,
Tripsacum dactyloides,Alabama,2020-06-18 14:22:28,2020,6,18,32.993231,-87.051888,https://www.inaturalist.org/observations/50080137,NA,NA,
Tripsacum dactyloides,Alabama,2017-05-28 13:45,2017,5,28,33.184574,-86.767219,https://www.inaturalist.org/observations/6412180,NA,NA,
Tripsacum dactyloides,Alabama,2019-06-30 14:29,2019,6,30,33.178642,-87.05176,https://www.inaturalist.org/observations/42729759,NA,NA,
Tripsacum dactyloides,Alabama,2019-09-11 10:44:55,2019,9,11,30.759922,-88.021722,https://www.inaturalist.org/observations/32533027,NA,NA,
Tripsacum dactyloides,Alabama,2019-07-26 10:18:10,2019,7,26,32.372769,-86.005217,https://www.inaturalist.org/observations/29576691,NA,NA,
Tripsacum dactyloides,Alabama,2016-08-03 14:02,2016,8,3,34.724167,-85.914619,https://www.inaturalist.org/observations/29716732,NA,NA,
Tripsacum dactyloides,Alabama,2019-06-20T16:57:22Z,2019,6,20,34.567457,-86.692472,https://www.inaturalist.org/observations/27375906,NA,NA,
Tripsacum dactyloides,Alabama,2018-07-13 14:52:33,2018,7,13,32.991588,-87.133544,https://www.inaturalist.org/observations/14360079,NA,NA,
Tripsacum dactyloides,Alabama,2017-05-28 13:45,2017,5,28,33.184574,-86.767219,https://www.inaturalist.org/observations/6412181,NA,NA,
Tripsacum dactyloides,Alabama,2014-06-07 11:08:24,2014,6,7,33.016689,-87.089973,https://www.inaturalist.org/observations/6665428,NA,NA,
Tripsacum dactyloides,Alabama,2018-09-14 10:25,2018,9,14,31.810186,-88.196103,https://www.inaturalist.org/observations/16531351,NA,NA,
Tripsacum dactyloides,Alabama,2018-08-17 11:32,2018,8,17,32.383612,-86.324524,https://www.inaturalist.org/observations/15576817,NA,NA,
Tripsacum dactyloides,Alabama,2018-07-25 11:58:52,2018,7,25,32.386795,-86.333304,https://www.inaturalist.org/observations/14721569,NA,NA,
Tripsacum dactyloides,Alabama,2018-07-20 16:09:05,2018,7,20,32.029922,-85.472503,https://www.inaturalist.org/observations/14553274,NA,NA,
Tripsacum dactyloides,Alabama,2018-07-12 8:26:26,2018,7,12,32.035214,-85.458676,https://www.inaturalist.org/observations/14346160,NA,NA,
Tripsacum dactyloides,Alabama,2018-07-10 16:25,2018,7,10,34.035272,-85.717599,https://www.inaturalist.org/observations/14323450,NA,NA,
Tripsacum dactyloides,Alabama,2018-07-12 15:31:31,2018,7,12,31.532167,-86.735883,https://www.inaturalist.org/observations/14297217,NA,NA,
Tripsacum dactyloides,Alabama,2018-06-02 10:13:37,2018,6,2,33.076936,-87.072503,https://www.inaturalist.org/observations/13077403,NA,NA,
Tripsacum dactyloides,Alabama,2015-07-15 19:03,2015,7,15,34.407807,-85.601513,https://www.inaturalist.org/observations/5473051,NA,NA,
Tripsacum dactyloides,Alabama,2025-07-06 10:35:26,2025,7,6,33.604195,-85.789117,https://www.inaturalist.org/observations/295965916,NA,NA,
Tripsacum dactyloides,Alabama,2023-05-29 11:17,2023,5,29,33.057674,-87.034279,https://www.inaturalist.org/observations/166248506,NA,NA,
Tripsacum dactyloides,Alabama,2022-08-27 13:11:43,2022,8,27,32.869827,-88.290995,https://www.inaturalist.org/observations/133525684,NA,NA,
Tripsacum dactyloides,Alabama,2018-07-20 15:08:30,2018,7,20,32.035583,-85.474953,https://www.inaturalist.org/observations/14551946,NA,NA,
Tripsacum dactyloides,Illinois,2025-09-06 11:52:01,2025,9,6,40.127072,-88.209213,https://www.inaturalist.org/observations/312095202,NA,NA,
Tripsacum dactyloides,Illinois,2025-06-02 15:54:51,2025,6,2,38.819078,-89.978622,https://www.inaturalist.org/observations/286384126,NA,NA,
Tripsacum dactyloides,Illinois,2025-06-29 7:58:16,2025,6,29,42.059711,-88.194558,https://www.inaturalist.org/observations/293720590,NA,NA,
Tripsacum dactyloides,Illinois,2025-09-25 15:06:15,2025,9,25,40.077451,-88.210337,https://www.inaturalist.org/observations/316586799,NA,NA,
Tripsacum dactyloides,Illinois,2025-08-24 10:18:21,2025,8,24,37.450997,-88.548776,https://www.inaturalist.org/observations/319688891,NA,NA,
Tripsacum dactyloides,Illinois,2025-09-30 11:11:11,2025,9,30,40.511725,-88.973291,https://www.inaturalist.org/observations/318059906,NA,NA,
Tripsacum dactyloides,Illinois,2025-09-21 9:56:03,2025,9,21,40.078032,-88.208034,https://www.inaturalist.org/observations/315675764,NA,NA,
Tripsacum dactyloides,Illinois,2025-08-04 11:05:46,2025,8,4,40.080338,-88.207466,https://www.inaturalist.org/observations/303741460,NA,NA,
Tripsacum dactyloides,Illinois,2025-07-17 13:31:48,2025,7,17,42.529844,-88.328765,https://www.inaturalist.org/observations/298889990,NA,NA,
Tripsacum dactyloides,Illinois,2025-07-22 11:07:14,2025,7,22,38.481125,-89.140015,https://www.inaturalist.org/observations/300813755,NA,NA,
Tripsacum dactyloides,Illinois,2025-08-04 16:57:38,2025,8,4,40.2075,-88.396263,https://www.inaturalist.org/observations/303960296,NA,NA,
Tripsacum dactyloides,Illinois,2025-07-14 15:40:02,2025,7,14,38.784405,-88.832205,https://www.inaturalist.org/observations/297991011,NA,NA,
Tripsacum dactyloides,Illinois,2025-07-05 10:24:27,2025,7,5,40.549035,-89.055899,https://www.inaturalist.org/observations/297068874,NA,NA,
Tripsacum dactyloides,Illinois,2025-07-26 12:15:07,2025,7,26,39.343246,-89.838254,https://www.inaturalist.org/observations/301380743,NA,NA,
Tripsacum dactyloides,Illinois,2025-07-05 10:42:33,2025,7,5,40.816612,-89.811867,https://www.inaturalist.org/observations/295413521,NA,NA,
Tripsacum dactyloides,Illinois,2025-07-18 16:42:12,2025,7,18,37.520423,-88.676583,https://www.inaturalist.org/observations/299075513,NA,NA,
Tripsacum dactyloides,Illinois,2025-07-14 9:46:36,2025,7,14,37.661407,-89.031852,https://www.inaturalist.org/observations/298000239,NA,NA,
Tripsacum dactyloides,Illinois,2025-07-12 10:46:57,2025,7,12,40.077375,-88.203305,https://www.inaturalist.org/observations/297371213,NA,NA,
Tripsacum dactyloides,Illinois,2025-07-09 20:22:28,2025,7,9,37.900555,-89.207717,https://www.inaturalist.org/observations/296986386,NA,NA,
Tripsacum dactyloides,Illinois,2025-07-18 19:01,2025,7,18,40.61736,-91.233636,https://www.inaturalist.org/observations/299402544,NA,NA,
Tripsacum dactyloides,Illinois,2025-07-12 10:08:10,2025,7,12,40.078116,-88.207825,https://www.inaturalist.org/observations/297375950,NA,NA,
Tripsacum dactyloides,Illinois,2025-06-30 13:52:40,2025,6,30,38.387938,-89.371072,https://www.inaturalist.org/observations/294126929,NA,NA,
Tripsacum dactyloides,Illinois,2025-07-01 11:02:41,2025,7,1,37.880333,-89.217012,https://www.inaturalist.org/observations/294626809,NA,NA,
Tripsacum dactyloides,Illinois,2025-06-26 9:40:50,2025,6,26,40.077379,-88.203349,https://www.inaturalist.org/observations/292882969,NA,NA,
Tripsacum dactyloides,Illinois,2025-06-19 17:51:48,2025,6,19,38.730273,-90.046416,https://www.inaturalist.org/observations/291063105,NA,NA,
Tripsacum dactyloides,Illinois,2025-05-23 10:52:05,2025,5,23,37.568004,-89.031741,https://www.inaturalist.org/observations/283410019,NA,NA,
Tripsacum dactyloides,Illinois,2025-06-22 13:37:34,2025,6,22,37.891841,-89.074365,https://www.inaturalist.org/observations/291969664,NA,NA,
Tripsacum dactyloides,Illinois,2025-06-19 10:48:14,2025,6,19,37.62902,-89.16346,https://www.inaturalist.org/observations/291013955,NA,NA,
Tripsacum dactyloides,Illinois,2025-05-22 16:20:15,2025,5,22,37.509748,-89.347449,https://www.inaturalist.org/observations/283245967,NA,NA,
Tripsacum dactyloides,Illinois,2025-05-23 12:09:02,2025,5,23,37.581607,-89.219878,https://www.inaturalist.org/observations/283513408,NA,NA,
Tripsacum dactyloides,Illinois,2024-09-22 17:51:07,2024,9,22,40.073162,-88.202047,https://www.inaturalist.org/observations/243464402,NA,NA,
Tripsacum dactyloides,Illinois,2024-08-07 15:10:48,2024,8,7,38.728299,-89.667619,https://www.inaturalist.org/observations/234395701,NA,NA,
Tripsacum dactyloides,Illinois,2021-06-22T11:30:28Z,2021,6,22,38.956687,-88.622597,https://www.inaturalist.org/observations/84068328,NA,NA,
Tripsacum dactyloides,Illinois,2024-06-04 16:24:20,2024,6,4,39.277497,-88.059767,https://www.inaturalist.org/observations/220606798,NA,NA,
Tripsacum dactyloides,Illinois,2024-11-08 16:46:01,2024,11,8,37.730936,-89.031501,https://www.inaturalist.org/observations/250960204,NA,NA,
Tripsacum dactyloides,Illinois,2024-08-05 10:05:09,2024,8,5,40.515599,-88.997768,https://www.inaturalist.org/observations/233947764,NA,NA,
Tripsacum dactyloides,Illinois,2024-08-25 16:20:55,2024,8,25,40.077969,-88.208057,https://www.inaturalist.org/observations/237947538,NA,NA,
Tripsacum dactyloides,Illinois,2024-07-21 15:50:08,2024,7,21,37.735045,-89.10863,https://www.inaturalist.org/observations/232392663,NA,NA,
Tripsacum dactyloides,Illinois,2024-06-19 14:40,2024,6,19,40.211639,-88.3693,https://www.inaturalist.org/observations/224284382,NA,NA,
Tripsacum dactyloides,Illinois,2024-08-16 12:08:33,2024,8,16,37.883597,-89.199028,https://www.inaturalist.org/observations/236172969,NA,NA,
Tripsacum dactyloides,Illinois,2024-07-14 17:22:51,2024,7,14,39.061555,-88.705043,https://www.inaturalist.org/observations/229381118,NA,NA,
Tripsacum dactyloides,Illinois,2024-07-09 17:04:12,2024,7,9,37.449822,-89.032218,https://www.inaturalist.org/observations/228351700,NA,NA,
Tripsacum dactyloides,Illinois,2024-07-25 8:20:57,2024,7,25,40.127175,-88.208892,https://www.inaturalist.org/observations/231634426,NA,NA,
Tripsacum dactyloides,Illinois,2024-07-18 8:11:26,2024,7,18,38.200814,-90.138193,https://www.inaturalist.org/observations/230083976,NA,NA,
Tripsacum dactyloides,Illinois,2024-07-02 14:19:23,2024,7,2,40.079984,-88.204182,https://www.inaturalist.org/observations/226774793,NA,NA,
Tripsacum dactyloides,Illinois,2024-06-13 7:27:53,2024,6,13,40.127033,-88.209222,https://www.inaturalist.org/observations/222445706,NA,NA,
Tripsacum dactyloides,Illinois,2024-06-08 8:27:27,2024,6,8,37.574483,-89.220933,https://www.inaturalist.org/observations/221339304,NA,NA,
Tripsacum dactyloides,Illinois,2024-06-10 11:23,2024,6,10,37.716154,-89.0307,https://www.inaturalist.org/observations/221954861,NA,NA,
Tripsacum dactyloides,Illinois,2024-05-29 17:31:27,2024,5,29,37.559112,-89.007437,https://www.inaturalist.org/observations/219262880,NA,NA,
Tripsacum dactyloides,Illinois,2023-07-15 19:48:33,2023,7,15,40.077116,-88.20296,https://www.inaturalist.org/observations/173123299,NA,NA,
Tripsacum dactyloides,Illinois,2023-10-01 10:33:20,2023,10,1,39.232571,-89.640435,https://www.inaturalist.org/observations/185747338,NA,NA,
Tripsacum dactyloides,Illinois,2023-06-21 18:52:24,2023,6,21,38.152381,-89.494475,https://www.inaturalist.org/observations/168976725,NA,NA,
Tripsacum dactyloides,Illinois,2023-08-28 15:37:13,2023,8,28,40.080742,-88.203912,https://www.inaturalist.org/observations/180699836,NA,NA,
Tripsacum dactyloides,Illinois,2023-09-01 8:52:34,2023,9,1,40.217688,-88.38105,https://www.inaturalist.org/observations/181302137,NA,NA,
Tripsacum dactyloides,Illinois,2023-07-15 9:50:22,2023,7,15,40.843358,-89.820525,https://www.inaturalist.org/observations/173129571,NA,NA,
Tripsacum dactyloides,Illinois,2023-10-14 17:03,2023,10,14,38.008232,-88.935209,https://www.inaturalist.org/observations/187976002,NA,NA,
Tripsacum dactyloides,Illinois,2023-09-20 11:39,2023,9,20,37.061935,-88.997799,https://www.inaturalist.org/observations/184179934,NA,NA,
Tripsacum dactyloides,Illinois,2023-08-17 9:15:51,2023,8,17,40.208096,-88.405725,https://www.inaturalist.org/observations/178839422,NA,NA,
Tripsacum dactyloides,Illinois,2023-08-10 19:28:03,2023,8,10,40.205889,-88.396438,https://www.inaturalist.org/observations/177753009,NA,NA,
Tripsacum dactyloides,Illinois,2023-08-05 17:22,2023,8,5,40.080519,-88.20553,https://www.inaturalist.org/observations/176896354,NA,NA,
Tripsacum dactyloides,Illinois,2023-08-01 10:21:02,2023,8,1,37.652844,-89.12491,https://www.inaturalist.org/observations/176225035,NA,NA,
Tripsacum dactyloides,Illinois,2023-07-28 10:12:57,2023,7,28,40.077361,-88.203247,https://www.inaturalist.org/observations/175391771,NA,NA,
Tripsacum dactyloides,Illinois,2023-07-14 10:25,2023,7,14,40.275733,-88.351472,https://www.inaturalist.org/observations/174018993,NA,NA,
Tripsacum dactyloides,Illinois,2023-07-18 10:06:28,2023,7,18,37.871825,-89.201095,https://www.inaturalist.org/observations/173607973,NA,NA,
Tripsacum dactyloides,Illinois,2023-07-17 13:09:12,2023,7,17,40.208114,-88.405777,https://www.inaturalist.org/observations/173454056,NA,NA,
Tripsacum dactyloides,Illinois,2023-07-14 9:04:31,2023,7,14,40.126628,-88.209495,https://www.inaturalist.org/observations/172953894,NA,NA,
Tripsacum dactyloides,Illinois,2023-07-15 9:45,2023,7,15,37.349945,-89.156534,https://www.inaturalist.org/observations/173077261,NA,NA,
Tripsacum dactyloides,Illinois,2023-06-30 14:29:42,2023,6,30,37.774979,-89.282114,https://www.inaturalist.org/observations/172623200,NA,NA,
Tripsacum dactyloides,Illinois,2023-07-12 8:05:26,2023,7,12,37.877433,-89.221612,https://www.inaturalist.org/observations/172503703,NA,NA,
Tripsacum dactyloides,Illinois,2023-07-08 20:16:29,2023,7,8,40.080811,-88.207488,https://www.inaturalist.org/observations/171880849,NA,NA,
Tripsacum dactyloides,Illinois,2023-07-04 10:21:55,2023,7,4,40.080555,-88.205596,https://www.inaturalist.org/observations/171032360,NA,NA,
Tripsacum dactyloides,Illinois,2023-06-20 19:43:47,2023,6,20,37.800545,-89.225617,https://www.inaturalist.org/observations/168599773,NA,NA,
Tripsacum dactyloides,Illinois,2023-05-22 19:40,2023,5,22,37.501315,-89.058578,https://www.inaturalist.org/observations/163384800,NA,NA,
Tripsacum dactyloides,Illinois,2022-09-04 8:58:24,2022,9,4,40.12832,-88.213958,https://www.inaturalist.org/observations/133830387,NA,NA,
Tripsacum dactyloides,Illinois,2022-09-03 16:43:21,2022,9,3,40.084958,-87.987952,https://www.inaturalist.org/observations/133528555,NA,NA,
Tripsacum dactyloides,Illinois,2022-08-28 16:51,2022,8,28,40.077347,-88.203317,https://www.inaturalist.org/observations/132710453,NA,NA,
Tripsacum dactyloides,Illinois,2022-07-23 11:01,2022,7,23,37.724436,-89.100311,https://www.inaturalist.org/observations/127567679,NA,NA,
Tripsacum dactyloides,Illinois,2022-07-09 13:50,2022,7,9,38.203601,-90.143306,https://www.inaturalist.org/observations/125707063,NA,NA,
Tripsacum dactyloides,Illinois,2022-07-10 8:54:55,2022,7,10,40.079983,-88.206642,https://www.inaturalist.org/observations/125607820,NA,NA,
Tripsacum dactyloides,Illinois,2022-07-09 10:39:13,2022,7,9,40.07802,-88.20793,https://www.inaturalist.org/observations/125480597,NA,NA,
Tripsacum dactyloides,Illinois,2022-07-09 19:05:58,2022,7,9,38.030722,-88.95627,https://www.inaturalist.org/observations/125809598,NA,NA,
Tripsacum dactyloides,Illinois,2022-06-25 7:24,2022,6,25,37.398938,-88.439304,https://www.inaturalist.org/observations/123407036,NA,NA,
Tripsacum dactyloides,Illinois,2018-07-15 10:58,2018,7,15,38.90414,-89.925323,https://www.inaturalist.org/observations/112025207,NA,NA,
Tripsacum dactyloides,Illinois,2021-10-05 10:33:57,2021,10,5,38.042122,-88.780913,https://www.inaturalist.org/observations/97298030,NA,NA,
Tripsacum dactyloides,Illinois,2021-09-26T15:58:37Z,2021,9,26,40.507013,-89.002445,https://www.inaturalist.org/observations/96283750,NA,NA,
Tripsacum dactyloides,Illinois,2021-07-05T10:49:30Z,2021,7,5,40.276722,-88.348549,https://www.inaturalist.org/observations/85777540,NA,NA,
Tripsacum dactyloides,Illinois,2021-06-18 12:37:06,2021,6,18,37.391139,-89.008162,https://www.inaturalist.org/observations/83710648,NA,NA,
Tripsacum dactyloides,Illinois,2021-06-18T11:01:57Z,2021,6,18,37.312023,-89.017677,https://www.inaturalist.org/observations/83519191,NA,NA,
Tripsacum dactyloides,Illinois,2021-08-22T15:37:02Z,2021,8,22,37.38456,-88.703865,https://www.inaturalist.org/observations/92157042,NA,NA,
Tripsacum dactyloides,Illinois,2021-08-07 11:36:34,2021,8,7,39.176156,-89.086992,https://www.inaturalist.org/observations/90348376,NA,NA,
Tripsacum dactyloides,Illinois,2021-07-13 10:38:36,2021,7,13,40.077636,-88.207576,https://www.inaturalist.org/observations/86864114,NA,NA,
Tripsacum dactyloides,Illinois,2021-06-27T10:58:32Z,2021,6,27,40.203937,-88.396634,https://www.inaturalist.org/observations/84715012,NA,NA,
Tripsacum dactyloides,Illinois,2021-06-16T19:00:04Z,2021,6,16,37.461914,-89.068799,https://www.inaturalist.org/observations/83444555,NA,NA,
Tripsacum dactyloides,Illinois,2021-01-08 15:57,2021,1,8,38.629714,-89.294926,https://www.inaturalist.org/observations/67776448,NA,NA,
Tripsacum dactyloides,Illinois,2020-08-07 10:22:02,2020,8,7,38.972148,-90.375818,https://www.inaturalist.org/observations/55788571,NA,NA,
Tripsacum dactyloides,Illinois,2020-08-14T10:45:32Z,2020,8,14,37.37598,-89.040547,https://www.inaturalist.org/observations/56431311,NA,NA,
Tripsacum dactyloides,Illinois,2020-08-04 10:08:26,2020,8,4,40.275833,-88.351501,https://www.inaturalist.org/observations/55984379,NA,NA,
Tripsacum dactyloides,Illinois,2017-05-22 13:20:45,2017,5,22,38.966507,-90.512903,https://www.inaturalist.org/observations/6321108,NA,NA,
Tripsacum dactyloides,Illinois,2019-08-03 11:04:09,2019,8,3,38.49168,-90.130244,https://www.inaturalist.org/observations/30792024,NA,NA,
Tripsacum dactyloides,Illinois,2020-06-23T08:25:10Z,2020,6,23,38.674043,-89.628889,https://www.inaturalist.org/observations/50661976,NA,NA,
Tripsacum dactyloides,Illinois,2020-08-04 8:09,2020,8,4,37.886709,-88.944607,https://www.inaturalist.org/observations/55853404,NA,NA,
Tripsacum dactyloides,Illinois,2019-09-07 10:16,2019,9,7,40.079908,-88.205748,https://www.inaturalist.org/observations/32394617,NA,NA,
Tripsacum dactyloides,Illinois,2020-06-27 16:43:06,2020,6,27,38.027308,-88.958092,https://www.inaturalist.org/observations/51358664,NA,NA,
Tripsacum dactyloides,Illinois,2020-06-14T08:07:53Z,2020,6,14,37.580655,-89.105152,https://www.inaturalist.org/observations/49587771,NA,NA,
Tripsacum dactyloides,Illinois,2020-05-22 10:08,2020,5,22,37.311642,-89.018673,https://www.inaturalist.org/observations/47221652,NA,NA,
Tripsacum dactyloides,Illinois,2018-02-10 12:27:01,2018,2,10,40.077261,-88.203332,https://www.inaturalist.org/observations/9813607,NA,NA,
Tripsacum dactyloides,Illinois,2019-06-02 10:45:28,2019,6,2,38.133008,-88.920883,https://www.inaturalist.org/observations/26603321,NA,NA,
Tripsacum dactyloides,Illinois,2019-09-28T11:06:37Z,2019,9,28,40.127033,-88.209231,https://www.inaturalist.org/observations/33534387,NA,NA,
Tripsacum dactyloides,Illinois,2019-08-01 13:21,2019,8,1,40.40504,-88.206416,https://www.inaturalist.org/observations/30026445,NA,NA,
Tripsacum dactyloides,Illinois,2019-07-29 17:45,2019,7,29,40.080688,-88.203899,https://www.inaturalist.org/observations/29889274,NA,NA,
Tripsacum dactyloides,Illinois,2019-07-23 11:54,2019,7,23,38.613186,-89.326758,https://www.inaturalist.org/observations/29547552,NA,NA,
Tripsacum dactyloides,Illinois,7/12/07,2007,7,12,37.458067,-88.804921,https://www.inaturalist.org/observations/21605403,NA,NA,
Tripsacum dactyloides,Illinois,2018-07-19 7:54:19,2018,7,19,38.971368,-90.376692,https://www.inaturalist.org/observations/14512328,NA,NA,
Tripsacum dactyloides,Illinois,2016-07-25 12:47,2016,7,25,37.680234,-88.916965,https://www.inaturalist.org/observations/4428714,NA,NA,
Tripsacum dactyloides,Illinois,2024-07-23 13:47:20,2024,7,23,41.7295,-87.951028,https://www.inaturalist.org/observations/231256638,NA,NA,
Tripsacum dactyloides,Illinois,2023-06-14 15:09:21,2023,6,14,40.71886,-88.230107,https://www.inaturalist.org/observations/167419298,NA,NA,
Tripsacum dactyloides,Illinois,2022-07-18 10:09,2022,7,18,40.207819,-88.402052,https://www.inaturalist.org/observations/126820280,NA,NA,
Tripsacum dactyloides,Illinois,2020-07-10 14:04:16,2020,7,10,38.376122,-89.781983,https://www.inaturalist.org/observations/52671491,NA,NA,
Tripsacum dactyloides,Maryland,2013-10-05 9:59:30,2013,10,5,38.950649,-76.231255,https://www.inaturalist.org/observations/423315,NA,NA,
Tripsacum dactyloides,Maryland,2025-09-12 11:14:36,2025,9,12,38.108638,-75.733215,https://www.inaturalist.org/observations/313341912,NA,NA,
Tripsacum dactyloides,Maryland,2025-08-21 11:03:18,2025,8,21,38.802671,-77.01394,https://www.inaturalist.org/observations/308071451,NA,NA,
Tripsacum dactyloides,Maryland,2018-08-11 10:00,2018,8,11,39.162633,-76.479991,https://www.inaturalist.org/observations/306651547,NA,NA,
Tripsacum dactyloides,Maryland,2025-08-12 14:43:43,2025,8,12,38.591125,-76.047089,https://www.inaturalist.org/observations/305895864,NA,NA,
Tripsacum dactyloides,Maryland,2025-07-13 14:28:06,2025,7,13,38.953085,-75.931714,https://www.inaturalist.org/observations/297665540,NA,NA,
Tripsacum dactyloides,Maryland,2025-07-12 20:46,2025,7,12,39.000116,-76.935446,https://www.inaturalist.org/observations/297615668,NA,NA,
Tripsacum dactyloides,Maryland,2025-07-26 14:37,2025,7,26,38.925137,-75.947121,https://www.inaturalist.org/observations/301990050,NA,NA,
Tripsacum dactyloides,Maryland,2025-07-05 19:29:38,2025,7,5,39.379005,-76.68232,https://www.inaturalist.org/observations/296207954,NA,NA,
Tripsacum dactyloides,Maryland,2025-07-16 11:40:29,2025,7,16,38.783609,-76.059385,https://www.inaturalist.org/observations/298444138,NA,NA,
Tripsacum dactyloides,Maryland,2025-07-13 14:27:03,2025,7,13,38.953043,-75.931635,https://www.inaturalist.org/observations/298429383,NA,NA,
Tripsacum dactyloides,Maryland,2025-08-02 10:53:14,2025,8,2,38.681337,-75.773667,https://www.inaturalist.org/observations/303324665,NA,NA,
Tripsacum dactyloides,Maryland,2025-06-28 12:03,2025,6,28,38.546781,-76.532305,https://www.inaturalist.org/observations/294173784,NA,NA,
Tripsacum dactyloides,Maryland,2025-07-06 12:53:15,2025,7,6,39.232033,-76.006644,https://www.inaturalist.org/observations/295740108,NA,NA,
Tripsacum dactyloides,Maryland,2025-07-01 10:15:42,2025,7,1,38.996045,-77.247825,https://www.inaturalist.org/observations/296208630,NA,NA,
Tripsacum dactyloides,Maryland,2025-06-27 12:10,2025,6,27,38.77723,-76.218139,https://www.inaturalist.org/observations/295568361,NA,NA,
Tripsacum dactyloides,Maryland,2025-06-30 11:21:34,2025,6,30,38.966705,-75.932563,https://www.inaturalist.org/observations/294305267,NA,NA,
Tripsacum dactyloides,Maryland,2025-06-28 10:16:13,2025,6,28,38.078169,-75.391944,https://www.inaturalist.org/observations/293395560,NA,NA,
Tripsacum dactyloides,Maryland,2025-06-28 10:21:52,2025,6,28,38.078096,-75.391838,https://www.inaturalist.org/observations/293393435,NA,NA,
Tripsacum dactyloides,Maryland,2025-06-28 10:16:32,2025,6,28,38.078272,-75.392013,https://www.inaturalist.org/observations/293391948,NA,NA,
Tripsacum dactyloides,Maryland,2025-06-22 13:33:47,2025,6,22,38.882758,-76.49388,https://www.inaturalist.org/observations/291845330,NA,NA,
Tripsacum dactyloides,Maryland,2025-06-24 9:14:19,2025,6,24,38.417184,-76.934523,https://www.inaturalist.org/observations/292386266,NA,NA,
Tripsacum dactyloides,Maryland,2025-06-11 8:37:38,2025,6,11,38.712082,-77.034706,https://www.inaturalist.org/observations/288713645,NA,NA,
Tripsacum dactyloides,Maryland,2025-06-06 14:55:46,2025,6,6,39.208542,-76.907227,https://www.inaturalist.org/observations/287835654,NA,NA,
Tripsacum dactyloides,Maryland,2025-06-14 12:42,2025,6,14,38.996856,-77.251865,https://www.inaturalist.org/observations/289668810,NA,NA,
Tripsacum dactyloides,Maryland,2025-06-17 8:59,2025,6,17,39.094512,-77.033322,https://www.inaturalist.org/observations/290387519,NA,NA,
Tripsacum dactyloides,Maryland,2025-06-06 15:01:13,2025,6,6,39.208916,-76.907091,https://www.inaturalist.org/observations/287835727,NA,NA,
Tripsacum dactyloides,Maryland,2020-06-09 19:24:57,2020,6,9,38.983721,-77.000444,https://www.inaturalist.org/observations/49078848,NA,NA,
Tripsacum dactyloides,Maryland,2024-06-26 8:33,2024,6,26,38.701628,-76.228868,https://www.inaturalist.org/observations/265323708,NA,NA,
Tripsacum dactyloides,Maryland,10/7/17,2017,10,7,38.985565,-76.931297,https://www.inaturalist.org/observations/256143288,NA,NA,
Tripsacum dactyloides,Maryland,2024-09-05 15:55,2024,9,5,38.996736,-77.25018,https://www.inaturalist.org/observations/243423558,NA,NA,
Tripsacum dactyloides,Maryland,2023-07-04 20:16:27,2023,7,4,39.180507,-76.477973,https://www.inaturalist.org/observations/171193835,NA,NA,
Tripsacum dactyloides,Maryland,2023-09-17 17:33:09,2023,9,17,38.990676,-76.967726,https://www.inaturalist.org/observations/183755889,NA,NA,
Tripsacum dactyloides,Maryland,2023-09-17 14:53:58,2023,9,17,38.968427,-76.985541,https://www.inaturalist.org/observations/183715381,NA,NA,
Tripsacum dactyloides,Maryland,2024-11-06 15:38:14,2024,11,6,39.39716,-76.843415,https://www.inaturalist.org/observations/251019390,NA,NA,
Tripsacum dactyloides,Maryland,2023-08-06 16:49:15,2023,8,6,38.972307,-76.991141,https://www.inaturalist.org/observations/177101571,NA,NA,
Tripsacum dactyloides,Maryland,2024-07-02 11:53:29,2024,7,2,38.918146,-76.515704,https://www.inaturalist.org/observations/226723094,NA,NA,
Tripsacum dactyloides,Maryland,2024-07-21 18:42:36,2024,7,21,38.937841,-77.12083,https://www.inaturalist.org/observations/230912884,NA,NA,
Tripsacum dactyloides,Maryland,2023-10-10 18:23:37,2023,10,10,39.00268,-76.959747,https://www.inaturalist.org/observations/187065833,NA,NA,
Tripsacum dactyloides,Maryland,2023-10-13 15:48:36,2023,10,13,39.002177,-76.960657,https://www.inaturalist.org/observations/187403993,NA,NA,
Tripsacum dactyloides,Maryland,2024-09-02 15:29:21,2024,9,2,39.413588,-76.842012,https://www.inaturalist.org/observations/239502723,NA,NA,
Tripsacum dactyloides,Maryland,2024-08-11 15:07:17,2024,8,11,38.250995,-75.159659,https://www.inaturalist.org/observations/235212098,NA,NA,
Tripsacum dactyloides,Maryland,2024-08-13 12:56:49,2024,8,13,38.9776,-76.918345,https://www.inaturalist.org/observations/235575191,NA,NA,
Tripsacum dactyloides,Maryland,2024-06-29 10:15,2024,6,29,39.416672,-77.207924,https://www.inaturalist.org/observations/227344738,NA,NA,
Tripsacum dactyloides,Maryland,2024-06-29 9:49:13,2024,6,29,39.175491,-76.52169,https://www.inaturalist.org/observations/225926062,NA,NA,
Tripsacum dactyloides,Maryland,2024-07-07 9:11:54,2024,7,7,38.754417,-75.992472,https://www.inaturalist.org/observations/227757439,NA,NA,
Tripsacum dactyloides,Maryland,2024-07-17 9:42:16,2024,7,17,38.867997,-76.548163,https://www.inaturalist.org/observations/229924197,NA,NA,
Tripsacum dactyloides,Maryland,2024-07-22 11:42:42,2024,7,22,38.783716,-76.059304,https://www.inaturalist.org/observations/231006210,NA,NA,
Tripsacum dactyloides,Maryland,2024-07-14 13:17:15,2024,7,14,39.645042,-75.918945,https://www.inaturalist.org/observations/229306899,NA,NA,
Tripsacum dactyloides,Maryland,2024-07-04 14:45:46,2024,7,4,39.061707,-76.620255,https://www.inaturalist.org/observations/227149464,NA,NA,
Tripsacum dactyloides,Maryland,2024-07-05 8:10:51,2024,7,5,39.130639,-76.023286,https://www.inaturalist.org/observations/227321962,NA,NA,
Tripsacum dactyloides,Maryland,2024-06-17 9:48:27,2024,6,17,39.684827,-76.8832,https://www.inaturalist.org/observations/223425435,NA,NA,
Tripsacum dactyloides,Maryland,2024-06-14 15:14:16,2024,6,14,39.685334,-76.882596,https://www.inaturalist.org/observations/222754233,NA,NA,
Tripsacum dactyloides,Maryland,9/2/17,2017,9,2,38.557564,-75.841965,https://www.inaturalist.org/observations/108146536,NA,NA,
Tripsacum dactyloides,Maryland,2023-09-29 17:27:33,2023,9,29,38.893487,-76.540772,https://www.inaturalist.org/observations/185497143,NA,NA,
Tripsacum dactyloides,Maryland,2023-07-31 15:35:23,2023,7,31,39.294295,-76.782962,https://www.inaturalist.org/observations/175987923,NA,NA,
Tripsacum dactyloides,Maryland,2022-07-17 9:26:11,2022,7,17,39.078339,-76.771575,https://www.inaturalist.org/observations/166201251,NA,NA,
Tripsacum dactyloides,Maryland,2022-09-16 16:44:42,2022,9,16,38.987728,-76.455322,https://www.inaturalist.org/observations/135298594,NA,NA,
Tripsacum dactyloides,Maryland,2022-09-24 12:34:27,2022,9,24,38.890718,-76.545432,https://www.inaturalist.org/observations/136297909,NA,NA,
Tripsacum dactyloides,Maryland,2022-09-04 16:18:27,2022,9,4,39.14962,-77.02692,https://www.inaturalist.org/observations/133667630,NA,NA,
Tripsacum dactyloides,Maryland,2022-09-01 16:48,2022,9,1,38.187547,-76.436535,https://www.inaturalist.org/observations/133269198,NA,NA,
Tripsacum dactyloides,Maryland,2022-07-26 15:53:27,2022,7,26,39.129832,-76.597036,https://www.inaturalist.org/observations/128049263,NA,NA,
Tripsacum dactyloides,Maryland,2022-08-14 9:17:13,2022,8,14,38.982967,-76.453155,https://www.inaturalist.org/observations/130815621,NA,NA,
Tripsacum dactyloides,Maryland,2022-08-10 13:25,2022,8,10,38.783721,-75.951712,https://www.inaturalist.org/observations/130631068,NA,NA,
Tripsacum dactyloides,Maryland,2022-07-30 6:27:59,2022,7,30,39.073271,-76.615678,https://www.inaturalist.org/observations/128583508,NA,NA,
Tripsacum dactyloides,Maryland,2022-07-30 8:17:39,2022,7,30,39.222012,-76.633697,https://www.inaturalist.org/observations/128598245,NA,NA,
Tripsacum dactyloides,Maryland,2022-07-24 10:28,2022,7,24,38.207994,-75.129489,https://www.inaturalist.org/observations/127985384,NA,NA,
Tripsacum dactyloides,Maryland,2022-07-07 14:02:17,2022,7,7,38.759963,-76.277397,https://www.inaturalist.org/observations/125285225,NA,NA,
Tripsacum dactyloides,Maryland,2022-06-08 9:53,2022,6,8,38.541158,-76.097369,https://www.inaturalist.org/observations/121469070,NA,NA,
Tripsacum dactyloides,Maryland,2022-06-28 10:03:53,2022,6,28,39.029583,-76.813828,https://www.inaturalist.org/observations/123886549,NA,NA,
Tripsacum dactyloides,Maryland,2022-06-27 11:09:29,2022,6,27,39.46984,-76.998559,https://www.inaturalist.org/observations/123836797,NA,NA,
Tripsacum dactyloides,Maryland,2022-06-14 14:15:01,2022,6,14,38.272555,-76.423245,https://www.inaturalist.org/observations/121766538,NA,NA,
Tripsacum dactyloides,Maryland,2022-06-21 13:12:17,2022,6,21,38.596672,-76.969938,https://www.inaturalist.org/observations/123010779,NA,NA,
Tripsacum dactyloides,Maryland,2020-07-04 9:02:55,2020,7,4,39.418038,-77.20797,https://www.inaturalist.org/observations/51897109,NA,NA,
Tripsacum dactyloides,Maryland,2020-07-03 8:31,2020,7,3,38.291996,-76.519266,https://www.inaturalist.org/observations/51819380,NA,NA,
Tripsacum dactyloides,Maryland,2022-06-19 13:51,2022,6,19,39.303351,-76.929355,https://www.inaturalist.org/observations/123172589,NA,NA,
Tripsacum dactyloides,Maryland,2022-06-12 13:49,2022,6,12,38.452737,-75.893128,https://www.inaturalist.org/observations/121518693,NA,NA,
Tripsacum dactyloides,Maryland,2020-06-27 7:57,2020,6,27,38.800107,-76.689189,https://www.inaturalist.org/observations/51157117,NA,NA,
Tripsacum dactyloides,Maryland,2020-07-31 18:43:18,2020,7,31,39.12497,-76.885528,https://www.inaturalist.org/observations/54987639,NA,NA,
Tripsacum dactyloides,Maryland,2021-10-15 12:17:41,2021,10,15,39.45351,-75.996493,https://www.inaturalist.org/observations/98312070,NA,NA,
Tripsacum dactyloides,Maryland,2021-07-02 16:10,2021,7,2,39.412027,-76.843821,https://www.inaturalist.org/observations/94066070,NA,NA,
Tripsacum dactyloides,Maryland,2021-07-23T21:31:18Z,2021,7,23,39.003069,-76.461,https://www.inaturalist.org/observations/88330833,NA,NA,
Tripsacum dactyloides,Maryland,2021-07-31 13:01:35,2021,7,31,38.547349,-75.799841,https://www.inaturalist.org/observations/89517691,NA,NA,
Tripsacum dactyloides,Maryland,2021-07-31 11:47,2021,7,31,39.482085,-75.946275,https://www.inaturalist.org/observations/89482465,NA,NA,
Tripsacum dactyloides,Maryland,2018-08-20 9:26:38,2018,8,20,39.24247,-77.266717,https://www.inaturalist.org/observations/15767610,NA,NA,
Tripsacum dactyloides,Maryland,2020-08-27 7:58:28,2020,8,27,39.106142,-76.533556,https://www.inaturalist.org/observations/57726581,NA,NA,
Tripsacum dactyloides,Maryland,2021-06-23 18:34:30,2021,6,23,38.382228,-76.558983,https://www.inaturalist.org/observations/84323227,NA,NA,
Tripsacum dactyloides,Maryland,2017-08-06 16:56:30,2017,8,6,38.972876,-77.15018,https://www.inaturalist.org/observations/7385580,NA,NA,
Tripsacum dactyloides,Maryland,2018-08-19 9:53:40,2018,8,19,38.80423,-77.011003,https://www.inaturalist.org/observations/15689269,NA,NA,
Tripsacum dactyloides,Maryland,2021-06-25 12:08:09,2021,6,25,39.032803,-76.306747,https://www.inaturalist.org/observations/84436784,NA,NA,
Tripsacum dactyloides,Maryland,2018-07-15 11:08:25,2018,7,15,38.783698,-76.596954,https://www.inaturalist.org/observations/17320082,NA,NA,
Tripsacum dactyloides,Maryland,2021-07-14 9:15:15,2021,7,14,38.810597,-76.195092,https://www.inaturalist.org/observations/87733873,NA,NA,
Tripsacum dactyloides,Maryland,2018-06-04 16:30:33,2018,6,4,38.886047,-76.678238,https://www.inaturalist.org/observations/13133828,NA,NA,
Tripsacum dactyloides,Maryland,2019-07-24 9:45:50,2019,7,24,38.982596,-76.163747,https://www.inaturalist.org/observations/29440831,NA,NA,
Tripsacum dactyloides,Maryland,2021-07-06 10:11,2021,7,6,39.223557,-76.683129,https://www.inaturalist.org/observations/85944359,NA,NA,
Tripsacum dactyloides,Maryland,2021-08-08 11:01,2021,8,8,38.10435,-75.263844,https://www.inaturalist.org/observations/90492555,NA,NA,
Tripsacum dactyloides,Maryland,7/24/08,2008,7,24,39.24987,-77.277372,https://www.inaturalist.org/observations/19639375,NA,NA,
Tripsacum dactyloides,Maryland,2021-08-08 11:54,2021,8,8,38.414991,-75.850293,https://www.inaturalist.org/observations/90477406,NA,NA,
Tripsacum dactyloides,Maryland,2021-07-31 19:35:33,2021,7,31,38.97767,-76.981559,https://www.inaturalist.org/observations/89430785,NA,NA,
Tripsacum dactyloides,Maryland,2021-07-12 9:26:49,2021,7,12,38.800952,-76.691263,https://www.inaturalist.org/observations/86709083,NA,NA,
Tripsacum dactyloides,Maryland,2021-06-25 16:16,2021,6,25,38.478489,-75.836747,https://www.inaturalist.org/observations/84507303,NA,NA,
Tripsacum dactyloides,Maryland,2021-06-14 13:50:23,2021,6,14,38.662722,-76.102723,https://www.inaturalist.org/observations/83027941,NA,NA,
Tripsacum dactyloides,Maryland,2020-09-30 11:38:44,2020,9,30,38.858149,-76.689763,https://www.inaturalist.org/observations/61307795,NA,NA,
Tripsacum dactyloides,Maryland,2020-09-17 10:09:15,2020,9,17,39.120459,-76.019086,https://www.inaturalist.org/observations/59872596,NA,NA,
Tripsacum dactyloides,Maryland,2017-06-20 14:41,2017,6,20,38.686356,-75.718024,https://www.inaturalist.org/observations/44188055,NA,NA,
Tripsacum dactyloides,Maryland,2020-07-25 9:40,2020,7,25,38.681083,-75.773679,https://www.inaturalist.org/observations/54466188,NA,NA,
Tripsacum dactyloides,Maryland,2019-07-12 15:58,2019,7,12,38.73882,-76.55923,https://www.inaturalist.org/observations/53860920,NA,NA,
Tripsacum dactyloides,Maryland,2020-07-02 13:15:54,2020,7,2,39.15237,-76.023553,https://www.inaturalist.org/observations/51725617,NA,NA,
Tripsacum dactyloides,Maryland,2020-06-21 10:11:57,2020,6,21,38.888394,-76.196608,https://www.inaturalist.org/observations/50411584,NA,NA,
Tripsacum dactyloides,Maryland,2020-06-15 17:54:13,2020,6,15,39.2066,-76.909712,https://www.inaturalist.org/observations/49771867,NA,NA,
Tripsacum dactyloides,Maryland,2018-06-23 15:40,2018,6,23,38.87888,-76.499476,https://www.inaturalist.org/observations/13781005,NA,NA,
Tripsacum dactyloides,Maryland,2017-07-07 10:11:25,2017,7,7,38.942617,-76.943603,https://www.inaturalist.org/observations/6955109,NA,NA,
Tripsacum dactyloides,Maryland,2024-06-01 8:15:47,2024,6,1,38.953117,-75.932358,https://www.inaturalist.org/observations/220179802,NA,NA,
Tripsacum dactyloides,Maryland,2018-07-14 11:59:15,2018,7,14,38.544635,-76.101228,https://www.inaturalist.org/observations/14400439,NA,NA,
Tripsacum dactyloides,Georgia,2025-11-18 15:14:28,2025,11,18,33.925101,-83.376126,https://www.inaturalist.org/observations/327153103,NA,NA,
Tripsacum dactyloides,Georgia,2025-09-30 17:50,2025,9,30,33.953478,-84.66586,https://www.inaturalist.org/observations/317911342,NA,NA,
Tripsacum dactyloides,Georgia,2025-09-08 8:39:16,2025,9,8,33.779865,-84.293392,https://www.inaturalist.org/observations/312922816,NA,NA,
Tripsacum dactyloides,Georgia,2024-09-14 12:03:03,2024,9,14,33.694056,-85.363342,https://www.inaturalist.org/observations/307541406,NA,NA,
Tripsacum dactyloides,Georgia,2025-07-08 20:04:39,2025,7,8,34.024539,-84.863119,https://www.inaturalist.org/observations/296384079,NA,NA,
Tripsacum dactyloides,Georgia,2025-08-07 17:46:12,2025,8,7,33.867387,-83.236012,https://www.inaturalist.org/observations/304773724,NA,NA,
Tripsacum dactyloides,Georgia,2025-07-07 12:06:36,2025,7,7,33.040279,-83.667336,https://www.inaturalist.org/observations/296107016,NA,NA,
Tripsacum dactyloides,Georgia,2024-09-14 12:07:09,2024,9,14,33.693208,-85.222022,https://www.inaturalist.org/observations/306378345,NA,NA,
Tripsacum dactyloides,Georgia,2025-06-22 10:21:40,2025,6,22,34.14312,-85.420195,https://www.inaturalist.org/observations/303824301,NA,NA,
Tripsacum dactyloides,Georgia,2025-07-08 11:23:01,2025,7,8,33.98683,-83.382829,https://www.inaturalist.org/observations/296280166,NA,NA,
Tripsacum dactyloides,Georgia,2025-07-17 18:18:11,2025,7,17,34.323528,-85.182245,https://www.inaturalist.org/observations/303758719,NA,NA,
Tripsacum dactyloides,Georgia,2025-07-06 10:17:03,2025,7,6,33.047567,-83.737642,https://www.inaturalist.org/observations/295740117,NA,NA,
Tripsacum dactyloides,Georgia,2025-07-24 10:55:39,2025,7,24,32.618069,-84.944741,https://www.inaturalist.org/observations/301798516,NA,NA,
Tripsacum dactyloides,Georgia,2025-07-14 12:08:31,2025,7,14,33.10875,-83.713167,https://www.inaturalist.org/observations/297966992,NA,NA,
Tripsacum dactyloides,Georgia,2025-07-12 15:52,2025,7,12,33.920347,-84.946174,https://www.inaturalist.org/observations/298537256,NA,NA,
Tripsacum dactyloides,Georgia,2025-06-10 13:45:22,2025,6,10,33.990151,-84.473584,https://www.inaturalist.org/observations/296659033,NA,NA,
Tripsacum dactyloides,Georgia,2025-07-13 18:07,2025,7,13,34.02188,-84.638689,https://www.inaturalist.org/observations/298544684,NA,NA,
Tripsacum dactyloides,Georgia,2025-06-04 10:27:35,2025,6,4,33.749115,-84.623611,https://www.inaturalist.org/observations/286799515,NA,NA,
Tripsacum dactyloides,Georgia,2025-06-28 9:13,2025,6,28,33.666458,-84.121701,https://www.inaturalist.org/observations/293592514,NA,NA,
Tripsacum dactyloides,Georgia,2025-07-06 10:16:56,2025,7,6,33.047528,-83.737625,https://www.inaturalist.org/observations/295742427,NA,NA,
Tripsacum dactyloides,Georgia,2025-07-04 13:15:21,2025,7,4,33.637513,-84.155403,https://www.inaturalist.org/observations/295996550,NA,NA,
Tripsacum dactyloides,Georgia,2025-07-05 9:51:48,2025,7,5,33.566812,-84.060783,https://www.inaturalist.org/observations/295385068,NA,NA,
Tripsacum dactyloides,Georgia,2025-06-25 17:18:30,2025,6,25,33.907762,-84.4543,https://www.inaturalist.org/observations/292744532,NA,NA,
Tripsacum dactyloides,Georgia,2025-06-18 8:27:11,2025,6,18,33.865055,-84.379791,https://www.inaturalist.org/observations/290647967,NA,NA,
Tripsacum dactyloides,Georgia,2025-06-01 19:35,2025,6,1,33.957997,-83.437553,https://www.inaturalist.org/observations/290704299,NA,NA,
Tripsacum dactyloides,Georgia,2025-06-19 18:05:52,2025,6,19,33.91763,-84.444183,https://www.inaturalist.org/observations/291069599,NA,NA,
Tripsacum dactyloides,Georgia,2025-06-15 17:14,2025,6,15,33.999456,-84.668786,https://www.inaturalist.org/observations/292208344,NA,NA,
Tripsacum dactyloides,Georgia,2025-06-15 9:54:30,2025,6,15,33.097692,-83.716112,https://www.inaturalist.org/observations/290111305,NA,NA,
Tripsacum dactyloides,Georgia,2025-06-08 11:00,2025,6,8,33.765614,-84.278458,https://www.inaturalist.org/observations/287964765,NA,NA,
Tripsacum dactyloides,Georgia,2025-06-03 15:59:23,2025,6,3,33.632045,-84.76407,https://www.inaturalist.org/observations/286741347,NA,NA,
Tripsacum dactyloides,Georgia,2025-05-31 12:06:33,2025,5,31,32.511807,-84.917686,https://www.inaturalist.org/observations/286687356,NA,NA,
Tripsacum dactyloides,Georgia,2025-05-26 12:05:26,2025,5,26,33.6427,-84.170238,https://www.inaturalist.org/observations/284344412,NA,NA,
Tripsacum dactyloides,Georgia,2021-02-27 7:43:14,2021,2,27,33.639807,-84.15636,https://www.inaturalist.org/observations/70248286,NA,NA,
Tripsacum dactyloides,Georgia,2024-09-16 18:46:13,2024,9,16,33.53233,-82.228102,https://www.inaturalist.org/observations/242255901,NA,NA,
Tripsacum dactyloides,Georgia,2024-08-30 15:02,2024,8,30,33.903699,-84.60149,https://www.inaturalist.org/observations/239220716,NA,NA,
Tripsacum dactyloides,Georgia,2024-08-23 11:47:45,2024,8,23,33.089808,-83.718995,https://www.inaturalist.org/observations/238054643,NA,NA,
Tripsacum dactyloides,Georgia,2024-06-07 20:27:22,2024,6,7,33.888547,-84.443725,https://www.inaturalist.org/observations/221221412,NA,NA,
Tripsacum dactyloides,Georgia,2024-06-07 13:25:27,2024,6,7,30.699442,-84.19432,https://www.inaturalist.org/observations/221234972,NA,NA,
Tripsacum dactyloides,Georgia,2024-06-09 14:26:28,2024,6,9,33.877638,-84.439858,https://www.inaturalist.org/observations/221656639,NA,NA,
Tripsacum dactyloides,Georgia,2024-06-16 14:54:16,2024,6,16,33.736918,-84.466335,https://www.inaturalist.org/observations/226188178,NA,NA,
Tripsacum dactyloides,Georgia,2024-06-13 18:37:15,2024,6,13,34.793122,-84.950438,https://www.inaturalist.org/observations/224881610,NA,NA,
Tripsacum dactyloides,Georgia,2024-06-19 8:35:56,2024,6,19,33.865172,-84.379403,https://www.inaturalist.org/observations/223874319,NA,NA,
Tripsacum dactyloides,Georgia,2024-08-09 18:38,2024,8,9,33.933711,-84.603213,https://www.inaturalist.org/observations/234781940,NA,NA,
Tripsacum dactyloides,Georgia,2024-07-31 9:27:26,2024,7,31,33.205458,-83.40172,https://www.inaturalist.org/observations/232993878,NA,NA,
Tripsacum dactyloides,Georgia,2024-07-20 11:17,2024,7,20,31.956702,-81.054135,https://www.inaturalist.org/observations/232300368,NA,NA,
Tripsacum dactyloides,Georgia,2024-07-18 14:35:12,2024,7,18,33.154308,-83.671738,https://www.inaturalist.org/observations/230772372,NA,NA,
Tripsacum dactyloides,Georgia,2024-07-18 14:34:43,2024,7,18,33.154022,-83.671853,https://www.inaturalist.org/observations/230772474,NA,NA,
Tripsacum dactyloides,Georgia,2024-07-18 14:01:37,2024,7,18,33.099114,-83.7183,https://www.inaturalist.org/observations/230775006,NA,NA,
Tripsacum dactyloides,Georgia,2024-07-27 16:33:23,2024,7,27,33.808445,-84.353195,https://www.inaturalist.org/observations/232233820,NA,NA,
Tripsacum dactyloides,Georgia,2024-07-27 12:00:10,2024,7,27,33.924404,-83.366554,https://www.inaturalist.org/observations/232052554,NA,NA,
Tripsacum dactyloides,Georgia,2024-06-19 14:07:33,2024,6,19,34.084096,-85.58984,https://www.inaturalist.org/observations/223957523,NA,NA,
Tripsacum dactyloides,Georgia,2012-06-06 17:56,2012,6,6,33.592657,-84.083524,https://www.inaturalist.org/observations/137292300,NA,NA,
Tripsacum dactyloides,Georgia,2023-09-04 17:20:45,2023,9,4,33.627901,-83.85087,https://www.inaturalist.org/observations/182137296,NA,NA,
Tripsacum dactyloides,Georgia,2023-07-23 14:00:43,2023,7,23,33.979113,-84.754216,https://www.inaturalist.org/observations/174614399,NA,NA,
Tripsacum dactyloides,Georgia,2023-07-11 7:05:32,2023,7,11,33.639962,-84.156686,https://www.inaturalist.org/observations/173214847,NA,NA,
Tripsacum dactyloides,Georgia,2023-06-18 10:25:34,2023,6,18,33.938553,-84.604432,https://www.inaturalist.org/observations/169224698,NA,NA,
Tripsacum dactyloides,Georgia,2023-06-18 11:10:26,2023,6,18,33.934294,-84.598825,https://www.inaturalist.org/observations/169230570,NA,NA,
Tripsacum dactyloides,Georgia,2023-06-04 10:55:41,2023,6,4,31.100304,-83.902181,https://www.inaturalist.org/observations/165523693,NA,NA,
Tripsacum dactyloides,Georgia,2019-06-30 13:32:57,2019,6,30,33.915547,-84.603632,https://www.inaturalist.org/observations/27968261,NA,NA,
Tripsacum dactyloides,Georgia,2022-05-31 14:35:59,2022,5,31,33.866537,-84.380967,https://www.inaturalist.org/observations/119785562,NA,NA,
Tripsacum dactyloides,Georgia,2022-09-10 19:44:34,2022,9,10,33.811046,-84.194431,https://www.inaturalist.org/observations/134747112,NA,NA,
Tripsacum dactyloides,Georgia,2022-09-05 11:11:27,2022,9,5,33.767733,-84.279458,https://www.inaturalist.org/observations/133825448,NA,NA,
Tripsacum dactyloides,Georgia,2022-08-26 11:03:35,2022,8,26,32.509308,-84.916138,https://www.inaturalist.org/observations/132413148,NA,NA,
Tripsacum dactyloides,Georgia,2022-08-06 13:04,2022,8,6,33.96237,-84.593522,https://www.inaturalist.org/observations/129714187,NA,NA,
Tripsacum dactyloides,Georgia,2022-08-13 11:15:36,2022,8,13,33.537187,-84.736663,https://www.inaturalist.org/observations/130791935,NA,NA,
Tripsacum dactyloides,Georgia,2022-08-03 19:00:10,2022,8,3,33.326348,-81.911075,https://www.inaturalist.org/observations/129535917,NA,NA,
Tripsacum dactyloides,Georgia,2022-07-13 15:14:43,2022,7,13,33.654635,-84.09197,https://www.inaturalist.org/observations/126295455,NA,NA,
Tripsacum dactyloides,Georgia,2022-07-13 10:18:10,2022,7,13,33.639538,-84.156014,https://www.inaturalist.org/observations/126117089,NA,NA,
Tripsacum dactyloides,Georgia,2022-07-17 13:39:48,2022,7,17,33.094467,-83.722537,https://www.inaturalist.org/observations/126734467,NA,NA,
Tripsacum dactyloides,Georgia,2022-07-13 10:42:48,2022,7,13,34.715187,-85.283395,https://www.inaturalist.org/observations/126069409,NA,NA,
Tripsacum dactyloides,Georgia,2022-07-11 8:16:15,2022,7,11,34.715148,-85.288738,https://www.inaturalist.org/observations/125769272,NA,NA,
Tripsacum dactyloides,Georgia,2022-07-09 19:42:23,2022,7,9,33.51086,-82.0037,https://www.inaturalist.org/observations/125621944,NA,NA,
Tripsacum dactyloides,Georgia,2022-07-06 9:18:28,2022,7,6,34.594372,-85.390718,https://www.inaturalist.org/observations/125017375,NA,NA,
Tripsacum dactyloides,Georgia,2022-07-25 16:05:43,2022,7,25,33.819129,-84.47671,https://www.inaturalist.org/observations/127952256,NA,NA,
Tripsacum dactyloides,Georgia,2022-07-04 11:26:01,2022,7,4,34.736629,-85.279656,https://www.inaturalist.org/observations/124734266,NA,NA,
Tripsacum dactyloides,Georgia,2022-07-05 15:38:02,2022,7,5,34.589434,-85.389698,https://www.inaturalist.org/observations/124931347,NA,NA,
Tripsacum dactyloides,Georgia,2022-06-30 9:33:19,2022,6,30,34.589741,-85.389972,https://www.inaturalist.org/observations/124104464,NA,NA,
Tripsacum dactyloides,Georgia,2022-07-05 12:11:56,2022,7,5,34.693289,-85.209033,https://www.inaturalist.org/observations/124899313,NA,NA,
Tripsacum dactyloides,Georgia,2022-06-27 8:21:51,2022,6,27,34.700982,-85.270287,https://www.inaturalist.org/observations/123678635,NA,NA,
Tripsacum dactyloides,Georgia,2022-07-02 16:36:57,2022,7,2,33.619695,-84.262461,https://www.inaturalist.org/observations/124680381,NA,NA,
Tripsacum dactyloides,Georgia,2022-06-09 11:28:05,2022,6,9,33.110901,-83.728837,https://www.inaturalist.org/observations/120989086,NA,NA,
Tripsacum dactyloides,Georgia,2022-07-02 13:03:06,2022,7,2,34.650814,-85.107235,https://www.inaturalist.org/observations/124429771,NA,NA,
Tripsacum dactyloides,Georgia,2022-07-04 11:19:51,2022,7,4,34.743681,-85.253005,https://www.inaturalist.org/observations/124734227,NA,NA,
Tripsacum dactyloides,Georgia,2022-06-21 10:49:23,2022,6,21,32.512317,-84.917447,https://www.inaturalist.org/observations/122812463,NA,NA,
Tripsacum dactyloides,Georgia,2022-06-23 10:53:23,2022,6,23,33.920672,-83.414917,https://www.inaturalist.org/observations/123112852,NA,NA,
Tripsacum dactyloides,Georgia,2022-06-04 7:22:48,2022,6,4,33.639844,-84.155951,https://www.inaturalist.org/observations/120149980,NA,NA,
Tripsacum dactyloides,Georgia,2019-10-29 11:05,2019,10,29,34.909472,-85.067597,https://www.inaturalist.org/observations/47512495,NA,NA,
Tripsacum dactyloides,Georgia,2020-07-25 8:36:25,2020,7,25,33.866582,-84.380896,https://www.inaturalist.org/observations/54296973,NA,NA,
Tripsacum dactyloides,Georgia,2020-06-25 11:13,2020,6,25,34.928275,-85.061722,https://www.inaturalist.org/observations/51491645,NA,NA,
Tripsacum dactyloides,Georgia,2022-07-04 11:28:14,2022,7,4,34.737686,-85.279662,https://www.inaturalist.org/observations/124734705,NA,NA,
Tripsacum dactyloides,Georgia,2022-07-04 10:39:54,2022,7,4,34.743542,-85.289073,https://www.inaturalist.org/observations/124728058,NA,NA,
Tripsacum dactyloides,Georgia,2021-08-06 13:48:24,2021,8,6,33.947341,-84.403395,https://www.inaturalist.org/observations/90166566,NA,NA,
Tripsacum dactyloides,Georgia,2021-07-10 11:57:51,2021,7,10,33.729076,-83.266737,https://www.inaturalist.org/observations/86610367,NA,NA,
Tripsacum dactyloides,Georgia,2014-05-30 18:39:56,2014,5,30,33.381415,-84.610478,https://www.inaturalist.org/observations/707547,NA,NA,
Tripsacum dactyloides,Georgia,2021-06-01 16:32:48,2021,6,1,33.865469,-84.379302,https://www.inaturalist.org/observations/81237273,NA,NA,
Tripsacum dactyloides,Georgia,2021-06-19 13:44:30,2021,6,19,31.505845,-81.206908,https://www.inaturalist.org/observations/83683110,NA,NA,
Tripsacum dactyloides,Georgia,2021-06-20 12:11:35,2021,6,20,33.819039,-84.476744,https://www.inaturalist.org/observations/83801490,NA,NA,
Tripsacum dactyloides,Georgia,2021-08-14 11:01:47,2021,8,14,33.932423,-83.21059,https://www.inaturalist.org/observations/91127771,NA,NA,
Tripsacum dactyloides,Georgia,2021-08-22 14:17,2021,8,22,33.410683,-83.390214,https://www.inaturalist.org/observations/92837763,NA,NA,
Tripsacum dactyloides,Georgia,2021-07-31 11:03:19,2021,7,31,30.831053,-82.333267,https://www.inaturalist.org/observations/89590985,NA,NA,
Tripsacum dactyloides,Georgia,2020-10-13 10:31,2020,10,13,34.908256,-85.066789,https://www.inaturalist.org/observations/62569717,NA,NA,
Tripsacum dactyloides,Georgia,2020-06-13 17:30:54,2020,6,13,32.856053,-84.477858,https://www.inaturalist.org/observations/49545829,NA,NA,
Tripsacum dactyloides,Georgia,2019-05-31 10:04,2019,5,31,33.572566,-84.719836,https://www.inaturalist.org/observations/32314813,NA,NA,
Tripsacum dactyloides,Georgia,2019-07-07 11:18,2019,7,7,33.120516,-83.696065,https://www.inaturalist.org/observations/28430748,NA,NA,
Tripsacum dactyloides,Georgia,2019-07-02 8:45:33,2019,7,2,33.63985,-84.156083,https://www.inaturalist.org/observations/28059003,NA,NA,
Tripsacum dactyloides,Georgia,2019-06-11 9:45:45,2019,6,11,33.639589,-84.156103,https://www.inaturalist.org/observations/26803013,NA,NA,
Tripsacum dactyloides,Georgia,2015-07-12 10:14:10,2015,7,12,33.639483,-84.156075,https://www.inaturalist.org/observations/1749419,NA,NA,
Tripsacum dactyloides,Georgia,2022-06-22 10:44:24,2022,6,22,33.90297,-83.386505,https://www.inaturalist.org/observations/123112286,NA,NA,
Tripsacum dactyloides,Georgia,2021-06-24 14:05:05,2021,6,24,33.765582,-82.625655,https://www.inaturalist.org/observations/84330411,NA,NA,
Tripsacum dactyloides,Tennessee,2025-08-27 12:05,2025,8,27,35.124676,-89.790454,https://www.inaturalist.org/observations/309619842,NA,NA,
Tripsacum dactyloides,Tennessee,2025-08-09 17:00:32,2025,8,9,34.998228,-88.862713,https://www.inaturalist.org/observations/305211604,NA,NA,
Tripsacum dactyloides,Tennessee,2025-05-03 9:48:33,2025,5,3,35.924337,-84.515137,https://www.inaturalist.org/observations/278084488,NA,NA,
Tripsacum dactyloides,Tennessee,2025-07-07 9:45:28,2025,7,7,35.878389,-86.518133,https://www.inaturalist.org/observations/296000930,NA,NA,
Tripsacum dactyloides,Tennessee,2025-07-12 13:43:44,2025,7,12,35.522587,-84.27082,https://www.inaturalist.org/observations/301225369,NA,NA,
Tripsacum dactyloides,Tennessee,2025-07-09 13:05:03,2025,7,9,35.987613,-84.176055,https://www.inaturalist.org/observations/296908320,NA,NA,
Tripsacum dactyloides,Tennessee,2025-07-19 10:31:31,2025,7,19,35.040306,-89.497817,https://www.inaturalist.org/observations/299288418,NA,NA,
Tripsacum dactyloides,Tennessee,2025-07-07 5:32:54,2025,7,7,35.962112,-87.96553,https://www.inaturalist.org/observations/296034512,NA,NA,
Tripsacum dactyloides,Tennessee,2025-05-30 11:49:41,2025,5,30,36.55937,-87.304951,https://www.inaturalist.org/observations/286158709,NA,NA,
Tripsacum dactyloides,Tennessee,2025-06-23 19:26:03,2025,6,23,35.605805,-83.832528,https://www.inaturalist.org/observations/292252991,NA,NA,
Tripsacum dactyloides,Tennessee,2025-06-08 15:20:33,2025,6,8,36.134453,-87.108894,https://www.inaturalist.org/observations/287999234,NA,NA,
Tripsacum dactyloides,Tennessee,2025-06-08 10:33:24,2025,6,8,35.173155,-85.116332,https://www.inaturalist.org/observations/287994956,NA,NA,
Tripsacum dactyloides,Tennessee,2025-05-13 12:54:57,2025,5,13,35.134267,-89.212158,https://www.inaturalist.org/observations/280872194,NA,NA,
Tripsacum dactyloides,Tennessee,2024-11-07 15:07:26,2024,11,7,35.008347,-85.148711,https://www.inaturalist.org/observations/251739722,NA,NA,
Tripsacum dactyloides,Tennessee,2024-10-05 11:34:09,2024,10,5,35.716941,-83.816476,https://www.inaturalist.org/observations/245760259,NA,NA,
Tripsacum dactyloides,Tennessee,2024-08-20 13:17:27,2024,8,20,35.059606,-89.380783,https://www.inaturalist.org/observations/237003142,NA,NA,
Tripsacum dactyloides,Tennessee,2024-09-03 13:50,2024,9,3,35.828965,-83.566757,https://www.inaturalist.org/observations/239652304,NA,NA,
Tripsacum dactyloides,Tennessee,2024-08-29 10:38:01,2024,8,29,35.64177,-83.690537,https://www.inaturalist.org/observations/238604331,NA,NA,
Tripsacum dactyloides,Tennessee,2024-08-20 16:18:42,2024,8,20,35.059228,-89.382645,https://www.inaturalist.org/observations/237023532,NA,NA,
Tripsacum dactyloides,Tennessee,2024-08-20 16:16,2024,8,20,35.058963,-89.381432,https://www.inaturalist.org/observations/237204574,NA,NA,
Tripsacum dactyloides,Tennessee,2024-08-24 14:16:15,2024,8,24,35.38707,-87.993308,https://www.inaturalist.org/observations/237754245,NA,NA,
Tripsacum dactyloides,Tennessee,2023-06-03 14:24:13,2023,6,3,35.008244,-85.149025,https://www.inaturalist.org/observations/165563289,NA,NA,
Tripsacum dactyloides,Tennessee,2024-08-12 19:27,2024,8,12,36.501273,-87.320268,https://www.inaturalist.org/observations/236196806,NA,NA,
Tripsacum dactyloides,Tennessee,2022-07-18 11:47,2022,7,18,36.501225,-87.320161,https://www.inaturalist.org/observations/127019771,NA,NA,
Tripsacum dactyloides,Tennessee,2021-07-19 10:26:27,2021,7,19,35.97387,-84.057433,https://www.inaturalist.org/observations/87714932,NA,NA,
Tripsacum dactyloides,Tennessee,2021-06-19 13:39,2021,6,19,35.953034,-83.68776,https://www.inaturalist.org/observations/208800339,NA,NA,
Tripsacum dactyloides,Tennessee,2021-07-11 8:01:34,2021,7,11,36.086652,-82.423569,https://www.inaturalist.org/observations/86586520,NA,NA,
Tripsacum dactyloides,Tennessee,2024-06-09 16:35:24,2024,6,9,35.359711,-84.909897,https://www.inaturalist.org/observations/221664224,NA,NA,
Tripsacum dactyloides,Tennessee,2024-05-22 13:16:54,2024,5,22,35.007904,-85.149323,https://www.inaturalist.org/observations/217527698,NA,NA,
Tripsacum dactyloides,Tennessee,2023-08-09 10:59:20,2023,8,9,35.878471,-86.437152,https://www.inaturalist.org/observations/177520830,NA,NA,
Tripsacum dactyloides,Tennessee,2023-05-24 15:30,2023,5,24,35.394997,-89.411444,https://www.inaturalist.org/observations/163582182,NA,NA,
Tripsacum dactyloides,Tennessee,2023-07-23 10:28,2023,7,23,35.605766,-83.832506,https://www.inaturalist.org/observations/195709564,NA,NA,
Tripsacum dactyloides,Tennessee,2024-07-29 8:46:41,2024,7,29,35.701105,-86.550201,https://www.inaturalist.org/observations/232489466,NA,NA,
Tripsacum dactyloides,Tennessee,2024-06-12 14:43:51,2024,6,12,35.008031,-85.149392,https://www.inaturalist.org/observations/222364433,NA,NA,
Tripsacum dactyloides,Tennessee,2023-06-19 12:42:24,2023,6,19,35.008172,-85.149192,https://www.inaturalist.org/observations/168429457,NA,NA,
Tripsacum dactyloides,Tennessee,2023-06-27 15:59,2023,6,27,35.008014,-85.149147,https://www.inaturalist.org/observations/169857397,NA,NA,
Tripsacum dactyloides,Tennessee,2024-06-10 9:35:32,2024,6,10,36.0328,-86.512,https://www.inaturalist.org/observations/221818413,NA,NA,
Tripsacum dactyloides,Tennessee,2024-06-26 11:08:49,2024,6,26,35.020548,-85.031321,https://www.inaturalist.org/observations/231040304,NA,NA,
Tripsacum dactyloides,Tennessee,2023-08-11 14:01:17,2023,8,11,35.606111,-84.042253,https://www.inaturalist.org/observations/177894830,NA,NA,
Tripsacum dactyloides,Tennessee,2023-07-04 12:02,2023,7,4,35.893663,-88.216006,https://www.inaturalist.org/observations/171147958,NA,NA,
Tripsacum dactyloides,Tennessee,2023-07-11 9:37:08,2023,7,11,35.915358,-84.40307,https://www.inaturalist.org/observations/172330583,NA,NA,
Tripsacum dactyloides,Tennessee,2024-02-11 12:11:01,2024,2,11,35.55948,-84.105192,https://www.inaturalist.org/observations/199097891,NA,NA,
Tripsacum dactyloides,Tennessee,2024-07-13 12:53:10,2024,7,13,35.058886,-89.38092,https://www.inaturalist.org/observations/229138456,NA,NA,
Tripsacum dactyloides,Tennessee,2024-06-28 11:47:45,2024,6,28,35.57011,-84.015016,https://www.inaturalist.org/observations/225751068,NA,NA,
Tripsacum dactyloides,Tennessee,2024-06-28 18:19:02,2024,6,28,36.166509,-86.717765,https://www.inaturalist.org/observations/225817588,NA,NA,
Tripsacum dactyloides,Tennessee,2023-06-02 15:07:46,2023,6,2,36.089497,-87.480168,https://www.inaturalist.org/observations/214123404,NA,NA,
Tripsacum dactyloides,Tennessee,2023-06-13 12:08:27,2023,6,13,35.940383,-83.689287,https://www.inaturalist.org/observations/168915097,NA,NA,
Tripsacum dactyloides,Tennessee,2023-10-14 16:29:14,2023,10,14,35.958703,-87.96843,https://www.inaturalist.org/observations/187841494,NA,NA,
Tripsacum dactyloides,Tennessee,2023-05-23 13:53,2023,5,23,35.008164,-85.148986,https://www.inaturalist.org/observations/163380011,NA,NA,
Tripsacum dactyloides,Tennessee,2021-06-17 16:47:31,2021,6,17,36.089583,-87.481772,https://www.inaturalist.org/observations/83462985,NA,NA,
Tripsacum dactyloides,Tennessee,2024-06-17 15:09:59,2024,6,17,35.987395,-86.340984,https://www.inaturalist.org/observations/223408532,NA,NA,
Tripsacum dactyloides,Tennessee,2024-05-28 18:22:12,2024,5,28,35.950234,-83.690768,https://www.inaturalist.org/observations/218992386,NA,NA,
Tripsacum dactyloides,Tennessee,2024-07-10 14:21:47,2024,7,10,35.918687,-84.108458,https://www.inaturalist.org/observations/228488505,NA,NA,
Tripsacum dactyloides,Tennessee,2024-07-08 8:59:09,2024,7,8,35.839951,-83.96132,https://www.inaturalist.org/observations/228008767,NA,NA,
Tripsacum dactyloides,Tennessee,2023-07-07 9:23:25,2023,7,7,35.062024,-85.177187,https://www.inaturalist.org/observations/171559183,NA,NA,
Tripsacum dactyloides,Tennessee,2024-07-08 12:21:55,2024,7,8,35.057983,-85.27593,https://www.inaturalist.org/observations/228058605,NA,NA,
Tripsacum dactyloides,Tennessee,2024-07-11 12:56,2024,7,11,35.46241,-88.054548,https://www.inaturalist.org/observations/228751170,NA,NA,
Tripsacum dactyloides,Tennessee,2007-08-02 13:33,2007,8,2,35.837066,-85.31973,https://www.inaturalist.org/observations/162758419,NA,NA,
Tripsacum dactyloides,Tennessee,2024-06-15 14:51:18,2024,6,15,35.166191,-85.125825,https://www.inaturalist.org/observations/222921380,NA,NA,
Tripsacum dactyloides,Tennessee,2024-06-20 8:43,2024,6,20,36.089381,-87.477072,https://www.inaturalist.org/observations/224273781,NA,NA,
Tripsacum dactyloides,Tennessee,2024-05-24 10:40:52,2024,5,24,35.038917,-85.142243,https://www.inaturalist.org/observations/217903067,NA,NA,
Tripsacum dactyloides,Tennessee,2023-07-06 11:17:44,2023,7,6,36.561808,-87.30375,https://www.inaturalist.org/observations/171451074,NA,NA,
Tripsacum dactyloides,Tennessee,2023-09-23 10:21:13,2023,9,23,35.173142,-85.116797,https://www.inaturalist.org/observations/184595958,NA,NA,
Tripsacum dactyloides,Tennessee,2023-07-09 11:35:10,2023,7,9,36.180288,-86.726495,https://www.inaturalist.org/observations/171989928,NA,NA,
Tripsacum dactyloides,Tennessee,2023-06-08 10:33:27,2023,6,8,36.617787,-87.27208,https://www.inaturalist.org/observations/166402590,NA,NA,
Tripsacum dactyloides,Tennessee,2023-07-29 10:13:13,2023,7,29,36.61697,-87.270638,https://www.inaturalist.org/observations/176046191,NA,NA,
Tripsacum dactyloides,Tennessee,2023-07-29 10:25:06,2023,7,29,36.616388,-87.27078,https://www.inaturalist.org/observations/176045612,NA,NA,
Tripsacum dactyloides,Tennessee,2021-06-27T14:30:41Z,2021,6,27,36.479173,-87.17361,https://www.inaturalist.org/observations/84789044,NA,NA,
Tripsacum dactyloides,Tennessee,2022-08-23 11:28:46,2022,8,23,35.749889,-86.599798,https://www.inaturalist.org/observations/132470752,NA,NA,
Tripsacum dactyloides,Tennessee,2022-06-14 9:59,2022,6,14,35.759113,-86.445926,https://www.inaturalist.org/observations/129460129,NA,NA,
Tripsacum dactyloides,Tennessee,2022-07-13 14:00,2022,7,13,35.461567,-88.057218,https://www.inaturalist.org/observations/126163653,NA,NA,
Tripsacum dactyloides,Tennessee,2022-06-06 9:58,2022,6,6,36.56241,-87.302742,https://www.inaturalist.org/observations/120585858,NA,NA,
Tripsacum dactyloides,Tennessee,2020-06-27 8:48:04,2020,6,27,35.949038,-83.692222,https://www.inaturalist.org/observations/51100550,NA,NA,
Tripsacum dactyloides,Tennessee,2021-06-17 13:38:01,2021,6,17,35.054072,-89.351722,https://www.inaturalist.org/observations/83426764,NA,NA,
Tripsacum dactyloides,Tennessee,2021-09-16 8:59,2021,9,16,36.19124,-84.797478,https://www.inaturalist.org/observations/95851157,NA,NA,
Tripsacum dactyloides,Tennessee,2021-06-21 10:14:01,2021,6,21,35.07032,-89.359427,https://www.inaturalist.org/observations/84007297,NA,NA,
Tripsacum dactyloides,Tennessee,2021-06-26 13:57:01,2021,6,26,36.560311,-87.305044,https://www.inaturalist.org/observations/84593288,NA,NA,
Tripsacum dactyloides,Tennessee,2021-06-17 16:47:31,2021,6,17,36.089583,-87.481772,https://www.inaturalist.org/observations/83992025,NA,NA,
Tripsacum dactyloides,Tennessee,2019-05-24 15:04:06,2019,5,24,35.949478,-83.694258,https://www.inaturalist.org/observations/25769500,NA,NA,
Tripsacum dactyloides,Tennessee,2021-06-23 8:48:10,2021,6,23,35.950057,-83.694227,https://www.inaturalist.org/observations/84169373,NA,NA,
Tripsacum dactyloides,Tennessee,2021-06-26 13:57:01,2021,6,26,36.560303,-87.305045,https://www.inaturalist.org/observations/85478542,NA,NA,
Tripsacum dactyloides,Tennessee,2021-07-24 12:50:13,2021,7,24,35.17875,-85.144692,https://www.inaturalist.org/observations/89023992,NA,NA,
Tripsacum dactyloides,Tennessee,6/27/17,2017,6,27,35.129709,-88.972108,https://www.inaturalist.org/observations/6840303,NA,NA,
Tripsacum dactyloides,Tennessee,2020-09-10 10:34:57,2020,9,10,35.594958,-83.830422,https://www.inaturalist.org/observations/61832080,NA,NA,
Tripsacum dactyloides,Tennessee,2020-07-16 11:43:30,2020,7,16,35.462688,-88.054825,https://www.inaturalist.org/observations/53296044,NA,NA,
Tripsacum dactyloides,Tennessee,2020-07-02 15:16:04,2020,7,2,35.027177,-89.272458,https://www.inaturalist.org/observations/51728784,NA,NA,
Tripsacum dactyloides,Tennessee,2018-07-28 19:27,2018,7,28,36.501428,-87.319078,https://www.inaturalist.org/observations/14865198,NA,NA,
Tripsacum dactyloides,Tennessee,2019-07-19T19:40:29Z,2019,7,19,35.152581,-89.81506,https://www.inaturalist.org/observations/29146834,NA,NA,
Tripsacum dactyloides,Tennessee,2019-07-08 15:58:33,2019,7,8,36.558808,-87.303917,https://www.inaturalist.org/observations/28484495,NA,NA,
Tripsacum dactyloides,Tennessee,2019-05-27 9:02:45,2019,5,27,35.95662,-83.688568,https://www.inaturalist.org/observations/25871258,NA,NA,
Tripsacum dactyloides,Tennessee,2018-09-08 19:00:57,2018,9,8,34.999758,-88.511245,https://www.inaturalist.org/observations/16341558,NA,NA,
Tripsacum dactyloides,Tennessee,2018-06-05 20:27,2018,6,5,35.385104,-88.52792,https://www.inaturalist.org/observations/13468308,NA,NA,
Tripsacum dactyloides,Tennessee,2017-08-11 14:50:30,2017,8,11,35.051475,-88.227928,https://www.inaturalist.org/observations/12810779,NA,NA,
Tripsacum dactyloides,Tennessee,2024-09-26 11:57,2024,9,26,36.548543,-87.588584,https://www.inaturalist.org/observations/244241465,NA,NA,
Tripsacum dactyloides,Tennessee,2024-08-12 19:20:15,2024,8,12,35.180153,-85.155578,https://www.inaturalist.org/observations/235475766,NA,NA,
Tripsacum dactyloides,Tennessee,2023-08-05 19:10,2023,8,5,35.605927,-83.832836,https://www.inaturalist.org/observations/195716347,NA,NA,
Tripsacum dactyloides,Tennessee,2023-09-11 11:41:44,2023,9,11,35.69447,-84.006707,https://www.inaturalist.org/observations/182818424,NA,NA,
Tripsacum dactyloides,Tennessee,2023-06-16 11:28,2023,6,16,36.632722,-87.707317,https://www.inaturalist.org/observations/167789126,NA,NA,
Tripsacum dactyloides,Tennessee,2022-06-28 11:26,2022,6,28,35.78742,-86.479687,https://www.inaturalist.org/observations/129476193,NA,NA,
Tripsacum dactyloides,Tennessee,2022-07-08 14:04:46,2022,7,8,35.048725,-88.523767,https://www.inaturalist.org/observations/125365906,NA,NA,
Tripsacum dactyloides,Mississippi,2023-08-16 13:28:41,2023,8,16,32.457358,-90.140928,https://www.inaturalist.org/observations/178834560,NA,NA,
Tripsacum dactyloides,Mississippi,2025-09-11 10:44:19,2025,9,11,34.808788,-89.997147,https://www.inaturalist.org/observations/313139040,NA,NA,
Tripsacum dactyloides,Mississippi,2025-07-16 9:31:21,2025,7,16,34.898512,-89.8656,https://www.inaturalist.org/observations/298574957,NA,NA,
Tripsacum dactyloides,Mississippi,2025-07-16 9:42:45,2025,7,16,34.897213,-89.865105,https://www.inaturalist.org/observations/298574494,NA,NA,
Tripsacum dactyloides,Mississippi,2025-07-17 15:51:32,2025,7,17,34.789008,-89.960992,https://www.inaturalist.org/observations/298815320,NA,NA,
Tripsacum dactyloides,Mississippi,2025-07-31 11:18:56,2025,7,31,31.000452,-89.417184,https://www.inaturalist.org/observations/302869212,NA,NA,
Tripsacum dactyloides,Mississippi,2025-07-16 10:44:32,2025,7,16,34.824928,-89.931555,https://www.inaturalist.org/observations/298574211,NA,NA,
Tripsacum dactyloides,Mississippi,2025-07-18 10:51:54,2025,7,18,32.357415,-90.070015,https://www.inaturalist.org/observations/299223000,NA,NA,
Tripsacum dactyloides,Mississippi,2025-06-28 9:33:46,2025,6,28,34.962692,-89.916625,https://www.inaturalist.org/observations/293455822,NA,NA,
Tripsacum dactyloides,Mississippi,2025-06-25 13:58:44,2025,6,25,34.699895,-89.974433,https://www.inaturalist.org/observations/292762721,NA,NA,
Tripsacum dactyloides,Mississippi,2025-06-09 12:58:30,2025,6,9,30.851831,-89.178927,https://www.inaturalist.org/observations/292430369,NA,NA,
Tripsacum dactyloides,Mississippi,2025-06-06 9:50:15,2025,6,6,34.700103,-89.955322,https://www.inaturalist.org/observations/287482701,NA,NA,
Tripsacum dactyloides,Mississippi,2025-06-15 11:48:52,2025,6,15,34.78737,-89.960647,https://www.inaturalist.org/observations/290577153,NA,NA,
Tripsacum dactyloides,Mississippi,2025-06-15 13:25:03,2025,6,15,34.810333,-89.972305,https://www.inaturalist.org/observations/290575613,NA,NA,
Tripsacum dactyloides,Mississippi,2025-06-15 13:54:03,2025,6,15,34.615142,-89.935137,https://www.inaturalist.org/observations/290575248,NA,NA,
Tripsacum dactyloides,Mississippi,2025-06-09 13:21:46,2025,6,9,30.847062,-89.497112,https://www.inaturalist.org/observations/292430477,NA,NA,
Tripsacum dactyloides,Mississippi,2025-06-15 15:01:07,2025,6,15,34.619022,-89.949342,https://www.inaturalist.org/observations/290570711,NA,NA,
Tripsacum dactyloides,Mississippi,2025-06-12 18:13:26,2025,6,12,34.815232,-89.972023,https://www.inaturalist.org/observations/289146811,NA,NA,
Tripsacum dactyloides,Mississippi,2025-06-12 16:28:39,2025,6,12,34.808797,-89.9906,https://www.inaturalist.org/observations/289128196,NA,NA,
Tripsacum dactyloides,Mississippi,2025-06-12 16:37:26,2025,6,12,34.797825,-89.989228,https://www.inaturalist.org/observations/289127652,NA,NA,
Tripsacum dactyloides,Mississippi,2025-06-09 6:22:27,2025,6,9,34.817153,-89.972887,https://www.inaturalist.org/observations/288190236,NA,NA,
Tripsacum dactyloides,Mississippi,2025-05-24 16:44:19,2025,5,24,34.889338,-89.919022,https://www.inaturalist.org/observations/284114025,NA,NA,
Tripsacum dactyloides,Mississippi,2025-05-19 15:17:56,2025,5,19,34.542492,-89.098275,https://www.inaturalist.org/observations/282480058,NA,NA,
Tripsacum dactyloides,Mississippi,2024-09-20 12:58:06,2024,9,20,34.622713,-89.955362,https://www.inaturalist.org/observations/242980296,NA,NA,
Tripsacum dactyloides,Mississippi,2024-09-11 15:10:52,2024,9,11,34.893242,-89.971838,https://www.inaturalist.org/observations/241177517,NA,NA,
Tripsacum dactyloides,Mississippi,2024-09-17 17:29:46,2024,9,17,34.794088,-89.988695,https://www.inaturalist.org/observations/242381393,NA,NA,
Tripsacum dactyloides,Mississippi,2024-08-09 8:50:58,2024,8,9,34.807987,-90.002394,https://www.inaturalist.org/observations/234689473,NA,NA,
Tripsacum dactyloides,Mississippi,2024-08-09 9:56:03,2024,8,9,34.786812,-90.055519,https://www.inaturalist.org/observations/234712528,NA,NA,
Tripsacum dactyloides,Mississippi,2024-07-20 11:00:05,2024,7,20,30.994238,-89.050955,https://www.inaturalist.org/observations/230758086,NA,NA,
Tripsacum dactyloides,Mississippi,2024-06-30 17:48:52,2024,6,30,34.470609,-88.420524,https://www.inaturalist.org/observations/226313183,NA,NA,
Tripsacum dactyloides,Mississippi,2024-07-29 15:19:25,2024,7,29,34.88572,-89.935897,https://www.inaturalist.org/observations/232602268,NA,NA,
Tripsacum dactyloides,Mississippi,2024-07-28 13:57:53,2024,7,28,33.851339,-89.7852,https://www.inaturalist.org/observations/232328186,NA,NA,
Tripsacum dactyloides,Mississippi,2024-07-19 17:09:14,2024,7,19,30.391792,-88.790405,https://www.inaturalist.org/observations/230583623,NA,NA,
Tripsacum dactyloides,Mississippi,2024-07-10 13:28:44,2024,7,10,34.918328,-89.901742,https://www.inaturalist.org/observations/228553837,NA,NA,
Tripsacum dactyloides,Mississippi,2024-07-07 10:03:35,2024,7,7,33.254102,-88.77387,https://www.inaturalist.org/observations/227834332,NA,NA,
Tripsacum dactyloides,Mississippi,2024-06-16 18:11:45,2024,6,16,31.247297,-89.458528,https://www.inaturalist.org/observations/223343023,NA,NA,
Tripsacum dactyloides,Mississippi,2024-06-15 7:51:47,2024,6,15,30.334885,-89.182861,https://www.inaturalist.org/observations/222844184,NA,NA,
Tripsacum dactyloides,Mississippi,2024-06-08 18:42:37,2024,6,8,34.837913,-89.955658,https://www.inaturalist.org/observations/221456851,NA,NA,
Tripsacum dactyloides,Mississippi,2024-05-27 10:38:59,2024,5,27,32.347705,-89.536278,https://www.inaturalist.org/observations/221411664,NA,NA,
Tripsacum dactyloides,Mississippi,2024-05-31 9:16:24,2024,5,31,34.27906,-88.74325,https://www.inaturalist.org/observations/219995463,NA,NA,
Tripsacum dactyloides,Mississippi,2024-05-25 8:34:20,2024,5,25,34.86555,-89.995583,https://www.inaturalist.org/observations/218106338,NA,NA,
Tripsacum dactyloides,Mississippi,2024-02-21 14:23:33,2024,2,21,34.807517,-90.002617,https://www.inaturalist.org/observations/200023734,NA,NA,
Tripsacum dactyloides,Mississippi,2023-10-12 14:47:45,2023,10,12,34.346147,-89.366504,https://www.inaturalist.org/observations/187435245,NA,NA,
Tripsacum dactyloides,Mississippi,2023-09-05 17:15:03,2023,9,5,32.504432,-91.107746,https://www.inaturalist.org/observations/181974173,NA,NA,
Tripsacum dactyloides,Mississippi,2023-07-22 18:25,2023,7,22,31.547841,-91.365281,https://www.inaturalist.org/observations/174397297,NA,NA,
Tripsacum dactyloides,Mississippi,2023-07-07 20:04:51,2023,7,7,33.631363,-88.815934,https://www.inaturalist.org/observations/172159958,NA,NA,
Tripsacum dactyloides,Mississippi,2023-06-10 16:50,2023,6,10,30.396869,-88.793144,https://www.inaturalist.org/observations/166808619,NA,NA,
Tripsacum dactyloides,Mississippi,2023-06-18 14:40:24,2023,6,18,33.850729,-89.785525,https://www.inaturalist.org/observations/168156253,NA,NA,
Tripsacum dactyloides,Mississippi,2023-06-15 11:06:59,2023,6,15,32.032427,-88.718743,https://www.inaturalist.org/observations/167547692,NA,NA,
Tripsacum dactyloides,Mississippi,2021-06-03 16:02:15,2021,6,3,30.389967,-88.791938,https://www.inaturalist.org/observations/81510890,NA,NA,
Tripsacum dactyloides,Mississippi,2022-09-08 17:45:30,2022,9,8,30.391762,-88.790405,https://www.inaturalist.org/observations/134289816,NA,NA,
Tripsacum dactyloides,Mississippi,2022-07-28 10:17:33,2022,7,28,30.996245,-89.443062,https://www.inaturalist.org/observations/131958227,NA,NA,
Tripsacum dactyloides,Mississippi,2022-07-27 9:50:26,2022,7,27,31.871474,-88.71729,https://www.inaturalist.org/observations/128234045,NA,NA,
Tripsacum dactyloides,Mississippi,2022-07-20 17:15:50,2022,7,20,31.016686,-90.452946,https://www.inaturalist.org/observations/127151042,NA,NA,
Tripsacum dactyloides,Mississippi,2022-07-17 16:45:03,2022,7,17,33.253152,-88.772446,https://www.inaturalist.org/observations/126718159,NA,NA,
Tripsacum dactyloides,Mississippi,2022-07-09 11:46:13,2022,7,9,31.485508,-90.968483,https://www.inaturalist.org/observations/127455768,NA,NA,
Tripsacum dactyloides,Mississippi,2022-05-31 17:27:49,2022,5,31,32.531756,-90.063216,https://www.inaturalist.org/observations/119670222,NA,NA,
Tripsacum dactyloides,Mississippi,2022-06-29 13:43:50,2022,6,29,32.523847,-89.937487,https://www.inaturalist.org/observations/124002632,NA,NA,
Tripsacum dactyloides,Mississippi,2022-06-28 11:01:31,2022,6,28,30.344208,-88.55935,https://www.inaturalist.org/observations/123972517,NA,NA,
Tripsacum dactyloides,Mississippi,2022-06-06 10:46,2022,6,6,32.169553,-89.348902,https://www.inaturalist.org/observations/120591960,NA,NA,
Tripsacum dactyloides,Mississippi,2021-10-22 15:37:02,2021,10,22,33.678458,-88.759624,https://www.inaturalist.org/observations/99016598,NA,NA,
Tripsacum dactyloides,Mississippi,2021-06-13 17:39:44,2021,6,13,32.630122,-89.88899,https://www.inaturalist.org/observations/82948314,NA,NA,
Tripsacum dactyloides,Mississippi,2021-11-15 8:56:17,2021,11,15,31.534217,-89.694625,https://www.inaturalist.org/observations/101229786,NA,NA,
Tripsacum dactyloides,Mississippi,2021-06-30 9:53:37,2021,6,30,31.433025,-91.25982,https://www.inaturalist.org/observations/85307133,NA,NA,
Tripsacum dactyloides,Mississippi,2021-07-09T10:06:30Z,2021,7,9,32.309955,-89.2557,https://www.inaturalist.org/observations/86286615,NA,NA,
Tripsacum dactyloides,Mississippi,2019-06-05 13:44:21,2019,6,5,33.458484,-88.429705,https://www.inaturalist.org/observations/26452509,NA,NA,
Tripsacum dactyloides,Mississippi,2021-07-17T10:21:56Z,2021,7,17,33.565525,-88.417397,https://www.inaturalist.org/observations/87427919,NA,NA,
Tripsacum dactyloides,Mississippi,2021-08-13 9:12:50,2021,8,13,32.655296,-89.860952,https://www.inaturalist.org/observations/90998635,NA,NA,
Tripsacum dactyloides,Mississippi,2021-06-26 16:47:29,2021,6,26,32.004375,-89.033267,https://www.inaturalist.org/observations/84656641,NA,NA,
Tripsacum dactyloides,Mississippi,2019-07-07 12:26:09,2019,7,7,31.405347,-90.201473,https://www.inaturalist.org/observations/28471477,NA,NA,
Tripsacum dactyloides,Mississippi,2020-06-04 17:09:20,2020,6,4,31.270207,-90.987497,https://www.inaturalist.org/observations/48584069,NA,NA,
Tripsacum dactyloides,Mississippi,2020-09-20 10:48:54,2020,9,20,33.930025,-89.796921,https://www.inaturalist.org/observations/60432556,NA,NA,
Tripsacum dactyloides,Mississippi,2020-06-04 15:44:48,2020,6,4,31.376926,-90.970853,https://www.inaturalist.org/observations/48584027,NA,NA,
Tripsacum dactyloides,Mississippi,7/10/20,2020,7,10,30.391851,-88.791067,https://www.inaturalist.org/observations/52615554,NA,NA,
Tripsacum dactyloides,Mississippi,2020-07-13 10:00:20,2020,7,13,30.390225,-88.79293,https://www.inaturalist.org/observations/52967121,NA,NA,
Tripsacum dactyloides,Mississippi,2019-09-29 17:11:42,2019,9,29,33.845183,-89.848992,https://www.inaturalist.org/observations/33619063,NA,NA,
Tripsacum dactyloides,Mississippi,2019-07-28T13:22:47Z,2019,7,28,31.249947,-90.290658,https://www.inaturalist.org/observations/29729973,NA,NA,
Tripsacum dactyloides,Mississippi,2019-06-28 9:05,2019,6,28,30.390281,-88.792975,https://www.inaturalist.org/observations/27823051,NA,NA,
Tripsacum dactyloides,Mississippi,2019-06-15T10:00:17Z,2019,6,15,32.373666,-89.414143,https://www.inaturalist.org/observations/27167352,NA,NA,
Tripsacum dactyloides,Mississippi,2018-10-26 13:44:29,2018,10,26,33.264613,-88.789033,https://www.inaturalist.org/observations/17857105,NA,NA,
Tripsacum dactyloides,Mississippi,2018-06-15 14:07:24,2018,6,15,34.854873,-89.808638,https://www.inaturalist.org/observations/13460913,NA,NA,
Tripsacum dactyloides,Mississippi,2024-10-02 11:23:58,2024,10,2,34.85382,-89.389503,https://www.inaturalist.org/observations/245340209,NA,NA,
Tripsacum dactyloides,Mississippi,2023-08-01 12:53:52,2023,8,1,34.319672,-89.472476,https://www.inaturalist.org/observations/176142078,NA,NA,
Tripsacum dactyloides,New York,2025-09-26 18:12:44,2025,9,26,40.760911,-73.757549,https://www.inaturalist.org/observations/316838032,NA,NA,
Tripsacum dactyloides,New York,2023-10-05 11:21,2023,10,5,41.260164,-73.583431,https://www.inaturalist.org/observations/186392908,NA,NA,
Tripsacum dactyloides,New York,2025-08-22 14:35:31,2025,8,22,40.955762,-73.115963,https://www.inaturalist.org/observations/308249029,NA,NA,
Tripsacum dactyloides,New York,2025-09-01 11:12,2025,9,1,40.760474,-73.756776,https://www.inaturalist.org/observations/310817168,NA,NA,
Tripsacum dactyloides,New York,2022-07-09 11:43,2022,7,9,40.889994,-73.895072,https://www.inaturalist.org/observations/125542050,NA,NA,
Tripsacum dactyloides,New York,2025-08-12 12:32:22,2025,8,12,43.214167,-79.034837,https://www.inaturalist.org/observations/305804588,NA,NA,
Tripsacum dactyloides,New York,2025-07-12 8:51:58,2025,7,12,40.769662,-73.97175,https://www.inaturalist.org/observations/297268677,NA,NA,
Tripsacum dactyloides,New York,2025-07-23 13:55,2025,7,23,40.769585,-73.971744,https://www.inaturalist.org/observations/300457941,NA,NA,
Tripsacum dactyloides,New York,2025-07-21 8:30:18,2025,7,21,43.114205,-78.401965,https://www.inaturalist.org/observations/299814867,NA,NA,
Tripsacum dactyloides,New York,2025-06-27 15:03:38,2025,6,27,40.890045,-73.895125,https://www.inaturalist.org/observations/293397618,NA,NA,
Tripsacum dactyloides,New York,2025-06-27 13:56:14,2025,6,27,40.890627,-73.897172,https://www.inaturalist.org/observations/293177339,NA,NA,
Tripsacum dactyloides,New York,2025-06-19 14:28:52,2025,6,19,41.632038,-74.20958,https://www.inaturalist.org/observations/291106438,NA,NA,
Tripsacum dactyloides,New York,2025-06-24 9:09:50,2025,6,24,40.769612,-73.971696,https://www.inaturalist.org/observations/292444998,NA,NA,
Tripsacum dactyloides,New York,2025-06-24 9:35:39,2025,6,24,40.769545,-73.971729,https://www.inaturalist.org/observations/292351642,NA,NA,
Tripsacum dactyloides,New York,2025-06-19 14:29:11,2025,6,19,41.632003,-74.20955,https://www.inaturalist.org/observations/291106310,NA,NA,
Tripsacum dactyloides,New York,2025-06-19 14:00:56,2025,6,19,41.635247,-74.21328,https://www.inaturalist.org/observations/291107180,NA,NA,
Tripsacum dactyloides,New York,2022-07-16 3:39:04,2022,7,16,41.638008,-74.209902,https://www.inaturalist.org/observations/127082183,NA,NA,
Tripsacum dactyloides,New York,2024-08-26 17:10:01,2024,8,26,43.113803,-78.401908,https://www.inaturalist.org/observations/238187822,NA,NA,
Tripsacum dactyloides,New York,2024-09-02 16:12:10,2024,9,2,40.863861,-73.79937,https://www.inaturalist.org/observations/239496862,NA,NA,
Tripsacum dactyloides,New York,2024-08-17 11:18:35,2024,8,17,40.572195,-74.154022,https://www.inaturalist.org/observations/236328093,NA,NA,
Tripsacum dactyloides,New York,2024-07-03 12:46,2024,7,3,40.572356,-74.155362,https://www.inaturalist.org/observations/234372106,NA,NA,
Tripsacum dactyloides,New York,2024-07-15 10:22:58,2024,7,15,40.552528,-74.113136,https://www.inaturalist.org/observations/229552311,NA,NA,
Tripsacum dactyloides,New York,2024-07-22 11:22,2024,7,22,40.758897,-73.76067,https://www.inaturalist.org/observations/231107866,NA,NA,
Tripsacum dactyloides,New York,2019-09-28 16:29,2019,9,28,40.890097,-73.895164,https://www.inaturalist.org/observations/33571755,NA,NA,
Tripsacum dactyloides,New York,2024-03-26 11:44:18,2024,3,26,41.260571,-73.583496,https://www.inaturalist.org/observations/204027086,NA,NA,
Tripsacum dactyloides,New York,2019-07-08 15:36:04,2019,7,8,40.890155,-73.895058,https://www.inaturalist.org/observations/28464020,NA,NA,
Tripsacum dactyloides,New York,2023-09-16 10:53:38,2023,9,16,40.993371,-72.371216,https://www.inaturalist.org/observations/183511392,NA,NA,
Tripsacum dactyloides,New York,2023-07-18 11:42:24,2023,7,18,40.77617,-73.970074,https://www.inaturalist.org/observations/173609259,NA,NA,
Tripsacum dactyloides,New York,2023-07-31 17:55,2023,7,31,40.518456,-74.193783,https://www.inaturalist.org/observations/178098032,NA,NA,
Tripsacum dactyloides,New York,2023-08-29 11:36:58,2023,8,29,40.870756,-73.78866,https://www.inaturalist.org/observations/180781420,NA,NA,
Tripsacum dactyloides,New York,2023-08-10 10:14,2023,8,10,40.760474,-73.756776,https://www.inaturalist.org/observations/177709922,NA,NA,
Tripsacum dactyloides,New York,2023-08-06 16:03:52,2023,8,6,41.634563,-74.213792,https://www.inaturalist.org/observations/177104893,NA,NA,
Tripsacum dactyloides,New York,2023-08-06 18:31,2023,8,6,40.88997,-73.895069,https://www.inaturalist.org/observations/177112124,NA,NA,
Tripsacum dactyloides,New York,2023-07-21 17:20:11,2023,7,21,42.86515,-78.819367,https://www.inaturalist.org/observations/174166168,NA,NA,
Tripsacum dactyloides,New York,2023-07-21 17:19:52,2023,7,21,42.865142,-78.81938,https://www.inaturalist.org/observations/174167837,NA,NA,
Tripsacum dactyloides,New York,2023-04-29 12:10:06,2023,4,29,40.87025,-73.78565,https://www.inaturalist.org/observations/157643250,NA,NA,
Tripsacum dactyloides,New York,2023-04-29 12:11:33,2023,4,29,40.870293,-73.785599,https://www.inaturalist.org/observations/157658901,NA,NA,
Tripsacum dactyloides,New York,2022-08-24 9:20:13,2022,8,24,40.956207,-73.128052,https://www.inaturalist.org/observations/132135014,NA,NA,
Tripsacum dactyloides,New York,2022-07-09 11:42,2022,7,9,40.890081,-73.895186,https://www.inaturalist.org/observations/130970888,NA,NA,
Tripsacum dactyloides,New York,2022-08-13 18:28,2022,8,13,40.890032,-73.89511,https://www.inaturalist.org/observations/130741883,NA,NA,
Tripsacum dactyloides,New York,2022-07-31 10:34:13,2022,7,31,41.639511,-74.205566,https://www.inaturalist.org/observations/128799215,NA,NA,
Tripsacum dactyloides,New York,2022-07-29 8:22:30,2022,7,29,41.637771,-74.209881,https://www.inaturalist.org/observations/128438103,NA,NA,
Tripsacum dactyloides,New York,2022-07-29 7:46:03,2022,7,29,41.635412,-74.213204,https://www.inaturalist.org/observations/128434968,NA,NA,
Tripsacum dactyloides,New York,2022-07-15 13:58:30,2022,7,15,40.890058,-73.895204,https://www.inaturalist.org/observations/126406361,NA,NA,
Tripsacum dactyloides,New York,2022-07-24 17:57:44,2022,7,24,41.638215,-74.211626,https://www.inaturalist.org/observations/127777508,NA,NA,
Tripsacum dactyloides,New York,2022-07-08 10:28:13,2022,7,8,40.855037,-73.799862,https://www.inaturalist.org/observations/125311908,NA,NA,
Tripsacum dactyloides,New York,2020-08-24 16:07,2020,8,24,40.890003,-73.89515,https://www.inaturalist.org/observations/57489996,NA,NA,
Tripsacum dactyloides,New York,2020-12-06 13:32,2020,12,6,40.6125,-73.766122,https://www.inaturalist.org/observations/66225633,NA,NA,
Tripsacum dactyloides,New York,2022-06-24 13:04:56,2022,6,24,41.63791,-74.210481,https://www.inaturalist.org/observations/123246151,NA,NA,
Tripsacum dactyloides,New York,2020-07-19 19:40,2020,7,19,40.571259,-74.146854,https://www.inaturalist.org/observations/53696454,NA,NA,
Tripsacum dactyloides,New York,2020-07-24 9:50:04,2020,7,24,40.871485,-73.783968,https://www.inaturalist.org/observations/54201107,NA,NA,
Tripsacum dactyloides,New York,2020-08-24 16:12,2020,8,24,40.889964,-73.895211,https://www.inaturalist.org/observations/57490001,NA,NA,
Tripsacum dactyloides,New York,2020-08-24 16:09,2020,8,24,40.889961,-73.895125,https://www.inaturalist.org/observations/57490000,NA,NA,
Tripsacum dactyloides,New York,2021-09-22 11:04,2021,9,22,43.113719,-78.401886,https://www.inaturalist.org/observations/96238043,NA,NA,
Tripsacum dactyloides,New York,2021-07-05 16:28:42,2021,7,5,41.637072,-74.207297,https://www.inaturalist.org/observations/85820298,NA,NA,
Tripsacum dactyloides,New York,2020-08-24 16:08,2020,8,24,40.889989,-73.895125,https://www.inaturalist.org/observations/57489997,NA,NA,
Tripsacum dactyloides,New York,2021-07-18 16:56,2021,7,18,43.059775,-76.687945,https://www.inaturalist.org/observations/90198961,NA,NA,
Tripsacum dactyloides,New York,2020-08-01 15:20,2020,8,1,43.122314,-78.368649,https://www.inaturalist.org/observations/55145183,NA,NA,
Tripsacum dactyloides,New York,2020-11-14 15:08,2020,11,14,40.762433,-73.752792,https://www.inaturalist.org/observations/64893176,NA,NA,
Tripsacum dactyloides,New York,2019-09-13 11:21:45,2019,9,13,40.871121,-73.788539,https://www.inaturalist.org/observations/32969721,NA,NA,
Tripsacum dactyloides,New York,2019-08-27 10:06,2019,8,27,40.890031,-73.895111,https://www.inaturalist.org/observations/32068459,NA,NA,
Tripsacum dactyloides,New York,2019-08-04 15:42,2019,8,4,40.497294,-74.249848,https://www.inaturalist.org/observations/30907915,NA,NA,
Tripsacum dactyloides,New York,2019-06-06 19:28:07,2019,6,6,40.864161,-73.796196,https://www.inaturalist.org/observations/26523895,NA,NA,
Tripsacum dactyloides,New York,2018-07-26 14:25,2018,7,26,40.889997,-73.895064,https://www.inaturalist.org/observations/14811002,NA,NA,
Tripsacum dactyloides,New York,2018-07-20 19:45:48,2018,7,20,40.956494,-73.127526,https://www.inaturalist.org/observations/14560938,NA,NA,
Tripsacum dactyloides,New York,2018-07-20 19:48:38,2018,7,20,40.956724,-73.127577,https://www.inaturalist.org/observations/14560969,NA,NA,
Tripsacum dactyloides,New York,2018-07-14 20:17,2018,7,14,40.951609,-73.127047,https://www.inaturalist.org/observations/14366869,NA,NA,
Tripsacum dactyloides,New York,2015-06-03 10:33:57,2015,6,3,40.598804,-74.188447,https://www.inaturalist.org/observations/1582879,NA,NA,
Tripsacum dactyloides,New York,2024-07-13 15:17:01,2024,7,13,41.639575,-74.21183,https://www.inaturalist.org/observations/229115113,NA,NA,
Tripsacum dactyloides,New York,2020-09-06 13:51,2020,9,6,43.140486,-76.321851,https://www.inaturalist.org/observations/58800764,NA,NA,
Tripsacum dactyloides,Pennsylvania,2025-09-08 18:36,2025,9,8,41.102897,-76.665353,https://www.inaturalist.org/observations/312592453,NA,NA,
Tripsacum dactyloides,Pennsylvania,2025-08-14 11:36:22,2025,8,14,40.326327,-75.88051,https://www.inaturalist.org/observations/306269070,NA,NA,
Tripsacum dactyloides,Pennsylvania,2024-06-03 18:19:16,2024,6,3,40.083959,-75.45609,https://www.inaturalist.org/observations/316517337,NA,NA,
Tripsacum dactyloides,Pennsylvania,2016-07-28 16:08,2016,7,28,40.175433,-75.268542,https://www.inaturalist.org/observations/329088412,NA,NA,
Tripsacum dactyloides,Pennsylvania,2024-06-09 17:02:51,2024,6,9,40.08393,-75.457495,https://www.inaturalist.org/observations/320200497,NA,NA,
Tripsacum dactyloides,Pennsylvania,2025-08-20 13:22:59,2025,8,20,40.47857,-75.309203,https://www.inaturalist.org/observations/308297482,NA,NA,
Tripsacum dactyloides,Pennsylvania,2025-07-22 17:26:58,2025,7,22,41.107033,-76.668717,https://www.inaturalist.org/observations/300293540,NA,NA,
Tripsacum dactyloides,Pennsylvania,2025-07-23 12:53:56,2025,7,23,40.613731,-79.107969,https://www.inaturalist.org/observations/300592782,NA,NA,
Tripsacum dactyloides,Pennsylvania,2025-08-01 15:46:53,2025,8,1,40.326347,-75.880478,https://www.inaturalist.org/observations/302939373,NA,NA,
Tripsacum dactyloides,Pennsylvania,2025-07-22 17:23:49,2025,7,22,41.105561,-76.668183,https://www.inaturalist.org/observations/300293405,NA,NA,
Tripsacum dactyloides,Pennsylvania,2025-07-02 14:30:57,2025,7,2,42.061148,-80.172778,https://www.inaturalist.org/observations/294651646,NA,NA,
Tripsacum dactyloides,Pennsylvania,2025-07-10 19:30:21,2025,7,10,40.024625,-75.49637,https://www.inaturalist.org/observations/296898387,NA,NA,
Tripsacum dactyloides,Pennsylvania,2024-06-04 20:01,2024,6,4,40.511777,-75.586991,https://www.inaturalist.org/observations/220610071,NA,NA,
Tripsacum dactyloides,Pennsylvania,2025-07-17 15:18:03,2025,7,17,39.87685,-75.270355,https://www.inaturalist.org/observations/298797346,NA,NA,
Tripsacum dactyloides,Pennsylvania,2025-06-26 17:47:10,2025,6,26,42.061087,-80.172908,https://www.inaturalist.org/observations/292979723,NA,NA,
Tripsacum dactyloides,Pennsylvania,2025-06-23 11:06:09,2025,6,23,40.589183,-79.07411,https://www.inaturalist.org/observations/292211274,NA,NA,
Tripsacum dactyloides,Pennsylvania,2023-10-09 13:06:35,2023,10,9,40.796586,-75.624645,https://www.inaturalist.org/observations/186910880,NA,NA,
Tripsacum dactyloides,Pennsylvania,2024-07-01 15:07:45,2024,7,1,40.731172,-75.66081,https://www.inaturalist.org/observations/228324943,NA,NA,
Tripsacum dactyloides,Pennsylvania,2024-07-01 18:36:42,2024,7,1,40.789383,-75.759399,https://www.inaturalist.org/observations/228758423,NA,NA,
Tripsacum dactyloides,Pennsylvania,2024-07-01 14:13:10,2024,7,1,40.614393,-75.681826,https://www.inaturalist.org/observations/228295196,NA,NA,
Tripsacum dactyloides,Pennsylvania,2024-10-20 14:08:35,2024,10,20,39.813521,-76.322613,https://www.inaturalist.org/observations/248312361,NA,NA,
Tripsacum dactyloides,Pennsylvania,2024-09-21 14:51:17,2024,9,21,40.030918,-75.390012,https://www.inaturalist.org/observations/243157963,NA,NA,
Tripsacum dactyloides,Pennsylvania,2024-06-23 16:06:31,2024,6,23,42.060777,-80.17351,https://www.inaturalist.org/observations/224725124,NA,NA,
Tripsacum dactyloides,Pennsylvania,2024-06-12 17:36:36,2024,6,12,39.874516,-76.366428,https://www.inaturalist.org/observations/222347212,NA,NA,
Tripsacum dactyloides,Pennsylvania,2024-06-30 13:54:02,2024,6,30,39.836531,-76.381138,https://www.inaturalist.org/observations/226242363,NA,NA,
Tripsacum dactyloides,Pennsylvania,2024-07-23 19:41:06,2024,7,23,39.983396,-76.722391,https://www.inaturalist.org/observations/231329258,NA,NA,
Tripsacum dactyloides,Pennsylvania,2024-07-11 14:23:56,2024,7,11,41.102853,-76.665262,https://www.inaturalist.org/observations/228714974,NA,NA,
Tripsacum dactyloides,Pennsylvania,2023-06-07 9:56,2023,6,7,41.778681,-79.676577,https://www.inaturalist.org/observations/176883086,NA,NA,
Tripsacum dactyloides,Pennsylvania,2022-08-20 11:10:48,2022,8,20,39.7966,-76.30278,https://www.inaturalist.org/observations/186355143,NA,NA,
Tripsacum dactyloides,Pennsylvania,2023-07-31 12:35:12,2023,7,31,41.102392,-76.663492,https://www.inaturalist.org/observations/175997559,NA,NA,
Tripsacum dactyloides,Pennsylvania,2022-08-05 12:53,2022,8,5,40.011531,-76.283836,https://www.inaturalist.org/observations/190203100,NA,NA,
Tripsacum dactyloides,Pennsylvania,2022-08-05 12:53,2022,8,5,40.011556,-76.283822,https://www.inaturalist.org/observations/190203099,NA,NA,
Tripsacum dactyloides,Pennsylvania,2023-10-15 11:08:23,2023,10,15,39.805015,-76.305224,https://www.inaturalist.org/observations/187639780,NA,NA,
Tripsacum dactyloides,Pennsylvania,2022-09-17 14:12,2022,9,17,39.8051,-76.305372,https://www.inaturalist.org/observations/187546587,NA,NA,
Tripsacum dactyloides,Pennsylvania,2023-07-07 7:38:07,2023,7,7,40.814963,-77.836072,https://www.inaturalist.org/observations/171556222,NA,NA,
Tripsacum dactyloides,Pennsylvania,2023-07-09 8:37:39,2023,7,9,39.995811,-75.463313,https://www.inaturalist.org/observations/171938949,NA,NA,
Tripsacum dactyloides,Pennsylvania,2023-07-19 15:07:48,2023,7,19,41.651463,-80.292799,https://www.inaturalist.org/observations/173816501,NA,NA,
Tripsacum dactyloides,Pennsylvania,2023-07-07 14:45,2023,7,7,39.951564,-75.391342,https://www.inaturalist.org/observations/171661436,NA,NA,
Tripsacum dactyloides,Pennsylvania,2023-06-13 10:38:52,2023,6,13,41.102811,-76.665178,https://www.inaturalist.org/observations/167223054,NA,NA,
Tripsacum dactyloides,Pennsylvania,2022-10-11 13:20,2022,10,11,40.52945,-78.099114,https://www.inaturalist.org/observations/147130403,NA,NA,
Tripsacum dactyloides,Pennsylvania,2021-11-01 9:56,2021,11,1,39.979875,-75.941611,https://www.inaturalist.org/observations/147053497,NA,NA,
Tripsacum dactyloides,Pennsylvania,2022-06-18 8:52,2022,6,18,39.877025,-75.269844,https://www.inaturalist.org/observations/146301019,NA,NA,
Tripsacum dactyloides,Pennsylvania,2022-08-20 11:14,2022,8,20,39.802353,-76.304144,https://www.inaturalist.org/observations/146158287,NA,NA,
Tripsacum dactyloides,Pennsylvania,2022-07-20 11:55:47,2022,7,20,41.486505,-79.102184,https://www.inaturalist.org/observations/127146926,NA,NA,
Tripsacum dactyloides,Pennsylvania,2022-09-17 11:22:19,2022,9,17,40.084269,-75.453969,https://www.inaturalist.org/observations/135382149,NA,NA,
Tripsacum dactyloides,Pennsylvania,2022-07-20 9:31:09,2022,7,20,42.06106,-80.173034,https://www.inaturalist.org/observations/127086882,NA,NA,
Tripsacum dactyloides,Pennsylvania,2020-07-25T13:27:46Z,2020,7,25,40.650308,-76.025054,https://www.inaturalist.org/observations/54263532,NA,NA,
Tripsacum dactyloides,Pennsylvania,2021-09-12 11:44,2021,9,12,39.829742,-76.35588,https://www.inaturalist.org/observations/94994479,NA,NA,
Tripsacum dactyloides,Pennsylvania,2020-10-10 9:25:40,2020,10,10,39.890933,-75.257096,https://www.inaturalist.org/observations/62787736,NA,NA,
Tripsacum dactyloides,Pennsylvania,2021-08-20 15:19:54,2021,8,20,40.271334,-76.249371,https://www.inaturalist.org/observations/91883240,NA,NA,
Tripsacum dactyloides,Pennsylvania,2021-06-05 10:11,2021,6,5,40.13784,-75.078115,https://www.inaturalist.org/observations/81773828,NA,NA,
Tripsacum dactyloides,Pennsylvania,2021-08-17 13:31:16,2021,8,17,40.479553,-75.310617,https://www.inaturalist.org/observations/91551759,NA,NA,
Tripsacum dactyloides,Pennsylvania,2021-06-25 8:02:57,2021,6,25,40.022387,-75.028999,https://www.inaturalist.org/observations/84412407,NA,NA,
Tripsacum dactyloides,Pennsylvania,2014-08-20 9:13,2014,8,20,39.875655,-76.349573,https://www.inaturalist.org/observations/57539366,NA,NA,
Tripsacum dactyloides,Pennsylvania,2014-08-23 12:53,2014,8,23,39.824822,-76.304771,https://www.inaturalist.org/observations/58291189,NA,NA,
Tripsacum dactyloides,Pennsylvania,2014-08-20 10:01,2014,8,20,39.883651,-76.303144,https://www.inaturalist.org/observations/58103571,NA,NA,
Tripsacum dactyloides,Pennsylvania,2019-09-26 9:27:52,2019,9,26,40.084455,-75.45412,https://www.inaturalist.org/observations/33424064,NA,NA,
Tripsacum dactyloides,South Carolina,2025-08-25 15:42:46,2025,8,25,34.613557,-82.858493,https://www.inaturalist.org/observations/329410656,NA,NA,
Tripsacum dactyloides,South Carolina,2025-09-25 10:29:26,2025,9,25,33.112614,-80.191017,https://www.inaturalist.org/observations/317858923,NA,NA,
Tripsacum dactyloides,South Carolina,2025-08-25 15:43:03,2025,8,25,34.597644,-82.825239,https://www.inaturalist.org/observations/309078161,NA,NA,
Tripsacum dactyloides,South Carolina,2025-08-11 10:16,2025,8,11,33.938996,-79.714673,https://www.inaturalist.org/observations/305574876,NA,NA,
Tripsacum dactyloides,South Carolina,2023-06-16 11:53:19,2023,6,16,34.418951,-81.543279,https://www.inaturalist.org/observations/167715741,NA,NA,
Tripsacum dactyloides,South Carolina,2025-07-30 9:54:56,2025,7,30,32.781185,-80.175926,https://www.inaturalist.org/observations/302347932,NA,NA,
Tripsacum dactyloides,South Carolina,2025-07-15 16:07:20,2025,7,15,32.891814,-80.683918,https://www.inaturalist.org/observations/298249179,NA,NA,
Tripsacum dactyloides,South Carolina,2025-07-19 13:45,2025,7,19,32.798424,-80.200485,https://www.inaturalist.org/observations/299986531,NA,NA,
Tripsacum dactyloides,South Carolina,2025-06-13 12:55:33,2025,6,13,34.198025,-79.301346,https://www.inaturalist.org/observations/289301772,NA,NA,
Tripsacum dactyloides,South Carolina,2025-06-07 14:46:53,2025,6,7,33.64084,-80.70822,https://www.inaturalist.org/observations/287658118,NA,NA,
Tripsacum dactyloides,South Carolina,2025-06-07 15:01:21,2025,6,7,32.544997,-80.249267,https://www.inaturalist.org/observations/287689724,NA,NA,
Tripsacum dactyloides,South Carolina,2023-09-30 19:33:24,2023,9,30,34.013084,-81.080842,https://www.inaturalist.org/observations/185659828,NA,NA,
Tripsacum dactyloides,South Carolina,2024-08-08 16:11:14,2024,8,8,32.370755,-80.840858,https://www.inaturalist.org/observations/234577493,NA,NA,
Tripsacum dactyloides,South Carolina,2024-08-10 9:24,2024,8,10,34.241836,-81.324867,https://www.inaturalist.org/observations/235115897,NA,NA,
Tripsacum dactyloides,South Carolina,2024-06-17 16:52:23,2024,6,17,33.505938,-79.293892,https://www.inaturalist.org/observations/223417622,NA,NA,
Tripsacum dactyloides,South Carolina,2024-08-17 11:06,2024,8,17,32.711112,-80.220492,https://www.inaturalist.org/observations/236387573,NA,NA,
Tripsacum dactyloides,South Carolina,2024-07-22 19:05:11,2024,7,22,33.482113,-79.553642,https://www.inaturalist.org/observations/231095895,NA,NA,
Tripsacum dactyloides,South Carolina,2024-06-09 12:52:03,2024,6,9,33.515447,-79.587039,https://www.inaturalist.org/observations/221648821,NA,NA,
Tripsacum dactyloides,South Carolina,2024-06-07 9:50:09,2024,6,7,33.393482,-79.59064,https://www.inaturalist.org/observations/221156593,NA,NA,
Tripsacum dactyloides,South Carolina,2023-07-27 15:36:43,2023,7,27,32.780757,-79.993052,https://www.inaturalist.org/observations/175258174,NA,NA,
Tripsacum dactyloides,South Carolina,2023-06-21 13:07:16,2023,6,21,33.059323,-79.748751,https://www.inaturalist.org/observations/168697745,NA,NA,
Tripsacum dactyloides,South Carolina,2022-06-20 18:40,2022,6,20,32.822811,-81.229667,https://www.inaturalist.org/observations/142009709,NA,NA,
Tripsacum dactyloides,South Carolina,2022-09-21 9:19:57,2022,9,21,32.663688,-80.395325,https://www.inaturalist.org/observations/135960067,NA,NA,
Tripsacum dactyloides,South Carolina,2022-08-13 12:02,2022,8,13,33.126994,-79.584056,https://www.inaturalist.org/observations/130774033,NA,NA,
Tripsacum dactyloides,South Carolina,2022-07-18 11:27:53,2022,7,18,33.040768,-79.593886,https://www.inaturalist.org/observations/126823481,NA,NA,
Tripsacum dactyloides,South Carolina,2020-07-22 9:37,2020,7,22,32.895784,-80.050647,https://www.inaturalist.org/observations/120088280,NA,NA,
Tripsacum dactyloides,South Carolina,2021-09-30 10:45:43,2021,9,30,32.560469,-80.785289,https://www.inaturalist.org/observations/96687949,NA,NA,
Tripsacum dactyloides,South Carolina,2021-06-09 19:14:59,2021,6,9,34.670708,-82.825553,https://www.inaturalist.org/observations/82358958,NA,NA,
Tripsacum dactyloides,South Carolina,2021-08-14 10:19:52,2021,8,14,32.608897,-80.819658,https://www.inaturalist.org/observations/91117831,NA,NA,
Tripsacum dactyloides,South Carolina,2017-05-18 14:02,2017,5,18,34.429328,-81.620017,https://www.inaturalist.org/observations/6268223,NA,NA,
Tripsacum dactyloides,South Carolina,2017-07-08 8:28,2017,7,8,32.680802,-80.350603,https://www.inaturalist.org/observations/6991877,NA,NA,
Tripsacum dactyloides,South Carolina,2021-08-28 13:58,2021,8,28,34.110268,-81.12149,https://www.inaturalist.org/observations/97206850,NA,NA,
Tripsacum dactyloides,South Carolina,2021-10-02 12:10,2021,10,2,33.246905,-79.585514,https://www.inaturalist.org/observations/97215363,NA,NA,
Tripsacum dactyloides,South Carolina,2021-09-16 13:55,2021,9,16,32.794421,-80.100756,https://www.inaturalist.org/observations/95437293,NA,NA,
Tripsacum dactyloides,South Carolina,2016-09-26 10:23,2016,9,26,32.717986,-80.268517,https://www.inaturalist.org/observations/4274070,NA,NA,
Tripsacum dactyloides,South Carolina,2021-07-13 10:29:11,2021,7,13,34.590697,-81.411462,https://www.inaturalist.org/observations/86924839,NA,NA,
Tripsacum dactyloides,South Carolina,2021-06-04 11:49:35,2021,6,4,34.670912,-82.825795,https://www.inaturalist.org/observations/81730188,NA,NA,
Tripsacum dactyloides,South Carolina,2021-07-23 11:30,2021,7,23,34.144951,-82.006207,https://www.inaturalist.org/observations/88553996,NA,NA,
Tripsacum dactyloides,South Carolina,2021-06-26 13:29:36,2021,6,26,35.143833,-81.406997,https://www.inaturalist.org/observations/84978389,NA,NA,
Tripsacum dactyloides,South Carolina,2021-07-11T09:33Z,2021,7,11,34.0491,-81.170547,https://www.inaturalist.org/observations/86620769,NA,NA,
Tripsacum dactyloides,South Carolina,7/5/21,2021,7,5,34.864626,-81.185457,https://www.inaturalist.org/observations/85958172,NA,NA,
Tripsacum dactyloides,South Carolina,2021-06-20 7:20,2021,6,20,33.061755,-79.690399,https://www.inaturalist.org/observations/84071475,NA,NA,
Tripsacum dactyloides,South Carolina,2021-06-19 9:25,2021,6,19,32.636329,-80.382567,https://www.inaturalist.org/observations/83667533,NA,NA,
Tripsacum dactyloides,South Carolina,2021-06-10 16:21:24,2021,6,10,33.153331,-79.504937,https://www.inaturalist.org/observations/82534344,NA,NA,
Tripsacum dactyloides,South Carolina,2021-06-09 11:43:51,2021,6,9,34.665846,-82.817761,https://www.inaturalist.org/observations/82302636,NA,NA,
Tripsacum dactyloides,South Carolina,2021-06-10 14:12:17,2021,6,10,34.670542,-82.825547,https://www.inaturalist.org/observations/82449825,NA,NA,
Tripsacum dactyloides,South Carolina,2016-06-19 16:03,2016,6,19,34.150944,-82.007861,https://www.inaturalist.org/observations/6142989,NA,NA,
Tripsacum dactyloides,South Carolina,2021-06-10 8:45:47,2021,6,10,34.670435,-82.825974,https://www.inaturalist.org/observations/82412485,NA,NA,
Tripsacum dactyloides,South Carolina,2020-10-16 16:27:13,2020,10,16,34.771953,-81.10968,https://www.inaturalist.org/observations/62734622,NA,NA,
Tripsacum dactyloides,South Carolina,2020-10-16 16:35:51,2020,10,16,34.771912,-81.109642,https://www.inaturalist.org/observations/62734799,NA,NA,
Tripsacum dactyloides,South Carolina,2020-07-16 16:55:03,2020,7,16,34.772012,-81.109597,https://www.inaturalist.org/observations/53332389,NA,NA,
Tripsacum dactyloides,South Carolina,2020-06-06 10:19:36,2020,6,6,32.994964,-80.197279,https://www.inaturalist.org/observations/48651123,NA,NA,
Tripsacum dactyloides,South Carolina,2014-09-04 10:06:18,2014,9,4,33.007672,-80.178609,https://www.inaturalist.org/observations/861660,NA,NA,
Tripsacum dactyloides,South Carolina,2017-05-31 10:35,2017,5,31,32.566649,-80.181103,https://www.inaturalist.org/observations/6448939,NA,NA,
Tripsacum dactyloides,South Carolina,2017-05-31 10:36:17,2017,5,31,32.566572,-80.180788,https://www.inaturalist.org/observations/6446566,NA,NA,
Tripsacum dactyloides,South Carolina,2024-06-05 16:42:41,2024,6,5,32.52227,-80.398812,https://www.inaturalist.org/observations/220769649,NA,NA,
Tripsacum dactyloides,Kentucky,2025-06-26 12:11:53,2025,6,26,37.640592,-84.205099,https://www.inaturalist.org/observations/292970472,NA,NA,
Tripsacum dactyloides,Kentucky,2025-07-10 10:50:58,2025,7,10,38.010878,-84.505353,https://www.inaturalist.org/observations/296774092,NA,NA,
Tripsacum dactyloides,Kentucky,2025-06-29 11:29:36,2025,6,29,38.133148,-85.521278,https://www.inaturalist.org/observations/293761350,NA,NA,
Tripsacum dactyloides,Kentucky,2025-05-31 14:11:34,2025,5,31,36.903204,-88.038925,https://www.inaturalist.org/observations/286049155,NA,NA,
Tripsacum dactyloides,Kentucky,2025-06-01 9:57:19,2025,6,1,36.783896,-88.066692,https://www.inaturalist.org/observations/286113115,NA,NA,
Tripsacum dactyloides,Kentucky,2019-07-06 14:31:20,2019,7,6,36.857105,-88.066315,https://www.inaturalist.org/observations/327860214,NA,NA,
Tripsacum dactyloides,Kentucky,2025-07-24 18:17:40,2025,7,24,36.901205,-86.105164,https://www.inaturalist.org/observations/300808447,NA,NA,
Tripsacum dactyloides,Kentucky,2025-06-10 18:15:43,2025,6,10,36.935902,-88.503175,https://www.inaturalist.org/observations/290437298,NA,NA,
Tripsacum dactyloides,Kentucky,2023-08-16 13:24,2023,8,16,37.186542,-86.101453,https://www.inaturalist.org/observations/178747025,NA,NA,
Tripsacum dactyloides,Kentucky,2023-06-01 20:03:56,2023,6,1,37.658876,-86.413518,https://www.inaturalist.org/observations/165066845,NA,NA,
Tripsacum dactyloides,Kentucky,2024-06-18 9:57:44,2024,6,18,37.127153,-88.817612,https://www.inaturalist.org/observations/223561006,NA,NA,
Tripsacum dactyloides,Kentucky,2024-07-31 15:08:53,2024,7,31,36.917562,-87.173562,https://www.inaturalist.org/observations/235414130,NA,NA,
Tripsacum dactyloides,Kentucky,2024-07-31 15:27,2024,7,31,36.917742,-87.173647,https://www.inaturalist.org/observations/233019002,NA,NA,
Tripsacum dactyloides,Kentucky,2024-07-29 14:50,2024,7,29,36.949581,-88.195392,https://www.inaturalist.org/observations/232614426,NA,NA,
Tripsacum dactyloides,Kentucky,2024-05-15 14:56,2024,5,15,36.784098,-88.067614,https://www.inaturalist.org/observations/215975374,NA,NA,
Tripsacum dactyloides,Kentucky,2023-05-24 7:28,2023,5,24,36.78384,-88.067678,https://www.inaturalist.org/observations/163542033,NA,NA,
Tripsacum dactyloides,Kentucky,2023-12-21 16:41,2023,12,21,36.936224,-88.166967,https://www.inaturalist.org/observations/195126030,NA,NA,
Tripsacum dactyloides,Kentucky,2023-07-26 10:24:54,2023,7,26,37.561819,-84.290858,https://www.inaturalist.org/observations/175040283,NA,NA,
Tripsacum dactyloides,Kentucky,2023-06-12 7:36,2023,6,12,36.902491,-88.038985,https://www.inaturalist.org/observations/167072952,NA,NA,
Tripsacum dactyloides,Kentucky,2023-06-12 10:52:11,2023,6,12,37.14077,-88.794717,https://www.inaturalist.org/observations/167115671,NA,NA,
Tripsacum dactyloides,Kentucky,2023-08-04 14:18:24,2023,8,4,37.550797,-84.24112,https://www.inaturalist.org/observations/176768580,NA,NA,
Tripsacum dactyloides,Kentucky,2023-07-25 13:49:03,2023,7,25,36.85308,-88.330405,https://www.inaturalist.org/observations/176167152,NA,NA,
Tripsacum dactyloides,Kentucky,2023-07-05 10:16,2023,7,5,37.127186,-88.806343,https://www.inaturalist.org/observations/171827582,NA,NA,
Tripsacum dactyloides,Kentucky,2017-05-23 15:24,2017,5,23,36.851627,-86.914718,https://www.inaturalist.org/observations/154804614,NA,NA,
Tripsacum dactyloides,Kentucky,2022-09-23 10:24:30,2022,9,23,36.774744,-88.106327,https://www.inaturalist.org/observations/136169306,NA,NA,
Tripsacum dactyloides,Kentucky,7/28/22,2022,7,28,36.783692,-88.067522,https://www.inaturalist.org/observations/132098161,NA,NA,
Tripsacum dactyloides,Kentucky,2022-08-18 15:53:02,2022,8,18,37.117281,-88.788755,https://www.inaturalist.org/observations/131378636,NA,NA,
Tripsacum dactyloides,Kentucky,2022-08-25 14:12:35,2022,8,25,36.774825,-88.104695,https://www.inaturalist.org/observations/132351627,NA,NA,
Tripsacum dactyloides,Kentucky,2022-07-26 9:50:19,2022,7,26,36.746562,-88.080527,https://www.inaturalist.org/observations/128077020,NA,NA,
Tripsacum dactyloides,Kentucky,2022-06-04 12:17,2022,6,4,37.117219,-88.788701,https://www.inaturalist.org/observations/120186635,NA,NA,
Tripsacum dactyloides,Kentucky,2020-09-30 18:32:56,2020,9,30,36.924078,-84.200524,https://www.inaturalist.org/observations/62289488,NA,NA,
Tripsacum dactyloides,Kentucky,2021-09-27 15:01:07,2021,9,27,36.903116,-88.038317,https://www.inaturalist.org/observations/96679175,NA,NA,
Tripsacum dactyloides,Kentucky,2021-07-24 12:41,2021,7,24,36.783387,-88.066975,https://www.inaturalist.org/observations/88441644,NA,NA,
Tripsacum dactyloides,Kentucky,2019-06-25 17:10:55,2019,6,25,36.784758,-88.044328,https://www.inaturalist.org/observations/27748304,NA,NA,
Tripsacum dactyloides,Kentucky,2021-06-24 11:14:22,2021,6,24,38.219637,-85.478847,https://www.inaturalist.org/observations/85672253,NA,NA,
Tripsacum dactyloides,Kentucky,2019-06-25 17:09:25,2019,6,25,36.78462,-88.044464,https://www.inaturalist.org/observations/27748478,NA,NA,
Tripsacum dactyloides,Kentucky,2021-07-04 9:15:03,2021,7,4,36.911049,-83.517966,https://www.inaturalist.org/observations/88451637,NA,NA,
Tripsacum dactyloides,Kentucky,2021-06-21T08:45:10Z,2021,6,21,37.14323,-88.795827,https://www.inaturalist.org/observations/83930613,NA,NA,
Tripsacum dactyloides,Kentucky,2020-07-10 14:51:06,2020,7,10,37.136489,-88.811195,https://www.inaturalist.org/observations/52613431,NA,NA,
Tripsacum dactyloides,Kentucky,2019-07-24 16:00,2019,7,24,36.832097,-88.082267,https://www.inaturalist.org/observations/31364598,NA,NA,
Tripsacum dactyloides,Kentucky,2019-08-08 8:09,2019,8,8,36.787525,-88.050858,https://www.inaturalist.org/observations/31287374,NA,NA,
Tripsacum dactyloides,Kentucky,2019-06-23 8:09:37,2019,6,23,36.783895,-88.066489,https://www.inaturalist.org/observations/27903618,NA,NA,
Tripsacum dactyloides,Kentucky,2019-06-14 10:35,2019,6,14,37.439753,-85.36025,https://www.inaturalist.org/observations/27223246,NA,NA,
Tripsacum dactyloides,Kentucky,2019-06-23 7:09:19,2019,6,23,36.783928,-88.066483,https://www.inaturalist.org/observations/27544716,NA,NA,
Tripsacum dactyloides,Louisiana,2013-06-25 8:54:04,2013,6,25,32.435762,-91.98772,https://www.inaturalist.org/observations/311640,NA,NA,
Tripsacum dactyloides,Louisiana,2025-10-02 10:11,2025,10,2,32.44258,-93.680753,https://www.inaturalist.org/observations/318323412,NA,NA,
Tripsacum dactyloides,Louisiana,2025-06-23 13:07:47,2025,6,23,31.748071,-93.105344,https://www.inaturalist.org/observations/292154009,NA,NA,
Tripsacum dactyloides,Louisiana,2025-06-06 16:16:50,2025,6,6,31.753743,-93.09899,https://www.inaturalist.org/observations/287419174,NA,NA,
Tripsacum dactyloides,Louisiana,2025-05-13 10:21:49,2025,5,13,29.973998,-93.088287,https://www.inaturalist.org/observations/280797140,NA,NA,
Tripsacum dactyloides,Louisiana,2025-05-02 10:11:36,2025,5,2,31.753717,-93.098992,https://www.inaturalist.org/observations/277747990,NA,NA,
Tripsacum dactyloides,Louisiana,2025-04-25 14:40:37,2025,4,25,30.216507,-92.959379,https://www.inaturalist.org/observations/273321530,NA,NA,
Tripsacum dactyloides,Louisiana,2023-04-23 11:43:12,2023,4,23,30.216649,-92.959128,https://www.inaturalist.org/observations/156259157,NA,NA,
Tripsacum dactyloides,Louisiana,2018-01-06 13:52,2018,1,6,32.533466,-93.86903,https://www.inaturalist.org/observations/239117682,NA,NA,
Tripsacum dactyloides,Louisiana,2024-06-18 18:03:26,2024,6,18,32.55932,-92.685543,https://www.inaturalist.org/observations/223644675,NA,NA,
Tripsacum dactyloides,Louisiana,2024-05-21 9:18:19,2024,5,21,29.89149,-91.76016,https://www.inaturalist.org/observations/217288504,NA,NA,
Tripsacum dactyloides,Louisiana,2023-09-26 9:48,2023,9,26,32.514461,-93.590278,https://www.inaturalist.org/observations/214456168,NA,NA,
Tripsacum dactyloides,Louisiana,2024-04-26 12:23:54,2024,4,26,30.356308,-91.094822,https://www.inaturalist.org/observations/209935471,NA,NA,
Tripsacum dactyloides,Louisiana,2023-07-12 8:19:51,2023,7,12,31.130319,-93.153918,https://www.inaturalist.org/observations/172503298,NA,NA,
Tripsacum dactyloides,Louisiana,2023-05-22 18:27,2023,5,22,32.61404,-93.733078,https://www.inaturalist.org/observations/163218741,NA,NA,
Tripsacum dactyloides,Louisiana,2022-10-08 9:50:36,2022,10,8,31.748186,-93.105207,https://www.inaturalist.org/observations/138127499,NA,NA,
Tripsacum dactyloides,Louisiana,2022-09-19 12:51:50,2022,9,19,32.480841,-91.969233,https://www.inaturalist.org/observations/135941620,NA,NA,
Tripsacum dactyloides,Louisiana,2022-08-13 14:38:53,2022,8,13,30.35647,-91.094689,https://www.inaturalist.org/observations/130690051,NA,NA,
Tripsacum dactyloides,Louisiana,2022-04-28 8:31:53,2022,4,28,31.748172,-93.105361,https://www.inaturalist.org/observations/113535861,NA,NA,
Tripsacum dactyloides,Louisiana,2022-05-12 13:04:46,2022,5,12,29.976267,-90.124106,https://www.inaturalist.org/observations/116723540,NA,NA,
Tripsacum dactyloides,Louisiana,2022-04-22 12:28:01,2022,4,22,31.753617,-93.098902,https://www.inaturalist.org/observations/112413813,NA,NA,
Tripsacum dactyloides,Louisiana,2022-07-26 11:27:35,2022,7,26,30.48143,-91.133388,https://www.inaturalist.org/observations/129124826,NA,NA,
Tripsacum dactyloides,Louisiana,2022-07-27 9:23:47,2022,7,27,30.665638,-93.022019,https://www.inaturalist.org/observations/128927146,NA,NA,
Tripsacum dactyloides,Louisiana,2022-07-03 12:40:13,2022,7,3,31.747909,-93.10538,https://www.inaturalist.org/observations/124590594,NA,NA,
Tripsacum dactyloides,Louisiana,2022-04-29 10:46:15,2022,4,29,31.748172,-93.105276,https://www.inaturalist.org/observations/113440303,NA,NA,
Tripsacum dactyloides,Louisiana,2018-04-28 8:39,2018,4,28,30.35772,-91.094721,https://www.inaturalist.org/observations/11655901,NA,NA,
Tripsacum dactyloides,Louisiana,2014-06-14 8:52,2014,6,14,31.747865,-93.105404,https://www.inaturalist.org/observations/107532212,NA,NA,
Tripsacum dactyloides,Louisiana,2020-08-01 10:12:53,2020,8,1,29.890663,-91.75917,https://www.inaturalist.org/observations/55050805,NA,NA,
Tripsacum dactyloides,Louisiana,2019-06-02 16:31:47,2019,6,2,30.656108,-93.209955,https://www.inaturalist.org/observations/26282475,NA,NA,
Tripsacum dactyloides,Louisiana,2014-05-24 13:52:08,2014,5,24,32.605886,-92.051475,https://www.inaturalist.org/observations/702063,NA,NA,
Tripsacum dactyloides,Louisiana,2017-04-22 11:06:48,2017,4,22,30.345247,-91.002386,https://www.inaturalist.org/observations/5910317,NA,NA,
Tripsacum dactyloides,Louisiana,2019-07-20 8:53:56,2019,7,20,30.943203,-93.048545,https://www.inaturalist.org/observations/29203527,NA,NA,
Tripsacum dactyloides,Louisiana,2021-05-12 20:11:35,2021,5,12,32.532003,-92.474022,https://www.inaturalist.org/observations/78521775,NA,NA,
Tripsacum dactyloides,Louisiana,2019-07-20 8:50:50,2019,7,20,30.943105,-93.048554,https://www.inaturalist.org/observations/29203406,NA,NA,
Tripsacum dactyloides,Louisiana,2020-07-22 12:42,2020,7,22,30.10271,-92.022275,https://www.inaturalist.org/observations/56857518,NA,NA,
Tripsacum dactyloides,Louisiana,2020-07-12 10:04,2020,7,12,30.658448,-92.007521,https://www.inaturalist.org/observations/56798364,NA,NA,
Tripsacum dactyloides,Louisiana,2020-06-01 17:10,2020,6,1,30.348438,-90.034674,https://www.inaturalist.org/observations/48275034,NA,NA,
Tripsacum dactyloides,Louisiana,2020-06-01 17:13,2020,6,1,30.349045,-90.036174,https://www.inaturalist.org/observations/48275065,NA,NA,
Tripsacum dactyloides,Louisiana,2019-09-27 16:22:46,2019,9,27,30.1024,-92.022003,https://www.inaturalist.org/observations/33624700,NA,NA,
Tripsacum dactyloides,Louisiana,2017-04-19 14:28:50,2017,4,19,32.605401,-92.051871,https://www.inaturalist.org/observations/5890218,NA,NA,
Tripsacum dactyloides,Louisiana,2018-06-07 17:44:15,2018,6,7,30.692664,-92.476892,https://www.inaturalist.org/observations/13239282,NA,NA,
Tripsacum dactyloides,Louisiana,2018-04-27 14:50:01,2018,4,27,30.216468,-92.959642,https://www.inaturalist.org/observations/11531762,NA,NA,
Tripsacum dactyloides,Louisiana,2025-11-04 16:28:55,2025,11,4,32.605699,-92.051754,https://www.inaturalist.org/observations/325056702,NA,NA,
Tripsacum dactyloides,Oklahoma,2025-10-25 14:48:51,2025,10,25,36.125317,-95.985863,https://www.inaturalist.org/observations/323314353,NA,NA,
Tripsacum dactyloides,Oklahoma,2025-05-17 11:11:46,2025,5,17,36.125245,-95.985922,https://www.inaturalist.org/observations/282416887,NA,NA,
Tripsacum dactyloides,Oklahoma,2024-05-21 15:50:44,2024,5,21,36.557801,-95.938101,https://www.inaturalist.org/observations/220178390,NA,NA,
Tripsacum dactyloides,Oklahoma,2023-06-09 7:23:59,2023,6,9,35.632743,-95.605437,https://www.inaturalist.org/observations/166399187,NA,NA,
Tripsacum dactyloides,Oklahoma,2025-06-11 9:50:59,2025,6,11,35.941662,-97.844963,https://www.inaturalist.org/observations/288822102,NA,NA,
Tripsacum dactyloides,Oklahoma,2025-06-04 19:02:15,2025,6,4,35.606287,-97.60704,https://www.inaturalist.org/observations/287130821,NA,NA,
Tripsacum dactyloides,Oklahoma,2025-05-13 19:40,2025,5,13,35.785951,-95.584976,https://www.inaturalist.org/observations/280952068,NA,NA,
Tripsacum dactyloides,Oklahoma,2024-10-07 11:28:04,2024,10,7,35.7403,-95.602347,https://www.inaturalist.org/observations/248108159,NA,NA,
Tripsacum dactyloides,Oklahoma,2024-09-28 19:00:09,2024,9,28,33.924572,-95.454933,https://www.inaturalist.org/observations/246467959,NA,NA,
Tripsacum dactyloides,Oklahoma,2024-09-29 9:47:58,2024,9,29,34.041458,-95.625113,https://www.inaturalist.org/observations/246594312,NA,NA,
Tripsacum dactyloides,Oklahoma,2024-09-28 10:03:30,2024,9,28,35.175737,-94.498938,https://www.inaturalist.org/observations/245553381,NA,NA,
Tripsacum dactyloides,Oklahoma,2023-05-19 12:22:36,2023,5,19,34.704135,-98.625446,https://www.inaturalist.org/observations/228458354,NA,NA,
Tripsacum dactyloides,Oklahoma,2023-05-28 14:10:21,2023,5,28,36.454185,-99.300993,https://www.inaturalist.org/observations/164266817,NA,NA,
Tripsacum dactyloides,Oklahoma,2023-05-29 7:05,2023,5,29,36.224656,-95.901952,https://www.inaturalist.org/observations/164579293,NA,NA,
Tripsacum dactyloides,Oklahoma,2023-05-30 12:29:56,2023,5,30,33.86648,-94.738605,https://www.inaturalist.org/observations/164663205,NA,NA,
Tripsacum dactyloides,Oklahoma,2023-05-29 14:34,2023,5,29,36.206049,-96.057997,https://www.inaturalist.org/observations/164523312,NA,NA,
Tripsacum dactyloides,Oklahoma,2021-07-04T18:19:37Z,2021,7,4,36.845321,-96.4203,https://www.inaturalist.org/observations/85707835,NA,NA,
Tripsacum dactyloides,Oklahoma,2023-06-18 8:11:28,2023,6,18,36.788567,-98.189562,https://www.inaturalist.org/observations/168132683,NA,NA,
Tripsacum dactyloides,Oklahoma,2023-06-04 17:19:34,2023,6,4,36.225158,-95.90153,https://www.inaturalist.org/observations/166884814,NA,NA,
Tripsacum dactyloides,Oklahoma,2023-05-26 11:59,2023,5,26,36.034321,-94.808294,https://www.inaturalist.org/observations/166840755,NA,NA,
Tripsacum dactyloides,Oklahoma,2023-05-23 13:22:49,2023,5,23,36.099899,-97.08075,https://www.inaturalist.org/observations/163350280,NA,NA,
Tripsacum dactyloides,Oklahoma,2023-05-16 15:37:21,2023,5,16,34.979671,-95.361351,https://www.inaturalist.org/observations/162032026,NA,NA,
Tripsacum dactyloides,Oklahoma,2023-05-12 12:37:50,2023,5,12,34.829611,-95.961617,https://www.inaturalist.org/observations/161269769,NA,NA,
Tripsacum dactyloides,Oklahoma,2022-10-15 6:07:41,2022,10,15,36.22342,-95.903005,https://www.inaturalist.org/observations/139392031,NA,NA,
Tripsacum dactyloides,Oklahoma,2022-09-23 16:23:17,2022,9,23,36.204397,-95.067628,https://www.inaturalist.org/observations/136209661,NA,NA,
Tripsacum dactyloides,Oklahoma,2022-05-29 10:42:49,2022,5,29,36.053251,-95.966892,https://www.inaturalist.org/observations/119254876,NA,NA,
Tripsacum dactyloides,Oklahoma,2021-10-03T10:27:32Z,2021,10,3,36.423968,-99.403498,https://www.inaturalist.org/observations/97025199,NA,NA,
Tripsacum dactyloides,Oklahoma,2019-05-11 14:57:51,2019,5,11,36.11995,-97.101822,https://www.inaturalist.org/observations/24960530,NA,NA,
Tripsacum dactyloides,Oklahoma,2021-08-06 11:06,2021,8,6,33.947752,-96.147146,https://www.inaturalist.org/observations/90214743,NA,NA,
Tripsacum dactyloides,Oklahoma,7/2/21,2021,7,2,34.988263,-95.354508,https://www.inaturalist.org/observations/87663709,NA,NA,
Tripsacum dactyloides,Oklahoma,2021-06-23 15:52:44,2021,6,23,36.454237,-99.300992,https://www.inaturalist.org/observations/84226606,NA,NA,
Tripsacum dactyloides,Oklahoma,2021-06-23 11:53,2021,6,23,36.366563,-96.811405,https://www.inaturalist.org/observations/84513895,NA,NA,
Tripsacum dactyloides,Oklahoma,2021-06-13 7:15:28,2021,6,13,36.11143,-95.828628,https://www.inaturalist.org/observations/82826037,NA,NA,
Tripsacum dactyloides,Oklahoma,2019-05-30T09:40Z,2019,5,30,36.848086,-96.421556,https://www.inaturalist.org/observations/71046850,NA,NA,
Tripsacum dactyloides,Oklahoma,2019-05-31T13:30Z,2019,5,31,36.846539,-96.436736,https://www.inaturalist.org/observations/71046556,NA,NA,
Tripsacum dactyloides,Oklahoma,2019-05-30T09:39Z,2019,5,30,36.848061,-96.421569,https://www.inaturalist.org/observations/71046848,NA,NA,
Tripsacum dactyloides,Oklahoma,2019-09-21 12:30,2019,9,21,36.844872,-96.42672,https://www.inaturalist.org/observations/34456039,NA,NA,
Tripsacum dactyloides,Oklahoma,2019-06-15 12:39,2019,6,15,36.84701,-96.432067,https://www.inaturalist.org/observations/28360149,NA,NA,
Tripsacum dactyloides,Oklahoma,2022-05-26 13:35:59,2022,5,26,36.224931,-95.902693,https://www.inaturalist.org/observations/125208980,NA,NA,
Tripsacum dactyloides,Oklahoma,2021-07-15T20:05:57Z,2021,7,15,36.014838,-98.813609,https://www.inaturalist.org/observations/87216566,NA,NA,
Tripsacum dactyloides,Oklahoma,2020-10-03T10:52Z,2020,10,3,36.224628,-95.901925,https://www.inaturalist.org/observations/61632115,NA,NA,
Tripsacum dactyloides,Nebraska,2025-11-19 9:45:36,2025,11,19,40.93486,-96.178557,https://www.inaturalist.org/observations/332050498,NA,NA,
Tripsacum dactyloides,Nebraska,2025-09-06 16:32:42,2025,9,6,40.705486,-96.907922,https://www.inaturalist.org/observations/312040294,NA,NA,
Tripsacum dactyloides,Nebraska,2025-07-09 13:31:03,2025,7,9,41.183884,-96.152519,https://www.inaturalist.org/observations/296583955,NA,NA,
Tripsacum dactyloides,Nebraska,2025-06-22 11:51,2025,6,22,40.152287,-95.539171,https://www.inaturalist.org/observations/293027166,NA,NA,
Tripsacum dactyloides,Nebraska,2025-06-13 14:23:07,2025,6,13,40.756796,-96.719246,https://www.inaturalist.org/observations/289342533,NA,NA,
Tripsacum dactyloides,Nebraska,2025-06-18 7:16:09,2025,6,18,41.171971,-95.890931,https://www.inaturalist.org/observations/290646062,NA,NA,
Tripsacum dactyloides,Nebraska,2016-08-13 7:50:19,2016,8,13,40.797281,-96.763123,https://www.inaturalist.org/observations/3873521,NA,NA,
Tripsacum dactyloides,Nebraska,2024-06-01 13:35:04,2024,6,1,41.31128,-96.123414,https://www.inaturalist.org/observations/219885096,NA,NA,
Tripsacum dactyloides,Nebraska,2024-09-20 10:39:41,2024,9,20,40.871013,-97.463783,https://www.inaturalist.org/observations/242918476,NA,NA,
Tripsacum dactyloides,Nebraska,2024-06-25 12:13:56,2024,6,25,41.016025,-96.641137,https://www.inaturalist.org/observations/225146091,NA,NA,
Tripsacum dactyloides,Nebraska,2024-07-04 12:02:11,2024,7,4,40.407299,-96.222772,https://www.inaturalist.org/observations/227128465,NA,NA,
Tripsacum dactyloides,Nebraska,2024-06-22 20:09:20,2024,6,22,40.023747,-96.067821,https://www.inaturalist.org/observations/224693969,NA,NA,
Tripsacum dactyloides,Nebraska,2024-06-22 8:38:39,2024,6,22,40.825603,-96.729783,https://www.inaturalist.org/observations/224484931,NA,NA,
Tripsacum dactyloides,Nebraska,2024-06-14 17:22:57,2024,6,14,41.233905,-96.362205,https://www.inaturalist.org/observations/222766075,NA,NA,
Tripsacum dactyloides,Nebraska,2024-06-15 14:23:07,2024,6,15,41.310147,-96.136405,https://www.inaturalist.org/observations/222994867,NA,NA,
Tripsacum dactyloides,Nebraska,2023-06-03 8:34:21,2023,6,3,40.86325,-96.787791,https://www.inaturalist.org/observations/165305335,NA,NA,
Tripsacum dactyloides,Nebraska,2023-07-24 13:56:23,2023,7,24,40.674738,-98.84733,https://www.inaturalist.org/observations/174732709,NA,NA,
Tripsacum dactyloides,Nebraska,2023-07-08 18:00:57,2023,7,8,41.183594,-95.911133,https://www.inaturalist.org/observations/171847184,NA,NA,
Tripsacum dactyloides,Nebraska,2023-07-10 10:20:59,2023,7,10,41.220683,-95.940103,https://www.inaturalist.org/observations/172168688,NA,NA,
Tripsacum dactyloides,Nebraska,2023-07-10 10:14:33,2023,7,10,41.220638,-95.940033,https://www.inaturalist.org/observations/172167957,NA,NA,
Tripsacum dactyloides,Nebraska,6/4/23,2023,6,4,41.171627,-95.890603,https://www.inaturalist.org/observations/165578565,NA,NA,
Tripsacum dactyloides,Nebraska,2021-07-02 8:16:33,2021,7,2,41.148578,-95.967918,https://www.inaturalist.org/observations/85331004,NA,NA,
Tripsacum dactyloides,Nebraska,2022-06-26 20:12:49,2022,6,26,40.772626,-96.7804,https://www.inaturalist.org/observations/123632176,NA,NA,
Tripsacum dactyloides,Nebraska,2020-07-07 12:24,2020,7,7,41.179753,-95.917833,https://www.inaturalist.org/observations/52324328,NA,NA,
Tripsacum dactyloides,Nebraska,2020-06-18 18:03:43,2020,6,18,40.118765,-96.032444,https://www.inaturalist.org/observations/50100422,NA,NA,
Tripsacum dactyloides,Nebraska,2020-06-21T10:22:45Z,2020,6,21,40.822775,-96.73003,https://www.inaturalist.org/observations/50420615,NA,NA,
Tripsacum dactyloides,Nebraska,2019-06-19T19:00:48Z,2019,6,19,41.268885,-96.828868,https://www.inaturalist.org/observations/27296404,NA,NA,
Tripsacum dactyloides,Nebraska,2024-07-07 12:44:45,2024,7,7,41.266208,-96.176774,https://www.inaturalist.org/observations/227853619,NA,NA,
Tripsacum dactyloides,New Jersey,2024-08-09 12:11:34,2024,8,9,38.948478,-74.920967,https://www.inaturalist.org/observations/298338974,NA,NA,
Tripsacum dactyloides,New Jersey,2024-07-13 14:12:45,2024,7,13,39.604756,-75.193087,https://www.inaturalist.org/observations/229083166,NA,NA,
Tripsacum dactyloides,New Jersey,2024-07-11 14:12:01,2024,7,11,39.68977,-74.214478,https://www.inaturalist.org/observations/228862201,NA,NA,
Tripsacum dactyloides,New Jersey,2024-07-29 16:51:23,2024,7,29,39.117625,-74.810678,https://www.inaturalist.org/observations/232609588,NA,NA,
Tripsacum dactyloides,New Jersey,2024-06-21 10:03:45,2024,6,21,40.70897,-74.502953,https://www.inaturalist.org/observations/224255810,NA,NA,
Tripsacum dactyloides,New Jersey,2021-07-11 13:00:37,2021,7,11,40.318835,-74.74423,https://www.inaturalist.org/observations/86752105,NA,NA,
Tripsacum dactyloides,New Jersey,2018-01-01 12:39,2018,1,1,39.263422,-75.123619,https://www.inaturalist.org/observations/197060891,NA,NA,
Tripsacum dactyloides,New Jersey,2023-07-02 14:47:09,2023,7,2,40.873355,-73.966942,https://www.inaturalist.org/observations/170707455,NA,NA,
Tripsacum dactyloides,New Jersey,2020-06-22 11:57:29,2020,6,22,40.545881,-74.621717,https://www.inaturalist.org/observations/50585035,NA,NA,
Tripsacum dactyloides,New Jersey,2022-07-08 10:03:38,2022,7,8,40.544806,-74.625889,https://www.inaturalist.org/observations/125302479,NA,NA,
Tripsacum dactyloides,New Jersey,2022-07-07 6:41:02,2022,7,7,40.87345,-73.978058,https://www.inaturalist.org/observations/125155909,NA,NA,
Tripsacum dactyloides,New Jersey,2022-07-08 17:46,2022,7,8,40.319019,-74.647795,https://www.inaturalist.org/observations/125363783,NA,NA,
Tripsacum dactyloides,New Jersey,2022-06-26 11:25:53,2022,6,26,40.873458,-73.967063,https://www.inaturalist.org/observations/123619555,NA,NA,
Tripsacum dactyloides,New Jersey,2021-07-08 7:13:34,2021,7,8,40.86975,-73.974542,https://www.inaturalist.org/observations/86556899,NA,NA,
Tripsacum dactyloides,New Jersey,2021-10-22 16:41:15,2021,10,22,38.948511,-74.920973,https://www.inaturalist.org/observations/99051613,NA,NA,
Tripsacum dactyloides,New Jersey,2021-08-06 17:09:41,2021,8,6,39.685016,-74.208831,https://www.inaturalist.org/observations/90189225,NA,NA,
Tripsacum dactyloides,New Jersey,2020-09-07 15:35:30,2020,9,7,40.873539,-73.967116,https://www.inaturalist.org/observations/58872552,NA,NA,
Tripsacum dactyloides,New Jersey,2020-07-09 18:47,2020,7,9,40.743204,-74.550649,https://www.inaturalist.org/observations/93463173,NA,NA,
Tripsacum dactyloides,New Jersey,2021-07-31 17:35:05,2021,7,31,40.873447,-73.967072,https://www.inaturalist.org/observations/89388686,NA,NA,
Tripsacum dactyloides,New Jersey,2017-08-09 13:38:32,2017,8,9,40.419008,-74.119103,https://www.inaturalist.org/observations/7425375,NA,NA,
Tripsacum dactyloides,New Jersey,2017-07-15 20:08:06,2017,7,15,40.431152,-74.095556,https://www.inaturalist.org/observations/7070608,NA,NA,
Tripsacum dactyloides,New Jersey,2018-06-24 9:52,2018,6,24,40.548669,-74.626292,https://www.inaturalist.org/observations/13760824,NA,NA,
Tripsacum dactyloides,New Jersey,2018-06-24 13:27:04,2018,6,24,40.464957,-74.656133,https://www.inaturalist.org/observations/13750923,NA,NA,
Tripsacum dactyloides,New Jersey,2024-07-14 11:38:31,2024,7,14,39.700113,-74.211853,https://www.inaturalist.org/observations/229293977,NA,NA,
Tripsacum dactyloides,Connecticut,2025-09-22 14:45:11,2025,9,22,41.034767,-73.544687,https://www.inaturalist.org/observations/315925573,NA,NA,
Tripsacum dactyloides,Connecticut,2025-07-13 18:11:29,2025,7,13,41.121853,-73.486467,https://www.inaturalist.org/observations/297746867,NA,NA,
Tripsacum dactyloides,Connecticut,2025-07-13 18:07:20,2025,7,13,41.12165,-73.486733,https://www.inaturalist.org/observations/297746225,NA,NA,
Tripsacum dactyloides,Connecticut,2025-06-13 17:33:16,2025,6,13,41.827075,-72.446158,https://www.inaturalist.org/observations/290027043,NA,NA,
Tripsacum dactyloides,Connecticut,2024-09-27 16:05,2024,9,27,41.277386,-72.860528,https://www.inaturalist.org/observations/277839410,NA,NA,
Tripsacum dactyloides,Connecticut,2024-09-27 16:06,2024,9,27,41.277369,-72.860528,https://www.inaturalist.org/observations/277839415,NA,NA,
Tripsacum dactyloides,Connecticut,2013-07-19 17:53,2013,7,19,41.679755,-71.887122,https://www.inaturalist.org/observations/231483080,NA,NA,
Tripsacum dactyloides,Connecticut,2024-08-14 18:17:42,2024,8,14,41.470558,-72.454171,https://www.inaturalist.org/observations/235806102,NA,NA,
Tripsacum dactyloides,Connecticut,2022-09-16 12:11,2022,9,16,41.255494,-72.544486,https://www.inaturalist.org/observations/137310087,NA,NA,
Tripsacum dactyloides,Connecticut,2021-07-15 10:11,2021,7,15,41.827232,-72.446469,https://www.inaturalist.org/observations/133696523,NA,NA,
Tripsacum dactyloides,Connecticut,2021-06-25 10:05,2021,6,25,41.827201,-72.446434,https://www.inaturalist.org/observations/133696524,NA,NA,
Tripsacum dactyloides,Connecticut,2021-06-25 10:07,2021,6,25,41.827201,-72.446434,https://www.inaturalist.org/observations/133696527,NA,NA,
Tripsacum dactyloides,Connecticut,2020-09-01 10:41,2020,9,1,41.28065,-72.690843,https://www.inaturalist.org/observations/63668236,NA,NA,
Tripsacum dactyloides,Connecticut,2021-08-02 9:18:27,2021,8,2,41.270584,-72.686932,https://www.inaturalist.org/observations/89631052,NA,NA,
Tripsacum dactyloides,Connecticut,2021-08-21 10:22:54,2021,8,21,41.271557,-72.687347,https://www.inaturalist.org/observations/92728346,NA,NA,
Tripsacum dactyloides,Connecticut,2021-06-30 12:21:09,2021,6,30,41.270669,-72.686344,https://www.inaturalist.org/observations/85102841,NA,NA,
Tripsacum dactyloides,Connecticut,2020-07-23 8:03:25,2020,7,23,41.270771,-72.686002,https://www.inaturalist.org/observations/54043224,NA,NA,
Tripsacum dactyloides,Connecticut,2016-09-10 7:55,2016,9,10,41.317957,-72.063311,https://www.inaturalist.org/observations/4084891,NA,NA,
Tripsacum dactyloides,Ohio,2025-06-23 7:22:39,2025,6,23,38.951783,-82.619737,https://www.inaturalist.org/observations/292341531,NA,NA,
Tripsacum dactyloides,Ohio,2025-07-29 19:55:35,2025,7,29,41.516872,-81.573067,https://www.inaturalist.org/observations/302238423,NA,NA,
Tripsacum dactyloides,Ohio,2024-06-20 8:00:48,2024,6,20,40.157537,-84.749829,https://www.inaturalist.org/observations/223973692,NA,NA,
Tripsacum dactyloides,Ohio,2024-08-20 13:21:34,2024,8,20,41.693355,-80.642447,https://www.inaturalist.org/observations/236945834,NA,NA,
Tripsacum dactyloides,Ohio,2024-06-25 13:52:02,2024,6,25,40.309078,-83.071792,https://www.inaturalist.org/observations/225144283,NA,NA,
Tripsacum dactyloides,Ohio,2022-09-21 9:35:58,2022,9,21,40.938396,-81.681052,https://www.inaturalist.org/observations/135951595,NA,NA,
Tripsacum dactyloides,Ohio,2022-09-04 17:56:45,2022,9,4,39.531896,-82.203128,https://www.inaturalist.org/observations/133714528,NA,NA,
Tripsacum dactyloides,Ohio,2019-06-07 19:39,2019,6,7,39.601043,-82.630991,https://www.inaturalist.org/observations/26648819,NA,NA,
Tripsacum dactyloides,Ohio,2020-06-22 11:13:02,2020,6,22,40.762786,-84.309984,https://www.inaturalist.org/observations/50556690,NA,NA,
Tripsacum dactyloides,Ohio,2021-07-10 15:19:12,2021,7,10,39.597296,-82.630833,https://www.inaturalist.org/observations/86747134,NA,NA,
Tripsacum dactyloides,Ohio,2021-07-12 17:51:39,2021,7,12,39.575608,-84.146434,https://www.inaturalist.org/observations/86803712,NA,NA,
Tripsacum dactyloides,Ohio,2020-10-26 18:20:44,2020,10,26,39.319495,-84.78315,https://www.inaturalist.org/observations/63597934,NA,NA,
Tripsacum dactyloides,Ohio,2021-08-29 11:41:36,2021,8,29,41.665887,-80.790827,https://www.inaturalist.org/observations/92982193,NA,NA,
Tripsacum dactyloides,Ohio,2021-07-17 20:01:52,2021,7,17,39.500382,-84.051797,https://www.inaturalist.org/observations/87480485,NA,NA,
Tripsacum dactyloides,Ohio,2021-08-29 11:41:39,2021,8,29,41.700204,-80.651657,https://www.inaturalist.org/observations/93089021,NA,NA,
Tripsacum dactyloides,Ohio,2021-08-17 16:43,2021,8,17,39.479917,-84.061972,https://www.inaturalist.org/observations/91591037,NA,NA,
Tripsacum dactyloides,Ohio,6/18/17,2017,6,18,39.613286,-82.659376,https://www.inaturalist.org/observations/6744278,NA,NA,
Tripsacum dactyloides,Ohio,2015-05-30 11:30:21,2015,5,30,39.178219,-84.758722,https://www.inaturalist.org/observations/1563983,NA,NA,
Tripsacum dactyloides,Distrito Federal,2024-07-23 10:16:46,2024,7,23,19.317825,-99.184511,https://www.inaturalist.org/observations/231247142,NA,NA,
Tripsacum dactyloides,Distrito Federal,2019-09-03 11:25:51,2019,9,3,19.308006,-99.182966,https://www.inaturalist.org/observations/32057432,NA,NA,
Tripsacum dactyloides,Distrito Federal,2022-10-10 17:04,2022,10,10,19.259144,-99.137192,https://www.inaturalist.org/observations/143851107,NA,NA,
Tripsacum dactyloides,Distrito Federal,2018-10-23 8:35,2018,10,23,19.293997,-99.201626,https://www.inaturalist.org/observations/17777215,NA,NA,
Tripsacum dactyloides,Distrito Federal,2022-07-31 15:02:34,2022,7,31,19.289233,-99.21198,https://www.inaturalist.org/observations/128857808,NA,NA,
Tripsacum dactyloides,Distrito Federal,2022-07-31 16:09:45,2022,7,31,19.408053,-99.217089,https://www.inaturalist.org/observations/128870675,NA,NA,
Tripsacum dactyloides,Distrito Federal,2022-03-14T14:35Z,2022,3,14,19.258567,-99.137,https://www.inaturalist.org/observations/109906221,NA,NA,
Tripsacum dactyloides,Distrito Federal,2021-07-28 12:39:21,2021,7,28,19.324708,-99.182122,https://www.inaturalist.org/observations/89058553,NA,NA,
Tripsacum dactyloides,Distrito Federal,2021-08-07T17:33Z,2021,8,7,19.251806,-99.140342,https://www.inaturalist.org/observations/95937525,NA,NA,
Tripsacum dactyloides,Distrito Federal,2021-07-14T17:36Z,2021,7,14,19.251956,-99.140617,https://www.inaturalist.org/observations/91891620,NA,NA,
Tripsacum dactyloides,Distrito Federal,2018-09-24 13:35,2018,9,24,19.315168,-99.193913,https://www.inaturalist.org/observations/16888727,NA,NA,
Tripsacum dactyloides,Distrito Federal,2017-07-06 10:23:10,2017,7,6,19.300118,-99.184465,https://www.inaturalist.org/observations/7483759,NA,NA,
Tripsacum dactyloides,Distrito Federal,2018-07-21 15:57,2018,7,21,19.31222,-99.186051,https://www.inaturalist.org/observations/64807260,NA,NA,
Tripsacum dactyloides,Distrito Federal,2017-07-20 13:57,2017,7,20,19.313256,-99.181433,https://www.inaturalist.org/observations/13198247,NA,NA,
Tripsacum dactyloides,Indiana,2025-09-22 15:03:56,2025,9,22,39.069892,-86.453923,https://www.inaturalist.org/observations/315960048,NA,NA,
Tripsacum dactyloides,Indiana,2025-06-29 17:14:31,2025,6,29,39.361659,-87.422416,https://www.inaturalist.org/observations/293898281,NA,NA,
Tripsacum dactyloides,Indiana,2025-09-18 12:08:19,2025,9,18,38.260363,-87.291472,https://www.inaturalist.org/observations/314891688,NA,NA,
Tripsacum dactyloides,Indiana,2025-07-29 11:26:31,2025,7,29,39.176282,-86.505705,https://www.inaturalist.org/observations/309502724,NA,NA,
Tripsacum dactyloides,Indiana,2023-06-05 12:38:14,2023,6,5,39.916149,-86.185031,https://www.inaturalist.org/observations/165785921,NA,NA,
Tripsacum dactyloides,Indiana,2022-07-09 10:28:08,2022,7,9,39.91712,-86.184994,https://www.inaturalist.org/observations/125516813,NA,NA,
Tripsacum dactyloides,Indiana,2022-07-09 11:24:27,2022,7,9,39.917568,-86.185952,https://www.inaturalist.org/observations/125457786,NA,NA,
Tripsacum dactyloides,Indiana,2017-06-24 6:39,2017,6,24,39.917558,-86.185405,https://www.inaturalist.org/observations/6846526,NA,NA,
Tripsacum dactyloides,Indiana,2021-09-08 16:33:09,2021,9,8,40.368435,-86.87384,https://www.inaturalist.org/observations/94143974,NA,NA,
Tripsacum dactyloides,Indiana,2021-09-08 16:32:36,2021,9,8,40.368328,-86.873299,https://www.inaturalist.org/observations/94143922,NA,NA,
Tripsacum dactyloides,Indiana,2021-06-07 9:46:14,2021,6,7,41.330181,-85.528885,https://www.inaturalist.org/observations/82019627,NA,NA,
Tripsacum dactyloides,Indiana,2017-06-23 15:30,2017,6,23,39.917558,-86.185405,https://www.inaturalist.org/observations/6769071,NA,NA,
Tripsacum dactyloides,Indiana,2020-08-06 17:16:42,2020,8,6,38.370771,-86.339366,https://www.inaturalist.org/observations/55822809,NA,NA,
Tripsacum dactyloides,Iowa,2025-08-04 8:50:15,2025,8,4,41.298378,-93.58033,https://www.inaturalist.org/observations/303828760,NA,NA,
Tripsacum dactyloides,Iowa,2025-06-11 12:47:54,2025,6,11,41.298724,-93.579506,https://www.inaturalist.org/observations/289687705,NA,NA,
Tripsacum dactyloides,Iowa,2024-06-22 8:40:14,2024,6,22,41.299138,-93.579772,https://www.inaturalist.org/observations/224387909,NA,NA,
Tripsacum dactyloides,Iowa,2024-06-19 19:02:47,2024,6,19,41.434253,-91.123135,https://www.inaturalist.org/observations/223881548,NA,NA,
Tripsacum dactyloides,Iowa,2023-08-26 14:59,2023,8,26,41.601159,-94.23551,https://www.inaturalist.org/observations/180564867,NA,NA,
Tripsacum dactyloides,Iowa,2022-09-11 18:37:58,2022,9,11,41.199662,-93.951425,https://www.inaturalist.org/observations/134671390,NA,NA,
Tripsacum dactyloides,Iowa,2022-07-27 8:30:15,2022,7,27,41.570545,-90.563469,https://www.inaturalist.org/observations/128137922,NA,NA,
Tripsacum dactyloides,Iowa,2020-07-03 10:02:07,2020,7,3,41.68033,-91.58318,https://www.inaturalist.org/observations/51799060,NA,NA,
Tripsacum dactyloides,Iowa,2020-07-08 6:46:54,2020,7,8,40.797015,-94.544342,https://www.inaturalist.org/observations/53008354,NA,NA,
Tripsacum dactyloides,Massachusetts,2025-08-09 16:33,2025,8,9,42.341374,-71.426919,https://www.inaturalist.org/observations/305100897,NA,NA,
Tripsacum dactyloides,Massachusetts,2023-10-11 16:29:19,2023,10,11,41.462847,-70.432601,https://www.inaturalist.org/observations/187169261,NA,NA,
Tripsacum dactyloides,Massachusetts,2022-09-16 9:43:45,2022,9,16,41.302816,-70.112549,https://www.inaturalist.org/observations/135654920,NA,NA,
Tripsacum dactyloides,Massachusetts,2022-09-16 10:11:14,2022,9,16,41.305704,-70.176464,https://www.inaturalist.org/observations/135250362,NA,NA,
Tripsacum dactyloides,Massachusetts,2022-07-20 15:30:35,2022,7,20,42.056175,-72.26483,https://www.inaturalist.org/observations/127312007,NA,NA,
Tripsacum dactyloides,Massachusetts,2020-07-10 9:55,2020,7,10,42.388788,-71.279997,https://www.inaturalist.org/observations/52590214,NA,NA,
Tripsacum dactyloides,Massachusetts,2021-09-10 15:20:51,2021,9,10,41.294297,-70.045325,https://www.inaturalist.org/observations/94676314,NA,NA,
Tripsacum dactyloides,Massachusetts,2021-07-08 11:41:44,2021,7,8,41.425147,-71.169586,https://www.inaturalist.org/observations/86169399,NA,NA,
Tripsacum dactyloides,Massachusetts,2021-07-08 11:41:27,2021,7,8,41.519928,-71.04724,https://www.inaturalist.org/observations/86169407,NA,NA,
Tripsacum dactyloides,Rhode Island,2025-07-27 10:12:48,2025,7,27,41.681208,-71.299967,https://www.inaturalist.org/observations/301518824,NA,NA,
Tripsacum dactyloides,Rhode Island,2023-10-12 10:50:52,2023,10,12,41.724024,-71.261274,https://www.inaturalist.org/observations/187249194,NA,NA,
Tripsacum dactyloides,Rhode Island,2023-09-14 11:52,2023,9,14,41.562211,-71.305242,https://www.inaturalist.org/observations/195589278,NA,NA,
Tripsacum dactyloides,Rhode Island,2023-09-05 9:48:31,2023,9,5,41.489587,-71.525053,https://www.inaturalist.org/observations/181936269,NA,NA,
Tripsacum dactyloides,Rhode Island,2021-06-27 18:26,2021,6,27,41.329311,-71.840042,https://www.inaturalist.org/observations/150634301,NA,NA,
Tripsacum dactyloides,Rhode Island,2020-09-23 19:59:48,2020,9,23,41.49076,-71.541726,https://www.inaturalist.org/observations/60545404,NA,NA,
Tripsacum dactyloides,Rhode Island,2020-07-03 18:51:50,2020,7,3,41.705108,-71.239005,https://www.inaturalist.org/observations/51856365,NA,NA,
Tripsacum dactyloides,Rhode Island,2020-06-28 11:30:53,2020,6,28,41.440122,-71.619777,https://www.inaturalist.org/observations/51234728,NA,NA,
Tripsacum dactyloides,Rhode Island,2025-07-18 13:51,2025,7,18,41.678292,-71.289506,https://www.inaturalist.org/observations/330534985,NA,NA,
Tripsacum dactyloides,West Virginia,2024-08-30 13:07:28,2024,8,30,38.913905,-82.063539,https://www.inaturalist.org/observations/238808480,NA,NA,
Tripsacum dactyloides,West Virginia,2024-08-19 7:00:08,2024,8,19,39.517961,-80.094427,https://www.inaturalist.org/observations/236695291,NA,NA,
Tripsacum dactyloides,West Virginia,2024-06-04 10:21:11,2024,6,4,37.782817,-80.897786,https://www.inaturalist.org/observations/223255392,NA,NA,
Tripsacum dactyloides,West Virginia,2023-08-12 13:20:59,2023,8,12,39.517956,-80.09446,https://www.inaturalist.org/observations/178024418,NA,NA,
Tripsacum dactyloides,West Virginia,2023-09-03 14:21:24,2023,9,3,39.319303,-77.746944,https://www.inaturalist.org/observations/181988331,NA,NA,
Tripsacum dactyloides,West Virginia,2023-08-08 15:06:33,2023,8,8,37.96368,-81.023075,https://www.inaturalist.org/observations/177389655,NA,NA,
Tripsacum dactyloides,West Virginia,2022-07-17 10:56,2022,7,17,39.317412,-77.749189,https://www.inaturalist.org/observations/137216947,NA,NA,
Tripsacum dactyloides,West Virginia,2022-07-08 11:03:56,2022,7,8,39.887226,-80.790889,https://www.inaturalist.org/observations/125309570,NA,NA,
Tripsacum dactyloides,District of Columbia,2025-06-24 8:46,2025,6,24,38.91213,-76.965778,https://www.inaturalist.org/observations/292468821,NA,NA,
Tripsacum dactyloides,District of Columbia,2025-07-04 15:50:33,2025,7,4,38.908748,-76.9664,https://www.inaturalist.org/observations/295374129,NA,NA,
Tripsacum dactyloides,District of Columbia,2025-06-10 9:48:53,2025,6,10,38.89933,-76.965454,https://www.inaturalist.org/observations/288476847,NA,NA,
Tripsacum dactyloides,District of Columbia,2019-06-02 15:14:49,2019,6,2,38.878655,-76.975521,https://www.inaturalist.org/observations/26270259,NA,NA,
Tripsacum dactyloides,Jalisco,2013-10-26 18:58:04,2013,10,26,20.746061,-103.88667,https://www.inaturalist.org/observations/441359,NA,NA,
Tripsacum dactyloides,Jalisco,2020-09-13 10:02,2020,9,13,20.825693,-104.24056,https://www.inaturalist.org/observations/59551206,NA,NA,
Tripsacum dactyloides,Jalisco,2016-09-23 12:23,2016,9,23,20.658426,-103.457029,https://www.inaturalist.org/observations/4188506,NA,NA,
Tripsacum dactyloides,Jalisco,2018-07-27 14:42,2018,7,27,20.646105,-103.590183,https://www.inaturalist.org/observations/15009634,NA,NA,
Tripsacum dactyloides,Chihuahua,2024-08-22 11:29:12,2024,8,22,28.1702,-108.208723,https://www.inaturalist.org/observations/237411548,NA,NA,
Tripsacum dactyloides,Chihuahua,2021-09-26 12:22,2021,9,26,29.094671,-108.238235,https://www.inaturalist.org/observations/96367304,NA,NA,
Tripsacum dactyloides,Chihuahua,2020-10-25 9:05,2020,10,25,29.026937,-108.675419,https://www.inaturalist.org/observations/63675020,NA,NA,
Tripsacum dactyloides,Michigan,2024-08-20 10:15:03,2024,8,20,42.3027,-83.661462,https://www.inaturalist.org/observations/237086000,NA,NA,
Tripsacum dactyloides,Michigan,2021-08-11 9:29:02,2021,8,11,42.302697,-83.661427,https://www.inaturalist.org/observations/90771500,NA,NA,
Tripsacum dactyloides,Michigan,2021-07-13 13:57:54,2021,7,13,42.296716,-83.674729,https://www.inaturalist.org/observations/86882020,NA,NA,
Tripsacum dactyloides,Ontario,2025-07-22 12:40:05,2025,7,22,42.640342,-80.573997,https://www.inaturalist.org/observations/301710827,NA,NA,
Tripsacum dactyloides,Ontario,2025-07-20 15:36,2025,7,20,43.911541,-79.453549,https://www.inaturalist.org/observations/299695245,NA,NA,
Tripsacum dactyloides,Ontario,2023-09-01 11:09,2023,9,1,43.573245,-79.900575,https://www.inaturalist.org/observations/184292664,NA,NA,
Tripsacum dactyloides,Durango,2023-09-13 17:20:19,2023,9,13,23.724445,-104.148987,https://www.inaturalist.org/observations/183520576,NA,NA,
Tripsacum dactyloides,Durango,2014-11-05 10:25,2014,11,5,23.392249,-104.30245,https://www.inaturalist.org/observations/7894187,NA,NA,
Tripsacum dactyloides,Michoac�����n,2022-09-27 16:54:03,2022,9,27,19.67783,-101.153039,https://www.inaturalist.org/observations/136747675,NA,NA,
Tripsacum dactyloides,Michoac�����n,2022-08-21 13:21:07,2022,8,21,19.683602,-101.14798,https://www.inaturalist.org/observations/131822080,NA,NA,
Tripsacum dactyloides,Delaware,2021-06-04 10:24:40,2021,6,4,38.830652,-75.249005,https://www.inaturalist.org/observations/81561441,NA,NA,
Tripsacum dactyloides,Guanajuato,2018-08-10 13:25,2018,8,10,20.994261,-101.252323,https://www.inaturalist.org/observations/15975970,NA,NA,
Tripsacum dactyloides,Veracruz,2019-02-02 12:59,2019,2,2,18.110049,-94.360037,https://www.inaturalist.org/observations/20149358,NA,NA,